Date,equity_curve,daily_return,drawdown,signal_AUD,signal_CAD,signal_CHF,signal_EUR,signal_GBP,signal_JPY,signal_NZD
2010-01-01,1.0,0.0,0.0,0,0,0,0,0,0,0
2010-01-04,1.0,0.0,0.0,0,0,0,0,0,0,0
2010-01-05,1.0,0.0,0.0,0,0,0,0,0,0,0
2010-01-06,1.0,0.0,0.0,0,0,0,0,0,0,0
2010-01-07,1.0,0.0,0.0,0,0,0,0,0,0,0
2010-01-08,1.0,0.0,0.0,0,0,0,0,0,0,0
2010-01-11,1.0,0.0,0.0,0,0,0,0,0,0,0
2010-01-12,1.0,0.0,0.0,0,0,0,0,0,0,0
2010-01-13,1.0,0.0,0.0,0,0,0,0,0,0,0
2010-01-14,1.0,0.0,0.0,0,0,0,0,0,0,0
2010-01-15,1.0,0.0,0.0,0,0,0,0,0,0,0
2010-01-18,1.0,0.0,0.0,0,0,0,0,0,0,0
2010-01-19,1.0,0.0,0.0,0,0,0,0,0,0,0
2010-01-20,1.0,0.0,0.0,0,0,0,0,0,0,0
2010-01-21,1.0,0.0,0.0,0,0,0,0,0,0,0
2010-01-22,1.0,0.0,0.0,0,0,0,0,0,0,0
2010-01-25,1.0,0.0,0.0,0,0,0,0,0,0,0
2010-01-26,1.0,0.0,0.0,0,0,0,0,0,0,0
2010-01-27,1.0,0.0,0.0,0,0,0,0,0,0,0
2010-01-28,1.0,0.0,0.0,0,0,0,0,0,0,0
2010-01-29,1.0,0.0,0.0,0,0,0,0,0,0,0
2010-02-01,1.0,0.0,0.0,0,0,0,0,0,0,0
2010-02-02,1.0,0.0,0.0,0,0,0,0,0,0,0
2010-02-03,1.0,0.0,0.0,0,0,0,0,0,0,0
2010-02-04,1.0,0.0,0.0,0,0,0,0,0,0,0
2010-02-05,1.0,0.0,0.0,0,0,0,0,0,0,0
2010-02-08,1.0,0.0,0.0,0,0,0,0,0,0,0
2010-02-09,1.0,0.0,0.0,0,0,0,0,0,0,0
2010-02-10,1.0,0.0,0.0,0,0,0,0,0,0,0
2010-02-11,1.0,0.0,0.0,0,0,0,0,0,0,0
2010-02-12,1.0,0.0,0.0,0,0,0,0,0,0,0
2010-02-15,1.0,0.0,0.0,0,0,0,0,0,0,0
2010-02-16,1.0,0.0,0.0,0,0,0,0,0,0,0
2010-02-17,1.0,0.0,0.0,0,0,0,0,0,0,0
2010-02-18,1.0,0.0,0.0,0,0,0,0,0,0,0
2010-02-19,1.0,0.0,0.0,0,0,0,0,0,0,0
2010-02-22,1.0,0.0,0.0,0,0,0,0,0,0,0
2010-02-23,1.0,0.0,0.0,0,0,0,0,0,0,0
2010-02-24,1.0,0.0,0.0,0,0,0,0,0,0,0
2010-02-25,1.0,0.0,0.0,0,0,0,0,0,0,0
2010-02-26,1.0,0.0,0.0,0,0,0,0,0,0,0
2010-03-01,1.0,0.0,0.0,0,0,0,0,0,0,0
2010-03-02,1.0,0.0,0.0,0,0,0,0,0,0,0
2010-03-03,1.0,0.0,0.0,0,0,0,0,0,0,0
2010-03-04,1.0,0.0,0.0,0,0,0,0,0,0,0
2010-03-05,1.0,0.0,0.0,0,0,0,0,0,0,0
2010-03-08,1.0,0.0,0.0,0,0,0,0,0,0,0
2010-03-09,1.0,0.0,0.0,0,0,0,0,0,0,0
2010-03-10,1.0,0.0,0.0,0,0,0,0,0,0,0
2010-03-11,1.0,0.0,0.0,0,0,0,0,0,0,0
2010-03-12,1.0,0.0,0.0,0,0,0,0,0,0,0
2010-03-15,1.0,0.0,0.0,0,0,0,0,0,0,0
2010-03-16,1.0,0.0,0.0,0,0,0,0,0,0,0
2010-03-17,1.0,0.0,0.0,0,0,0,0,0,0,0
2010-03-18,1.0,0.0,0.0,0,0,0,0,0,0,0
2010-03-19,1.0,0.0,0.0,0,0,0,0,0,0,0
2010-03-22,1.0,0.0,0.0,0,0,0,0,0,0,0
2010-03-23,1.0,0.0,0.0,0,0,0,0,0,0,0
2010-03-24,1.0,0.0,0.0,0,0,0,0,0,0,0
2010-03-25,1.0,0.0,0.0,0,0,0,0,0,0,0
2010-03-26,1.0,0.0,0.0,1,1,0,-1,-1,0,0
2010-03-29,1.0018937698107977,0.0018937698107975853,0.0,1,1,0,-1,-1,0,0
2010-03-30,1.0025110928353378,0.0006161561665931348,0.0,1,1,0,-1,-1,0,0
2010-03-31,0.9991090521947316,-0.0033935191988594404,-0.33935191988593927,1,1,0,-1,-1,0,0
2010-04-01,0.9991125786206371,3.529570568649998e-06,-0.33900016059562205,1,1,0,-1,-1,0,0
2010-04-02,1.0011582653431697,0.0020475037211088454,-0.13494389257499637,1,1,0,-1,-1,0,0
2010-04-05,1.0024239056418427,0.0012641760473696417,-0.008696880674757568,1,1,0,-1,-1,0,0
2010-04-06,1.006620416734239,0.0041863637417038635,0.0,1,1,0,-1,-1,0,0
2010-04-07,1.007085146760156,0.00046167355459053594,0.0,1,1,0,-1,-1,0,0
2010-04-08,1.0073894034839646,0.0003021161862900579,0.0,1,1,0,-1,-1,0,0
2010-04-09,1.0043184449088047,-0.0030484324775891802,-0.30484324775892924,1,1,0,-1,-1,0,0
2010-04-12,1.0005231562089834,-0.0037789694285321196,-0.6815881972983739,1,1,0,-1,-1,0,0
2010-04-13,1.0009262827846488,0.00040291578776952,-0.641571241166886,1,1,0,-1,-1,0,0
2010-04-14,1.00144963129765,0.0005228641929005962,-0.5896202765060287,1,1,0,-1,-1,0,0
2010-04-15,1.0016227378083438,0.00017285593332305726,-0.5724366025369432,1,1,0,-1,-1,0,0
2010-04-16,0.9992945453002093,-0.00232442058297197,-0.8035480774127548,1,1,0,-1,-1,0,0
2010-04-19,0.9999538150682983,0.0006597351813732166,-0.7381046882120227,1,1,0,-1,-1,0,0
2010-04-20,1.0061963335294717,0.006242806784778482,-0.11843185468963054,1,1,0,-1,-1,0,0
2010-04-21,1.0049278302206008,-0.001260691642973183,-0.24435171293747854,1,1,0,-1,-1,0,0
2010-04-22,1.0066787525042689,0.001742336345967821,-0.07054382121133804,1,1,0,-1,-1,0,0
2010-04-23,1.0056234633048626,-0.0010482879436772286,-0.17529866534178123,1,1,0,-1,-1,-1,0
2010-04-26,1.0038745983131512,-0.0017390853092905446,-0.3489023369372101,1,1,0,0,-1,-1,0
2010-04-27,0.998545392244296,-0.005308637231991015,-0.8779138642001192,1,1,0,0,-1,-1,0
2010-04-28,1.0049999522570898,0.006463962542841317,-0.23719241225002252,1,1,0,0,-1,-1,0
2010-04-29,1.0058441670432008,0.0008400147524535162,-0.15339018213013803,1,1,0,0,-1,-1,0
2010-04-30,1.0011833496934073,-0.004633737016633915,-0.6160531140286173,1,1,0,0,-1,-1,0
2010-05-03,1.0066335461739628,0.0054437546152005245,-0.07503129449125172,1,1,0,0,-1,-1,0
2010-05-04,1.0005775677208966,-0.00601607057114667,-0.6761869580432226,1,1,0,0,-1,-1,0
2010-05-05,0.9964152723817288,-0.004159892719410585,-1.0893633647805645,1,1,0,0,-1,-1,0
2010-05-06,0.9816655334678666,-0.014802802930354492,-2.5535180266076187,1,1,0,0,-1,-1,0
2010-05-07,0.9875452192133329,0.005989500033372563,-1.9698623195759564,1,1,0,0,-1,-1,0
2010-05-10,0.9988384275481873,0.011435636682895906,-0.8488252810883733,1,1,0,0,-1,-1,0
2010-05-11,0.9945285995709513,-0.004314839976486601,-1.2766467334811478,1,1,0,0,-1,-1,0
2010-05-12,0.9985535017559545,0.004047045189790821,-0.8771088615238471,1,1,0,0,-1,-1,0
2010-05-13,1.0007065973285076,0.002156214533089146,-0.6633786430892596,1,1,0,0,-1,-1,0
2010-05-14,0.9951721698987986,-0.005530519579348997,-1.2127617724500297,1,1,0,0,-1,-1,0
2010-05-17,0.9945354849809345,-0.0006397736362833972,-1.2759632430692616,1,1,0,0,-1,-1,0
2010-05-18,0.9896207163559555,-0.004941773017855783,-1.763835024128472,1,1,0,0,-1,-1,0
2010-05-19,0.9818317141984407,-0.007870694326404054,-2.53702185045176,1,1,0,0,-1,-1,0
2010-05-20,0.9607551884872269,-0.021466535870070746,-4.629214366902958,1,1,0,0,-1,-1,0
2010-05-21,0.9688974541077404,0.00847485989988156,-3.8209603201208218,-1,1,0,-1,-1,1,0
2010-05-24,0.9738038780966751,0.00506392494699337,-3.3339168817080016,-1,1,0,-1,0,1,0
2010-05-25,0.9714092704976599,-0.0024590245047036996,-3.571621148869606,-1,1,0,-1,0,1,0
2010-05-26,0.9758887143947622,0.004611283866796406,-3.1269625211720586,-1,1,0,-1,0,1,0
2010-05-27,0.9683510755025926,-0.007723871360521273,-3.875197400961482,-1,1,0,-1,0,1,0
2010-05-28,0.9682968557411666,-5.599184303878291e-05,-3.880579605820737,-1,1,0,-1,0,1,0
2010-05-31,0.9704119080846721,0.0021843015713261804,-3.670625804818782,-1,1,0,-1,0,1,0
2010-06-01,0.9731120535656616,0.0027824735645698706,-3.402591867629132,-1,1,0,-1,0,1,0
2010-06-02,0.971110442435392,-0.0020569174155588843,-3.6012847587144603,-1,1,0,-1,0,1,0
2010-06-03,0.9705547351077393,-0.0005722390609445849,-3.6564478690004023,-1,1,0,-1,0,1,0
2010-06-04,0.9771465590075696,0.006791810560893952,-3.0021007141630425,-1,1,0,-1,0,1,0
2010-06-07,0.98333664208233,0.006334856340329542,-2.3876329568735097,-1,1,0,-1,0,1,0
2010-06-08,0.9808210881807977,-0.002558181800492332,-2.6373431377462118,-1,1,0,-1,0,1,0
2010-06-09,0.9805812133038964,-0.0002445653746559473,-2.6611546723992237,-1,1,0,-1,0,1,0
2010-06-10,0.9760126295314693,-0.004659057006644096,-3.1146619017414277,-1,1,0,-1,0,1,0
2010-06-11,0.9738604041994756,-0.0022051203712669387,-3.3283057344589833,-1,1,0,-1,0,1,0
2010-06-14,0.9693606561994106,-0.00462052670039903,-3.7749798789857234,-1,1,0,-1,0,1,0
2010-06-15,0.9679108859185891,-0.0014955943090423918,-3.9188934714662076,-1,1,0,-1,0,1,0
2010-06-16,0.9685843643713957,0.0006958062592379022,-3.852039636149153,-1,1,0,-1,0,1,0
2010-06-17,0.9666844012255495,-0.001961587669319087,-4.040642289629061,-1,1,0,-1,0,1,0
2010-06-18,0.9673285870850163,0.0006663869393672694,-3.9766962269407955,-1,1,-1,-1,0,1,1
2010-06-21,0.9673964331605631,7.013756902537101e-05,-3.9699613858443805,0,0,-1,-1,0,1,1
2010-06-22,0.967647447784602,0.00025947441548737626,-3.945044047705746,0,0,-1,-1,0,1,1
2010-06-23,0.9703401520571137,0.002782732780080732,-3.6777487730880862,0,0,-1,-1,0,1,1
2010-06-24,0.9686706828350776,-0.0017204989595626108,-3.8434711061067106,0,0,-1,-1,0,1,1
2010-06-25,0.969173921876964,0.0005195150950718652,-3.793516337856616,0,0,-1,-1,0,1,1
2010-06-28,0.9665747216670466,-0.002681871799525559,-4.051529793321637,0,0,-1,-1,0,1,1
2010-06-29,0.9644437129299648,-0.0022047014983037627,-4.26306752934625,0,0,-1,-1,0,1,1
2010-06-30,0.9608429396051998,-0.0037335235602561356,-4.620503622312087,0,0,-1,-1,0,1,1
2010-07-01,0.9559959561037696,-0.005044511752796743,-5.101646612765168,0,0,-1,-1,0,1,1
2010-07-02,0.9534530170998591,-0.002659989289363174,-5.354075216353417,0,0,-1,-1,0,1,1
2010-07-05,0.9544223214349528,0.0010166251694730954,-5.257855787030314,0,0,-1,-1,0,1,1
2010-07-06,0.9542047901015046,-0.00022791936919613898,-5.279449356775622,0,0,-1,-1,0,1,1
2010-07-07,0.9555198051150615,0.0013781266109731682,-5.148912445328167,0,0,-1,-1,0,1,1
2010-07-08,0.9536952244070138,-0.0019095163682431027,-5.330032149559475,0,0,-1,-1,0,1,1
2010-07-09,0.9568049289489015,0.003260690063558974,-5.021342726072092,0,0,-1,-1,0,1,1
2010-07-12,0.9585222890136319,0.0017948904868383408,-4.850866437678437,0,0,-1,-1,0,1,1
2010-07-13,0.9561552386689157,-0.0024694786671596303,-5.085835193209313,0,0,-1,-1,0,1,1
2010-07-14,0.9580329936547853,0.001963859956970626,-4.899437065595942,0,0,-1,-1,0,1,1
2010-07-15,0.9557034448355405,-0.002431595607535253,-5.130683176701371,0,0,-1,-1,0,1,1
2010-07-16,0.9550295218124041,-0.0007051591440609961,-5.197581142950143,-1,-1,1,-1,0,1,1
2010-07-19,0.952791550603155,-0.0023433529101822468,-5.4197366670711284,-1,-1,1,0,0,1,0
2010-07-20,0.9455850274767574,-0.0075635884069663595,-6.1351028503439,-1,-1,1,0,0,1,0
2010-07-21,0.9495142236962767,0.0041553071435617706,-5.745065372688239,-1,-1,1,0,0,1,0
2010-07-22,0.9430570893528654,-0.0068004608907015485,-6.3860423693769,-1,-1,1,0,0,1,0
2010-07-23,0.939086932242617,-0.004209879926752591,-6.7801458904699325,-1,-1,1,0,0,1,0
2010-07-26,0.9390037499601979,-8.857782976540163e-05,-6.788403102838002,-1,-1,1,0,0,1,0
2010-07-27,0.9350805922360677,-0.004178000060485965,-7.177841160312334,-1,-1,1,0,0,1,0
2010-07-28,0.9397758136783944,0.005021194409670082,-6.711763055252988,-1,-1,1,0,0,1,0
2010-07-29,0.9425182330955755,0.002918163435646326,-6.439532733224912,-1,-1,1,0,0,1,0
2010-07-30,0.9410549439443264,-0.0015525313992527379,-6.584788296385334,-1,-1,1,0,0,1,0
2010-08-02,0.9372790400770522,-0.004012415950388565,-6.959608981833841,-1,-1,1,0,0,1,0
2010-08-03,0.9396186852712649,0.00249620987365759,-6.727360639125325,-1,-1,1,0,0,1,0
2010-08-04,0.9396760295202545,6.102927697010374e-05,-6.721668277384047,-1,-1,1,0,0,1,0
2010-08-05,0.93285222115015,-0.007261873407144848,-7.399043713983342,-1,-1,1,0,0,1,0
2010-08-06,0.9359044825655314,0.0032719667126033525,-7.096056467460257,-1,-1,1,0,0,1,0
2010-08-09,0.9408851201678429,0.0053217370950701115,-6.601646104884831,-1,-1,1,0,0,1,0
2010-08-10,0.9373516217879496,-0.0037555045819652744,-6.9524040508859475,-1,-1,1,0,0,1,0
2010-08-11,0.9403744953362411,0.003224908858135256,-6.652334034481456,-1,-1,1,0,0,1,0
2010-08-12,0.9470138302108102,0.007060309384715108,-5.99327063242386,-1,-1,1,0,0,1,0
2010-08-13,0.9445271789397475,-0.0026257813684824327,-6.240111750909212,1,-1,1,-1,0,1,0
2010-08-16,0.944266351773409,-0.00027614575012147036,-6.266003145581064,1,-1,1,-1,0,0,0
2010-08-17,0.9471051789651896,0.0030063839365334633,-5.984202763130861,1,-1,1,-1,0,0,0
2010-08-18,0.9448367820307055,-0.0023950845005013544,-6.209378541895167,1,-1,1,-1,0,0,0
2010-08-19,0.9426111227213718,-0.002355601889831388,-6.430311907050338,1,-1,1,-1,0,0,0
2010-08-20,0.9466325293583321,0.004266241443608515,-6.031121025842673,1,-1,1,-1,0,0,0
2010-08-23,0.9489962307469892,0.002496957705710179,-5.7964847093912075,1,-1,1,-1,0,0,0
2010-08-24,0.9505062699548728,0.0015911962123336676,-5.646588432672277,1,-1,1,-1,0,0,0
2010-08-25,0.9526009749803938,0.002203778230332465,-5.438654438302607,1,-1,1,-1,0,0,0
2010-08-26,0.9527950648605393,0.0002037473036908266,-5.419387819111028,1,-1,1,-1,0,0,0
2010-08-27,0.9527970599568312,2.093940623115742e-06,-5.41918977292502,1,-1,1,-1,0,0,0
2010-08-30,0.9536578685369292,0.0009034542782248023,-5.333740335287396,1,-1,1,-1,0,0,0
2010-08-31,0.955761540902654,0.0022058983993411274,-5.124916184621391,1,-1,1,-1,0,0,0
2010-09-01,0.9592659528766048,0.00366661748142863,-4.77704554375192,1,-1,1,-1,0,0,0
2010-09-02,0.9583379821867428,-0.0009673758221890039,-4.869161927610302,1,-1,1,-1,0,0,0
2010-09-03,0.9588083711939478,0.0004908383221248203,-4.822468066668527,1,-1,1,-1,0,0,0
2010-09-06,0.9551049769053207,-0.003862496824068723,-5.190090981483716,1,-1,1,-1,0,0,0
2010-09-07,0.956477979034294,0.0014375405449377487,-5.053797893207735,1,-1,1,-1,0,0,0
2010-09-08,0.9610457437078562,0.004775608820784538,-4.600371972926556,1,-1,1,-1,0,0,0
2010-09-09,0.9595253022660639,-0.0015820697940206463,-4.751300842788995,1,-1,1,-1,0,0,0
2010-09-10,0.9596709675203997,0.00015180970631170632,-4.736841165743353,1,-1,1,-1,0,1,0
2010-09-13,0.958657975610536,-0.0010555616916088305,-4.837397306830441,0,-1,1,-1,0,1,0
2010-09-14,0.9594353562868425,0.0008109051362260589,-4.760229463529925,0,-1,1,-1,0,1,0
2010-09-15,0.9617175111325401,0.002378643679059156,-4.533687985348302,0,-1,1,-1,0,1,0
2010-09-16,0.9518417559184873,-0.010268873239526272,-5.514019442071832,0,-1,1,-1,0,1,0
2010-09-17,0.9474209650388741,-0.004644459913767246,-5.952855791186119,0,-1,1,-1,0,1,0
2010-09-20,0.951220792228158,0.004010706253611385,-5.575660321773536,0,-1,1,-1,0,1,0
2010-09-21,0.9513380943894638,0.0001233174908119028,-5.564016149132836,0,-1,1,-1,0,1,0
2010-09-22,0.9504563207818253,-0.0009268772194016561,-5.651546711255982,0,-1,1,-1,0,1,0
2010-09-23,0.9533789217784232,0.0030749450897373243,-5.361430398091445,0,-1,1,-1,0,1,0
2010-09-24,0.9557179266524402,0.002453384295148686,-5.129245617714788,0,-1,1,-1,0,1,0
2010-09-27,0.9513220957462796,-0.004599506594542668,-5.56560427812535,0,-1,1,-1,0,1,0
2010-09-28,0.9532025189484316,0.0019766419917711664,-5.378941286073944,0,-1,1,-1,0,1,0
2010-09-29,0.9542292490767764,0.0010771374476409024,-5.277021400397759,0,-1,1,-1,0,1,0
2010-09-30,0.9538950643367902,-0.00035021431203199893,-5.310194743181642,0,-1,1,-1,0,1,0
2010-10-01,0.9526049683367145,-0.0013524506502952116,-5.438258031877552,0,-1,1,-1,0,1,0
2010-10-04,0.9499817754992723,-0.0027537047618199084,-5.698653151021162,0,-1,1,-1,0,1,0
2010-10-05,0.9529438209023574,0.0031180023443380667,-5.404621330471817,0,-1,1,-1,0,1,0
2010-10-06,0.9508250946238915,-0.0022233485668227693,-5.61493983006477,0,-1,1,-1,0,1,0
2010-10-07,0.9498435639964342,-0.0010322935658798604,-5.712372920393374,0,-1,1,-1,0,1,0
2010-10-08,0.9521024263291432,0.0023781414312110116,-5.488143607984793,1,-1,1,-1,-1,1,0
2010-10-11,0.9524659630544985,0.0003818252273097844,-5.452056596934447,1,-1,1,0,-1,0,0
2010-10-12,0.9521263794450465,-0.00035653096554019714,-5.485765866485779,1,-1,1,0,-1,0,0
2010-10-13,0.9550736464956304,0.0030954578238886754,-5.193201040968353,1,-1,1,0,-1,0,0
2010-10-14,0.9529211374709009,-0.0022537623487230984,-5.406873034865178,1,-1,1,0,-1,0,0
2010-10-15,0.9533587995090956,0.0004592846364562253,-5.363427864935743,1,-1,1,0,-1,0,0
2010-10-18,0.9534098471256692,5.3545020615441974e-05,-5.3583605477297995,1,-1,1,0,-1,0,0
2010-10-19,0.9556874770117056,0.002388930524373223,-5.132268246365557,1,-1,1,0,-1,0,0
2010-10-20,0.9547802028113487,-0.0009493419367531397,-5.2223301625639245,1,-1,1,0,-1,0,0
2010-10-21,0.9560253514776189,0.001304120741720316,-5.098728637477001,1,-1,1,0,-1,0,0
2010-10-22,0.9557314474436526,-0.0003074228455470229,-5.127903456365298,1,-1,1,0,-1,0,0
2010-10-25,0.9552017409490647,-0.0005542419850310676,-5.1804855554777065,1,-1,1,0,-1,0,0
2010-10-26,0.9559418706353151,0.0007748412241323499,-5.107015486833873,1,-1,1,0,-1,0,0
2010-10-27,0.9509564867811627,-0.0052151537737739895,-5.601896993122392,1,-1,1,0,-1,0,0
2010-10-28,0.9484606822132144,-0.002624520262116431,-5.849646727169304,1,-1,1,0,-1,0,0
2010-10-29,0.9484606822132144,0.0,-5.849646727169304,1,-1,1,0,-1,0,0
2010-11-01,0.94727501693331,-0.0012500942866052744,-5.967343545877539,1,-1,1,0,-1,0,0
2010-11-02,0.9439657133087287,-0.0034934982612490617,-6.2958464677006525,1,-1,1,0,-1,0,0
2010-11-03,0.9489456230296177,0.005275519704453752,-5.80150835935184,1,-1,1,0,-1,0,0
2010-11-04,0.9507251058634312,0.001875221077612621,-5.624865362347972,1,-1,1,0,-1,0,0
2010-11-05,0.9531014344915542,0.0024994907712728165,-5.388975584283535,1,-1,1,0,-1,0,1
2010-11-08,0.9524873418084062,-0.0006443098928661905,-5.449934403288792,1,-1,0,0,-1,0,1
2010-11-09,0.9516768479522313,-0.0008509234932572718,-5.530389275394049,1,-1,0,0,-1,0,1
2010-11-10,0.9496637689030103,-0.002115296861064375,-5.730220546425781,1,-1,0,0,-1,0,1
2010-11-11,0.9478609690885896,-0.0018983558954797919,-5.909178138017062,1,-1,0,0,-1,0,1
2010-11-12,0.9458462215159645,-0.0021255728828695752,-6.109175037493795,1,-1,0,0,-1,0,1
2010-11-15,0.9445215749748657,-0.0014004882727931822,-6.240668036776665,1,-1,0,0,-1,0,1
2010-11-16,0.9434030408663907,-0.001184233518969402,-6.351700980403688,1,-1,0,0,-1,0,1
2010-11-17,0.9455285591068106,0.0022530330604699778,-6.140708266655763,1,-1,0,0,-1,0,1
2010-11-18,0.947628978064676,0.0022214230735131124,-5.932207070335712,1,-1,0,0,-1,0,1
2010-11-19,0.9491945450196283,0.0016520885190209889,-5.77679874962697,1,-1,0,0,-1,0,1
2010-11-22,0.9496551780726357,0.00048528834834155044,-5.731073327916725,1,-1,0,0,-1,0,1
2010-11-23,0.947437185553977,-0.0023355767123390547,-5.9512456377492375,1,-1,0,0,-1,0,1
2010-11-24,0.943883592170792,-0.0037507429910588197,-6.303998343991261,1,-1,0,0,-1,0,1
2010-11-25,0.9443216699932395,0.00046412272242177255,-6.260511900622641,1,-1,0,0,-1,0,1
2010-11-26,0.9424136634118485,-0.002020504921172367,-6.449912997635606,1,-1,0,0,-1,0,1
2010-11-29,0.9415959266107814,-0.0008677047381790148,-6.531086851384618,1,-1,0,0,-1,0,1
2010-11-30,0.9387096287422608,-0.003065325355547849,-6.817599480814566,1,-1,0,0,-1,0,1
2010-12-01,0.938906025263875,0.0002092196730497653,-6.7981038894439445,1,-1,0,0,-1,0,1
2010-12-02,0.9400294859443682,0.0011965635007799014,-6.686581902354563,1,-1,0,0,-1,0,1
2010-12-03,0.9421506356138267,0.0022564714204975356,-6.47602284126828,1,-1,0,0,-1,-1,1
2010-12-06,0.9428704779498308,0.0007640416604242972,-6.404566626470451,1,0,0,0,-1,-1,1
2010-12-07,0.9413217320241176,-0.001642586083595271,-6.558305182817876,1,0,0,0,-1,-1,1
2010-12-08,0.9402043212915073,-0.001187065691352407,-6.669226612877178,1,0,0,0,-1,-1,1
2010-12-09,0.937445586697489,-0.002934186252440102,-6.943076485079278,1,0,0,0,-1,-1,1
2010-12-10,0.9387890012813391,0.0014330587320623978,-6.809720448257364,1,0,0,0,-1,-1,1
2010-12-13,0.9382818531382958,-0.0005402152585417264,-6.860063259218983,1,0,0,0,-1,-1,1
2010-12-14,0.9397626219444962,0.0015781705691607084,-6.713072552241195,1,0,0,0,-1,-1,1
2010-12-15,0.9425112550471287,0.002924816372186778,-6.440225419530981,1,0,0,0,-1,-1,1
2010-12-16,0.941170566276639,-0.0014224644674643294,-6.573310874455673,1,0,0,0,-1,-1,1
2010-12-17,0.9400041953356421,-0.0012392768992035563,-6.689092412058027,1,0,0,0,-1,-1,1
2010-12-20,0.9399390062611506,-6.934976972969298e-05,-6.69556350201252,1,0,0,0,-1,-1,1
2010-12-21,0.9420101601860041,0.002203498217498323,-6.489967342504521,1,0,0,0,-1,-1,1
2010-12-22,0.9442435409912243,0.0023708670029408685,-6.26826749163293,1,0,0,0,-1,-1,1
2010-12-23,0.945322564153834,0.0011427381981105045,-6.161156660520555,1,0,0,0,-1,-1,1
2010-12-24,0.9460985466166765,0.0008208652710380293,-6.084127612948799,1,0,0,0,-1,-1,1
2010-12-27,0.9447571680463285,-0.0014178000538578317,-6.217281541877271,1,0,0,0,-1,-1,1
2010-12-28,0.9462705310244415,0.001601853925323915,-6.067055326187572,1,0,0,0,-1,-1,1
2010-12-29,0.9487929237105334,0.0026656147511653627,-5.816666283244651,1,0,0,0,-1,-1,1
2010-12-30,0.9499922490975798,0.0012640538910811405,-5.697613473785001,1,0,0,0,-1,-1,1
2010-12-31,0.9516339830973513,0.0017281551521404204,-5.534644318650588,1,0,1,-1,-1,-1,1
2011-01-03,0.9516616810636215,2.9105692695171232e-05,-5.531894839037796,1,0,1,-1,-1,0,0
2011-01-04,0.9513194869712955,-0.0003595753607978647,-5.565863242034939,1,0,1,-1,-1,0,0
2011-01-05,0.9447693884700386,-0.006885277334232304,-6.216068463432351,1,0,1,-1,-1,0,0
2011-01-06,0.9427184634776637,-0.002170820749914537,-6.419656568020493,1,0,1,-1,-1,0,0
2011-01-07,0.9451794220675626,0.0026104915573844367,-6.175365871554181,1,0,1,-1,-1,0,0
2011-01-10,0.945708211347065,0.0005594591536341453,-6.1228748211546415,1,0,1,-1,-1,0,0
2011-01-11,0.9437213221776212,-0.0021009537039058668,-6.320106315011169,1,0,1,-1,-1,0,0
2011-01-12,0.9383018313664538,-0.005742681323191862,-6.858080090834551,1,0,1,-1,-1,0,0
2011-01-13,0.9383611925395621,6.326447537857716e-05,-6.852187516135737,1,0,1,-1,-1,0,0
2011-01-14,0.9342941363391558,-0.004334211850129166,-7.2559098688169055,1,0,1,-1,-1,0,0
2011-01-17,0.9315855784263078,-0.002899041969224969,-7.524778878504784,1,0,1,-1,-1,0,0
2011-01-18,0.9332567001812226,0.0017938467421723392,-7.35889250436432,1,0,1,-1,-1,0,0
2011-01-19,0.931989783997503,-0.001357521658803651,-7.4846548142852045,1,0,1,-1,-1,0,0
2011-01-20,0.9323021903375588,0.00033520360997504883,-7.453643336600868,1,0,1,-1,-1,0,0
2011-01-21,0.9277386164202754,-0.004894951405864517,-7.906653255258007,1,0,1,-1,-1,0,0
2011-01-24,0.9268591008112234,-0.000948020911801406,-7.9939596738097976,1,0,1,-1,-1,0,0
2011-01-25,0.9306186201879899,0.004056192978496936,-7.62076541905939,1,0,1,-1,-1,0,0
2011-01-26,0.9335217235001088,0.0031195413987443465,-7.332584572399823,1,0,1,-1,-1,0,0
2011-01-27,0.9323235945838656,-0.0012834504929900847,-7.4515186124144925,1,0,1,-1,-1,0,0
2011-01-28,0.9291537717542361,-0.003399916990242391,-7.766175766705274,1,1,1,-1,-1,0,-1
2011-01-31,0.9315426278997577,0.0025710019354615956,-7.529042426086442,0,1,1,-1,0,0,-1
2011-02-01,0.9282910582232018,-0.0034905216134733796,-7.851814302116772,0,1,1,-1,0,0,-1
2011-02-02,0.927771467694647,-0.0005597280335215005,-7.903392224890013,0,1,1,-1,0,0,-1
2011-02-03,0.9299453013388005,0.0023430701631243778,-7.6876034110871805,0,1,1,-1,0,0,-1
2011-02-04,0.9311446628176184,0.0012897118541179142,-7.568547018924423,0,1,1,-1,0,0,-1
2011-02-07,0.9316160754580405,0.0005062721822360894,-7.521751545516452,0,1,1,-1,0,0,-1
2011-02-08,0.9298188192289327,-0.0019291812115029838,-7.700158844907542,0,1,1,-1,0,0,-1
2011-02-09,0.9251665716332805,-0.0050033915204149015,-8.16197108747857,0,1,1,-1,0,0,-1
2011-02-10,0.9262783866091141,0.0012017457287403777,-8.051605128497021,0,1,1,-1,0,0,-1
2011-02-11,0.9282739488907652,0.002154387180463374,-7.853512685321659,0,1,1,-1,0,0,-1
2011-02-14,0.9320207571286829,0.004036317341873957,-7.481580220580643,0,1,1,-1,0,0,-1
2011-02-15,0.9331857585287059,0.0012499736632605174,-7.36593463248989,0,1,1,-1,0,0,-1
2011-02-16,0.9351563713897193,0.0021117048165420205,-7.170318830477458,0,1,1,-1,0,0,-1
2011-02-17,0.9356367266164025,0.0005136629994504927,-7.122635658009896,0,1,1,-1,0,0,-1
2011-02-18,0.93623758307378,0.0006421899015768839,-7.062990752544391,0,1,1,-1,0,0,-1
2011-02-21,0.9343712257394923,-0.001993465513486753,-7.248257475405792,0,1,1,-1,0,0,-1
2011-02-22,0.9349617609854015,0.0006320135184404441,-7.18963712027133,0,1,1,-1,0,0,-1
2011-02-23,0.9403234676549779,0.005734680169085543,-6.657399372779309,0,1,1,-1,0,0,-1
2011-02-24,0.9413595554228651,0.0011018418698738042,-6.554550587165325,0,1,1,-1,0,0,-1
2011-02-25,0.9417684665576527,0.00043438358110026165,-6.51395941821185,0,1,1,1,0,-1,-1
2011-02-28,0.9396752574308065,-0.0022226366683281372,-6.721744919985742,0,0,1,1,0,-1,-1
2011-03-01,0.9413953372596131,0.001830504544207856,-6.550998650186013,0,0,1,1,0,-1,-1
2011-03-02,0.9424771007042618,0.0011491064400188378,-6.443615800921614,0,0,1,1,0,-1,-1
2011-03-03,0.9465296169610066,0.004299856467299246,-6.041336777266065,0,0,1,1,0,-1,-1
2011-03-04,0.9484933908906653,0.002074709438003447,-5.846399851895677,0,0,1,1,0,-1,-1
2011-03-07,0.9511847973693209,0.0028375595491796635,-5.579233404705778,0,0,1,1,0,-1,-1
2011-03-08,0.9505905997478086,-0.0006246920925941368,-5.638217310974533,0,0,1,1,0,-1,-1
2011-03-09,0.9477922659602369,-0.0029437844097281174,-5.915998055728635,0,0,1,1,0,-1,-1
2011-03-10,0.9506422179938235,0.0030069374228320622,-5.6330933493926025,0,0,1,1,0,-1,-1
2011-03-11,0.949157869957871,-0.0015614160699543023,-5.780439353908736,0,0,1,1,0,-1,-1
2011-03-14,0.9458674291880378,-0.0034666949239742784,-6.10706982653963,0,0,1,1,0,-1,-1
2011-03-15,0.9495378022003016,0.003880430702021931,-5.742724817591734,0,0,1,1,0,-1,-1
2011-03-16,0.9511228834878365,0.0016693187821084365,-5.585379377779382,0,0,1,1,0,-1,-1
2011-03-17,0.9506135512577079,-0.0005355062305523184,-5.6359389953778125,0,0,1,1,0,-1,-1
2011-03-18,0.955325214027331,0.004956443933909066,-5.168228817632421,0,0,1,1,0,-1,-1
2011-03-21,0.9578193073817204,0.0026107270254861203,-4.920648949731901,0,0,1,1,0,-1,-1
2011-03-22,0.9576595785131885,-0.00016676304946133813,-4.936504672253845,0,0,1,1,0,-1,-1
2011-03-23,0.9553407152550992,-0.0024213857513850634,-5.166690065317312,0,0,1,1,0,-1,-1
2011-03-24,0.9514268168953836,-0.004096861252972456,-5.555208978279848,0,0,1,1,0,-1,-1
2011-03-25,0.9505131181620076,-0.0009603457850363428,-5.645908635256191,-1,0,1,1,1,-1,-1
2011-03-28,0.9456622993074892,-0.0051033686561825315,-6.127432347709608,-1,0,0,1,1,0,-1
2011-03-29,0.9462871731750557,0.0006607790836369865,-6.0654033184776734,-1,0,0,1,1,0,-1
2011-03-30,0.9442468594325548,-0.0021561253289053006,-6.267938081643205,-1,0,0,1,1,0,-1
2011-03-31,0.9429930479993407,-0.0013278428418259658,-6.392399529111079,-1,0,0,1,1,0,-1
2011-04-01,0.9431231612925354,0.0001379790587754115,-6.379483640503884,-1,0,0,1,1,0,-1
2011-04-04,0.9416343819791495,-0.0015785629857139605,-6.527269522332406,-1,0,0,1,1,0,-1
2011-04-05,0.9426447130886608,0.001072954778252394,-6.426977509530089,-1,0,0,1,1,0,-1
2011-04-06,0.9462290613882053,0.003802438235504496,-6.071171871000607,-1,0,0,1,1,0,-1
2011-04-07,0.9427159147996441,-0.0037127866094146533,-6.419909566315971,-1,0,0,1,1,0,-1
2011-04-08,0.9416282225067723,-0.001153785860402129,-6.527880951473505,-1,0,0,1,1,0,-1
2011-04-11,0.9413384655656605,-0.00030771904896864655,-6.556644103052197,-1,0,0,1,1,0,-1
2011-04-12,0.9416821890964527,0.00036514340310700444,-6.5225238780822385,-1,0,0,1,1,0,-1
2011-04-13,0.9415484093929187,-0.00014206460001367494,-6.535803718337789,-1,0,0,1,1,0,-1
2011-04-14,0.939141060936406,-0.0025567973271442,-6.774772725574424,-1,0,0,1,1,0,-1
2011-04-18,0.9352116793509836,-0.0041840163835500654,-7.1648286038507925,-1,0,0,1,1,0,-1
2011-04-19,0.9362649706872173,0.0011262598184879347,-7.060272080564865,-1,0,0,1,1,0,-1
2011-04-20,0.9369230476527403,0.0007028747054801388,-6.994947096676103,-1,0,0,1,1,0,-1
2011-04-21,0.9354894899328056,-0.0015300698638230914,-7.137251325306747,-1,0,0,1,1,0,-1
2011-04-22,0.9349343710888033,-0.0005933993379681479,-7.1923560188922115,-1,0,0,1,1,0,-1
2011-04-25,0.9345272215794131,-0.0004354845879888658,-7.232772317493532,1,0,1,1,-1,-1,-1
2011-04-26,0.9358209527567495,0.0013843697085140587,-7.1043481775470445,1,0,1,0,-1,-1,0
2011-04-27,0.939145838176995,0.00355290764804006,-6.774298505717387,1,0,1,0,-1,-1,0
2011-04-28,0.9394613339964547,0.00033593911257914777,-6.742980346287821,1,0,1,0,-1,-1,0
2011-04-29,0.9395911524865257,0.00013818396284481782,-6.730093721748986,1,0,1,0,-1,-1,0
2011-05-02,0.9407020056657612,0.0011822729240221763,-6.619823236930131,1,0,1,0,-1,-1,0
2011-05-03,0.9409005675725377,0.00021107843459527986,-6.600112695396761,1,0,1,0,-1,-1,0
2011-05-04,0.9415443154757964,0.0006841827132908762,-6.536210107079635,1,0,1,0,-1,-1,0
2011-05-05,0.9383161423754134,-0.0034285939039965796,-6.856659487350927,1,0,1,0,-1,-1,0
2011-05-06,0.9337085613776553,-0.00491047823827645,-7.31403783397867,1,0,1,0,-1,-1,0
2011-05-09,0.9352059890855108,0.0016037420773414857,-7.1653934564741295,1,0,1,0,-1,-1,0
2011-05-10,0.9367691473172736,0.0016714587481323484,-7.010224241237525,1,0,1,0,-1,-1,0
2011-05-11,0.938226436734416,0.0015556547963986034,-6.86556425056237,1,0,1,0,-1,-1,0
2011-05-12,0.9337907330789176,-0.004727753857519973,-7.305880938444724,1,0,1,0,-1,-1,0
2011-05-13,0.9345312326055393,0.0007930037217011299,-7.232374157049095,1,0,1,0,-1,-1,0
2011-05-16,0.9307128745461677,-0.004085853876414303,-7.611409120705267,1,0,1,0,-1,-1,0
2011-05-17,0.9327885629387633,0.00223021347330965,-7.405362840546169,1,0,1,0,-1,-1,0
2011-05-18,0.9368257984670434,0.004328135751965723,-7.004600681016036,1,0,1,0,-1,-1,0
2011-05-19,0.9381054499338196,0.0013659438807835378,-6.877574184375248,1,0,1,0,-1,-1,0
2011-05-20,0.9380984414615763,-7.4708789335464765e-06,-6.878269890744511,1,0,1,0,-1,-1,0
2011-05-23,0.938338304333034,0.00025569051269716536,-6.854459547829629,1,0,1,0,-1,-1,1
2011-05-24,0.9359173603763199,-0.0025800331773036646,-7.094778132514111,0,0,1,0,-1,-1,1
2011-05-25,0.9384840510173015,0.002742432985695986,-6.839991787521309,0,0,1,0,-1,-1,1
2011-05-26,0.9391349694379535,0.0006935849575136488,-6.77537740718329,0,0,1,0,-1,-1,1
2011-05-27,0.9406088463812947,0.0015693984265363614,-6.629070831171675,0,0,1,0,-1,-1,1
2011-05-30,0.9445220990379989,0.0041603400518283595,-6.2406160148741705,0,0,1,0,-1,-1,1
2011-05-31,0.9448695924245906,0.0003679039240537807,-6.206121569589169,0,0,1,0,-1,-1,1
2011-06-01,0.9481541509440243,0.0034762030080843775,-5.88007500724948,0,0,1,0,-1,-1,1
2011-06-02,0.9487157007390097,0.0005922557997835309,-5.82433193579734,0,0,1,0,-1,-1,1
2011-06-03,0.9480309205271875,-0.0007217970686990705,-5.892307656948855,0,0,1,0,-1,-1,1
2011-06-06,0.9475549335503756,-0.0005020795909771447,-5.939557208628255,0,0,1,0,-1,-1,1
2011-06-07,0.9477041997219453,0.00015752772349625355,-5.924740081204289,0,0,1,0,-1,-1,1
2011-06-08,0.9481523167341382,0.00047284480993589617,-5.88025708280832,0,0,1,0,-1,-1,1
2011-06-09,0.9484312831172161,0.00029422106359319744,-5.852565071942103,0,0,1,0,-1,-1,1
2011-06-10,0.9496937689766849,0.0013311305541497676,-5.727242544714542,0,0,1,0,-1,-1,1
2011-06-13,0.9499476351222779,0.00026731368982924053,-5.702042146068795,0,0,1,0,-1,-1,1
2011-06-14,0.9477897833569819,-0.0022715481206689314,-5.916244495014813,0,0,1,0,-1,-1,1
2011-06-15,0.9472552419554017,-0.0005639873007355634,-5.969306538325136,0,0,1,0,-1,-1,1
2011-06-16,0.944956799577371,-0.002426423498365776,-6.197464822508166,0,0,1,0,-1,-1,1
2011-06-17,0.9456329370455704,0.0007155220942394735,-6.130347036092999,0,0,1,0,-1,-1,1
2011-06-20,0.945195087736676,-0.0004630224812836592,-6.173810795725578,0,-1,1,0,-1,-1,1
2011-06-21,0.9457853491850431,0.0006244863690315627,-6.115217619509342,0,-1,1,0,-1,0,1
2011-06-22,0.9451531155415395,-0.0006684747697227045,-6.177977227791611,0,-1,1,0,-1,0,1
2011-06-23,0.9489125103943856,0.003977551140686958,-5.804795334092449,0,-1,1,0,-1,0,1
2011-06-24,0.9512931415859729,0.002508799457810712,-5.568478455698248,0,-1,1,0,-1,0,1
2011-06-27,0.9528475936730612,0.0016340410953629148,-5.414173468797221,0,-1,1,0,-1,0,1
2011-06-28,0.9521858004039823,-0.0006945426251513953,-5.4798673570583185,0,-1,1,0,-1,0,1
2011-06-29,0.9531670610359627,0.0010305348300343187,-5.3824610682303,0,-1,1,0,-1,0,1
2011-06-30,0.9526801815513468,-0.0005108018358153388,-5.430791880816979,0,-1,1,0,-1,0,1
2011-07-01,0.9505553425635254,-0.002230380172663443,-5.641717167550478,0,-1,1,0,-1,0,1
2011-07-04,0.9471600334164398,-0.0035719215863105613,-5.978757554846906,0,-1,1,0,-1,0,1
2011-07-05,0.9481939311971034,0.001091576654616816,-5.876126161555702,0,-1,1,0,-1,0,1
2011-07-06,0.9496437427487915,0.0015290242892165018,-5.732208472261566,0,-1,1,0,-1,0,1
2011-07-07,0.9516687663071661,0.0021324034132138014,-5.531191511851691,0,-1,1,0,-1,0,1
2011-07-08,0.9502749283799813,-0.0014646250633962021,-5.66955289647261,0,-1,1,0,-1,0,1
2011-07-11,0.9536760568965109,0.003579099495267024,-5.3319348408560705,0,-1,1,0,-1,0,1
2011-07-12,0.9547515646478685,0.001127749557703589,-5.225172972244189,0,-1,1,0,-1,0,1
2011-07-13,0.9527035591371602,-0.0021450664094628813,-5.428471270164083,0,-1,1,0,-1,0,1
2011-07-14,0.96193025490386,0.009684749970973405,-4.512569660042904,0,-1,1,0,-1,0,1
2011-07-15,0.9596162378307286,-0.002405597559006767,-4.7422739893845245,0,-1,1,0,-1,0,1
2011-07-18,0.9616343045852456,0.0021029935457104743,-4.541947606405143,0,-1,1,-1,-1,0,1
2011-07-19,0.9611750040825947,-0.0004776249146487332,-4.587540750532173,0,0,1,-1,-1,0,1
2011-07-20,0.9605262359136849,-0.0006749740329848319,-4.651941682948783,0,0,1,-1,-1,0,1
2011-07-21,0.9594761461466781,-0.001093244231905821,-4.7561803977273165,0,0,1,-1,-1,0,1
2011-07-22,0.9572860646207864,-0.0022825804838267905,-4.973582081556581,0,0,1,-1,-1,0,1
2011-07-25,0.9597463504431807,0.0025700633419008523,-4.729358168352248,0,0,1,-1,-1,0,1
2011-07-26,0.9617577361741773,0.002095747204527293,-4.529694987060051,0,0,1,-1,-1,0,1
2011-07-27,0.9617898143327215,3.3353678725589475e-05,-4.526510701178813,0,0,1,-1,-1,0,1
2011-07-28,0.9652285384789185,0.0035753384938713717,-4.185160659744533,0,0,1,-1,-1,0,1
2011-07-29,0.965068570024777,-0.00016573116911108854,-4.201040165086592,0,0,1,-1,-1,0,1
2011-08-01,0.9701694013912598,0.005285460043892909,-3.694698590632651,0,0,1,-1,-1,0,1
2011-08-02,0.9739577284023139,0.0039048098256050934,-3.3186447034314908,0,0,1,-1,-1,0,1
2011-08-03,0.9782483986702055,0.004405396808062789,-2.8927249694088024,0,0,1,-1,-1,0,1
2011-08-04,0.9720404258458302,-0.006346008675111842,-3.5089685791694016,0,0,1,-1,-1,0,1
2011-08-05,0.9710810643893723,-0.0009869563353017141,-3.6042010139299876,0,0,1,-1,-1,0,1
2011-08-08,0.9680188937180628,-0.0031533625601432025,-3.9081719174077474,0,0,1,-1,-1,0,1
2011-08-09,0.9680183044549872,-6.087309653846074e-07,-3.9082304114790203,0,0,1,-1,-1,0,1
2011-08-10,0.9817103682079302,0.01414442649475725,-2.549067439783039,0,0,1,-1,-1,0,1
2011-08-11,0.9789751915395548,-0.0027861340339802587,-2.8205787996321754,0,0,1,-1,-1,0,1
2011-08-12,0.9702580843708045,-0.0089043187652606,-3.685895343423779,0,0,1,-1,-1,0,1
2011-08-15,0.9636315775112296,-0.006829633235029525,-4.34368535358844,-1,-1,1,-1,-1,1,1
2011-08-16,0.9584004158965305,-0.005428590902147122,-4.862964353010875,-1,-1,1,0,0,1,0
2011-08-17,0.9558355343945498,-0.0026762107564210214,-5.117571111143353,-1,-1,1,0,0,1,0
2011-08-18,0.9562123730033698,0.00039425047014879366,-5.080163668945061,-1,-1,1,0,0,1,0
2011-08-19,0.9607200348675854,0.004714080251918884,-4.632703942981473,-1,-1,1,0,0,1,0
2011-08-22,0.9622057212139877,0.0015464300654530194,-4.485225089097936,-1,-1,1,0,0,1,0
2011-08-23,0.9610344063489246,-0.0012173226985029428,-4.601497392639375,-1,-1,1,0,0,1,0
2011-08-24,0.9570249425615376,-0.004172029389269666,-4.999502749209597,-1,-1,1,0,0,1,0
2011-08-25,0.95638010879017,-0.0006737899324144592,-5.063513127831557,-1,-1,1,0,0,1,0
2011-08-26,0.9562140340422668,-0.00017364931200136713,-5.079998783460735,-1,-1,1,0,0,1,0
2011-08-29,0.9496481214516005,-0.006866572082099398,-5.7317738138470675,-1,-1,1,0,0,1,0
2011-08-30,0.9428086192407579,-0.007202143674425426,-6.410707122772973,-1,-1,1,0,0,1,0
2011-08-31,0.943499549728131,0.000732842777709769,-6.342120885416931,-1,-1,1,0,0,1,0
2011-09-01,0.9466014229148577,0.0032876255082691375,-6.034208852989434,-1,-1,1,0,0,1,0
2011-09-02,0.9484478740379899,0.0019506109735674126,-5.850918149638137,-1,-1,1,0,0,1,0
2011-09-05,0.9549044290566596,0.006807495905052696,-5.209998660477312,-1,-1,1,0,0,1,0
2011-09-06,0.9594755680658956,0.004787012050778444,-4.756237781771705,-1,-1,1,0,0,1,0
2011-09-07,0.936291283939962,-0.024163496078038166,-7.057660056589459,-1,-1,1,0,0,1,0
2011-09-08,0.9331386004205309,-0.0033672037468558402,-7.370615851888459,-1,-1,1,0,0,1,0
2011-09-09,0.9302395700013524,-0.003106752220808362,-7.658392396802716,-1,-1,1,0,0,1,0
2011-09-12,0.9329693077624807,0.0029344459740885676,-7.387420938130654,-1,-1,-1,-1,0,1,1
2011-09-13,0.9332611400370282,0.0003127994373658405,-7.358451775507118,0,0,-1,-1,0,1,1
2011-09-14,0.9328251333469738,-0.00046718616188931583,-7.401732624853606,0,0,-1,-1,0,1,1
2011-09-15,0.930450494951439,-0.0025456415255606935,-7.637454619478752,0,0,-1,-1,0,1,1
2011-09-16,0.9278888918329407,-0.0027530783554820526,-7.891735944023097,0,0,-1,-1,0,1,1
2011-09-19,0.9333633262412753,0.005899881393687745,-7.34830811071437,0,0,-1,-1,0,1,1
2011-09-20,0.9352988995235385,0.0020737618758366605,-7.156170564342607,0,0,-1,-1,0,1,1
2011-09-21,0.9357292305554582,0.00046010000881949176,-7.11345311760042,0,0,-1,-1,0,1,1
2011-09-22,0.9341900349917178,-0.0016449155519344394,-7.266243643132772,0,0,-1,-1,0,1,1
2011-09-23,0.9338590821064072,-0.00035426719715922483,-7.299096171079366,0,0,-1,-1,0,1,1
2011-09-26,0.928883114584277,-0.005328392278315219,-7.793042951234222,0,0,-1,-1,0,1,1
2011-09-27,0.9306817269092255,0.0019363171713519811,-7.614501036982578,0,0,-1,-1,0,1,1
2011-09-28,0.9292041172570634,-0.0015876637624218926,-7.7611781458594296,0,0,-1,-1,0,1,1
2011-09-29,0.9280422799589757,-0.001250357458076501,-7.876509644688941,0,0,-1,-1,0,1,1
2011-09-30,0.923989729838265,-0.0043667731613367955,-8.278792029901187,0,0,-1,-1,0,1,1
2011-10-03,0.9277333513216722,0.004051583434874939,-7.90717590306282,0,0,-1,-1,0,1,1
2011-10-04,0.931840555664407,0.004427138829151189,-7.499468185617071,0,0,-1,-1,0,1,1
2011-10-05,0.9307715485515521,-0.0011471996001427842,-7.6055847587275185,0,0,-1,-1,0,1,1
2011-10-06,0.9336776944792334,0.003122297767055443,-7.31710188233129,0,0,-1,-1,0,1,1
2011-10-07,0.9325127510418274,-0.0012476933360346942,-7.432741716677092,0,0,-1,-1,0,1,1
2011-10-10,0.9348594805131811,0.0025165655576634416,-7.199790142713958,0,0,-1,-1,1,1,-1
2011-10-11,0.925120519386252,-0.010417566842861836,-8.166542531933842,0,0,-1,0,1,1,-1
2011-10-12,0.9262559200247119,0.0012273002432300617,-8.053835307246619,0,0,-1,0,1,1,-1
2011-10-13,0.9189953378780503,-0.007838635078810496,-8.774567739169322,0,0,-1,0,1,1,-1
2011-10-14,0.9221331319014112,0.0034143742563547963,-8.463089971733103,0,0,-1,0,1,1,-1
2011-10-17,0.9166788731533335,-0.005914827869627798,-9.004515038267916,0,0,-1,0,1,1,-1
2011-10-18,0.9216636285878922,0.005437842608296911,-8.50969591298038,0,0,-1,0,1,1,-1
2011-10-19,0.9211325024534939,-0.0005762689531450815,-8.56241893473954,0,0,-1,0,1,1,-1
2011-10-20,0.9233034510645017,0.0023568255438011776,-8.346916508021545,0,0,-1,0,1,1,-1
2011-10-21,0.9209612895510146,-0.0025367191152451396,-8.579414636886803,0,0,-1,0,1,1,-1
2011-10-24,0.9200936898508809,-0.0009420588139558705,-8.665538205105133,0,0,-1,0,1,1,-1
2011-10-25,0.919136000611608,-0.001040860566523416,-8.760604644752084,0,0,-1,0,1,1,-1
2011-10-26,0.9209540071964015,0.001977951667200273,-8.58013753059483,0,0,-1,0,1,1,-1
2011-10-27,0.9202678006225202,-0.0007451040643931817,-8.648254841687057,0,0,-1,0,1,1,-1
2011-10-28,0.9108799802727044,-0.010201183115898738,-9.580150722003928,0,0,-1,0,1,1,-1
2011-10-31,0.9129660978318481,0.00229022220745162,-9.37306917519303,0,0,-1,0,1,1,-1
2011-11-01,0.9120613355043046,-0.0009910141567055497,-9.462881746619185,0,0,-1,0,1,1,-1
2011-11-02,0.9174886802756351,0.005950635730358783,-8.92412833581691,0,0,-1,0,1,1,-1
2011-11-03,0.9196889696497564,0.0023981651451659425,-8.705713354826262,0,0,-1,0,1,1,-1
2011-11-04,0.9156371646444765,-0.0044056253135479895,-9.107921775052553,0,0,-1,0,1,1,-1
2011-11-07,0.9186460571429284,0.0032861187975260775,-8.809239608251328,1,0,-1,0,1,1,-1
2011-11-08,0.9208431905378756,0.002391708294901407,-8.591137910204019,1,0,-1,0,1,0,-1
2011-11-09,0.9195809289106793,-0.0013707671839967572,-8.716438178683198,1,0,-1,0,1,0,-1
2011-11-10,0.9205722873638376,0.0010780546029077187,-8.618029514691926,1,0,-1,0,1,0,-1
2011-11-11,0.9208328684667235,0.00028306424868834723,-8.59216254587284,1,0,-1,0,1,0,-1
2011-11-14,0.9211201455844522,0.0003119753079698917,-8.56364555763223,1,0,-1,0,1,0,-1
2011-11-15,0.9220745487988133,0.0010361332546423851,-8.468905310111218,1,0,-1,0,1,0,-1
2011-11-16,0.92406592190299,0.0021596660560371794,-8.271228711837537,1,0,-1,0,1,0,-1
2011-11-17,0.9233103869170682,-0.0008176202238535657,-8.346228010351973,1,0,-1,0,1,0,-1
2011-11-18,0.9238755969312745,0.0006121560227363154,-8.290121601822008,1,0,-1,0,1,0,-1
2011-11-21,0.9241639753525387,0.00031213988357520206,-8.2614952910561,1,0,-1,0,1,0,-1
2011-11-22,0.9209202944260636,-0.0035098543256218973,-8.583484078634877,1,0,-1,0,1,0,-1
2011-11-23,0.9199652221135693,-0.0010370846622393404,-8.678290745172287,1,0,-1,0,1,0,-1
2011-11-24,0.919134818829822,-0.0009026463868271328,-8.76072195607003,1,0,-1,0,1,0,-1
2011-11-25,0.9183725236156245,-0.000829361698176101,-8.836392318648905,1,0,-1,0,1,0,-1
2011-11-28,0.9203410263944268,0.0021434687212247283,-8.640985977069922,1,0,-1,0,1,0,-1
2011-11-29,0.9196328901039603,-0.0007694281469128872,-8.711280173933368,1,0,-1,0,1,0,-1
2011-11-30,0.9208109991485407,0.0012810644956894324,-8.594333436107261,1,0,-1,0,1,0,-1
2011-12-01,0.9212271969047349,0.00045199042645988063,-8.55301894989619,1,0,-1,0,1,0,-1
2011-12-02,0.9204896472057585,-0.0008006165053033865,-8.626232912285072,1,0,-1,0,1,0,-1
2011-12-05,0.9208065536039132,0.00034428024162638793,-8.594774729673796,1,0,-1,1,1,1,-1
2011-12-06,0.9217493861248063,0.0010239202981375446,-8.501183064163676,0,0,-1,1,0,1,-1
2011-12-07,0.9232587248758044,0.0016374719351251732,-8.351356319334098,0,0,-1,1,0,1,-1
2011-12-08,0.923022870750008,-0.00025545832326490103,-8.374768728178259,0,0,-1,1,0,1,-1
2011-12-09,0.9246725347095658,0.0017872406110775452,-8.211012393849886,0,0,-1,1,0,1,-1
2011-12-12,0.924700588930869,3.0339628625475346e-05,-8.208227550054009,0,0,-1,1,0,1,-1
2011-12-13,0.9272542918563712,0.0027616538326797058,-7.954730449859147,0,0,-1,1,0,1,-1
2011-12-14,0.9281972703615936,0.0010169578221465858,-7.861124292998532,0,0,-1,1,0,1,-1
2011-12-15,0.931005958254079,0.0030259600864708247,-7.582315732696851,0,0,-1,1,0,1,-1
2011-12-16,0.9271432542592655,-0.004148957330044556,-7.9657527612634285,0,0,-1,1,0,1,-1
2011-12-19,0.9247020127321673,-0.002633079101727942,-8.20808621431101,0,0,-1,1,0,1,-1
2011-12-20,0.9251956145065857,0.000533795501277301,-8.159088103678586,0,0,-1,1,0,1,-1
2011-12-21,0.9222302710350582,-0.0032050989272242036,-8.453447311872775,0,0,-1,1,0,1,-1
2011-12-22,0.9218842357310094,-0.000375215729646744,-8.487797018436297,0,0,-1,1,0,1,-1
2011-12-23,0.9200384565500503,-0.0020021810867559275,-8.671021020453352,0,0,-1,1,0,1,-1
2011-12-26,0.9202780457099424,0.00026041211450067436,-8.647237847922106,0,0,-1,1,0,1,-1
2011-12-27,0.9205669159852595,0.0003138945633482104,-8.618562712535724,0,0,-1,1,0,1,-1
2011-12-28,0.9215205343453537,0.0010359033586098965,-8.523900374735046,0,0,-1,1,0,1,-1
2011-12-29,0.9222109965752312,0.0007492640740425771,-8.4553606196523,0,0,-1,1,0,1,-1
2011-12-30,0.9215436236318978,-0.0007236662171800079,-8.521608382535785,0,0,-1,1,0,1,-1
2012-01-02,0.9210399861443105,-0.0005465150804283003,-8.571602703088049,1,1,-1,-1,0,1,-1
2012-01-03,0.9224219755398414,0.0015004662298281346,-8.434417480496721,1,1,-1,-1,0,0,0
2012-01-04,0.9225615418179232,0.00015130415556302568,-8.420563227354979,1,1,-1,-1,0,0,0
2012-01-05,0.9260970985306197,0.0038323261402482822,-8.069600957901958,1,1,-1,-1,0,0,0
2012-01-06,0.9276587953011928,0.0016863207681472314,-7.9145768167732085,1,1,-1,-1,0,0,0
2012-01-09,0.9278293092772959,0.00018381109193021938,-7.897650494587029,1,1,-1,-1,0,0,0
2012-01-10,0.9262795416937145,-0.0016703153997027487,-8.05149046731472,1,1,-1,-1,0,0,0
2012-01-11,0.9296864053664718,0.0036780081167807066,-7.713303102927623,1,1,-1,-1,0,0,0
2012-01-12,0.9308555118381988,0.0012575277695559828,-7.597250018818963,1,1,-1,-1,0,0,0
2012-01-13,0.9273006948163308,-0.003818870895277937,-7.950124191365744,1,1,-1,-1,0,0,0
2012-01-16,0.930342629701598,0.003280419072553109,-7.648162023136964,1,1,-1,-1,0,0,0
2012-01-17,0.9326276250537608,0.0024560793832438532,-7.421338577877323,1,1,-1,-1,0,0,0
2012-01-18,0.9315957797592911,-0.0011063850852694457,-7.523766228088971,1,1,-1,-1,0,0,0
2012-01-19,0.9285101589695113,-0.003312188458579113,-7.830064942281166,1,1,-1,-1,0,0,0
2012-01-20,0.9250143406004183,-0.0037649758974879766,-8.177082526246512,1,1,-1,-1,0,0,0
2012-01-23,0.9279766488427071,0.0032024457484259583,-7.883024614574626,1,1,-1,-1,0,0,0
2012-01-24,0.9261463818793464,-0.001972320063918953,-8.064708773354829,1,1,-1,-1,0,0,0
2012-01-25,0.9244589518619698,-0.0018219906165939381,-8.232214011303608,1,1,-1,-1,0,0,0
2012-01-26,0.9253774497615311,0.0009935518475009952,-8.141037957993458,1,1,-1,-1,0,0,0
2012-01-30,0.9230834665564456,-0.0024789702900979704,-8.36875359577484,1,1,-1,-1,0,0,0
2012-02-01,0.9262061341026905,0.00338286586140904,-8.058777380475627,1,1,-1,-1,0,1,1
2012-02-02,0.9284186468583044,0.002388790868630456,-7.839149027431393,0,0,-1,-1,0,1,1
2012-02-03,0.9293536438014179,0.0010070854848482358,-7.746335172145651,0,0,-1,-1,0,1,1
2012-02-06,0.9294603720749057,0.00011484139993397924,-7.735740632127791,0,0,-1,-1,0,1,1
2012-02-07,0.9295011890042101,4.391465255604299e-05,-7.731688879234302,0,0,-1,-1,0,1,1
2012-02-08,0.9251475379372468,-0.004683857447915163,-8.163860495483846,0,0,-1,-1,0,1,1
2012-02-09,0.9242031143133306,-0.0010208356885670067,-8.257610104190274,0,0,-1,-1,0,1,1
2012-02-10,0.9215403917264804,-0.0028811010757397726,-8.521929202410028,0,0,-1,-1,0,1,1
2012-02-13,0.9216865876241801,0.00015864296238357611,-8.507416850265555,0,0,-1,-1,0,1,1
2012-02-14,0.9252623357315894,0.003879570512820979,-8.152464922536023,0,0,-1,-1,0,1,1
2012-02-15,0.924437023850562,-0.0008919760906239416,-8.234390727807863,0,0,-1,-1,0,1,1
2012-02-16,0.9257871726460299,0.0014605092187287283,-8.100366209503566,0,0,-1,-1,0,1,1
2012-02-17,0.9231587055411046,-0.0028391699329909925,-8.361284886614428,0,0,-1,-1,0,1,1
2012-02-20,0.919272912416172,-0.00420923629015113,-8.74701389185251,0,0,-1,-1,0,1,1
2012-02-21,0.9186707316403718,-0.0006550620252885331,-8.806790257746137,0,0,-1,-1,0,1,1
2012-02-22,0.9161434733714642,-0.0027509946511466987,-9.057662289967974,0,0,-1,-1,0,1,1
2012-02-23,0.9126270661148708,-0.003838271361201573,-9.406723660321111,0,0,-1,-1,0,1,1
2012-02-24,0.9115227331112599,-0.0012100594477348903,-9.5163469102572,0,0,-1,-1,0,1,1
2012-02-27,0.903499588234228,-0.008801914187753473,-10.312776260147569,0,0,-1,-1,0,1,1
2012-02-28,0.9096749944850191,0.0068349851302756115,-9.69976541950998,0,0,-1,-1,0,1,1
2012-02-29,0.9071852202967647,-0.0027369931056133723,-9.946916538992049,1,0,-1,-1,0,-1,1
2012-03-01,0.9110689544220641,0.004281081788379293,-9.56139192339972,1,0,0,-1,0,-1,1
2012-03-02,0.9129493952534218,0.0020639939734864443,-9.374727181359125,1,0,0,-1,0,-1,1
2012-03-05,0.9124643399288904,-0.0005313058172262408,-9.422876915995387,1,0,0,-1,0,-1,1
2012-03-06,0.9083680675311803,-0.004489241078757533,-9.829499457739779,1,0,0,-1,0,-1,1
2012-03-07,0.9031138965551404,-0.005784187229654597,-10.351062515467882,1,0,0,-1,0,-1,1
2012-03-08,0.9050282323778667,0.0021197058643746824,-10.161033136946953,1,0,0,-1,0,-1,1
2012-03-09,0.9077212420857211,0.0029756085075699212,-9.893707542837967,1,0,0,-1,0,-1,1
2012-03-12,0.9093212496772092,0.0017626640396908866,-9.734880421373859,1,0,0,-1,0,-1,1
2012-03-13,0.9080966440263303,-0.0013467249900006584,-9.85644271363579,1,0,0,-1,0,-1,1
2012-03-14,0.9119827217337336,0.004279365784431555,-9.470685458897583,1,0,0,-1,0,-1,1
2012-03-15,0.9092731950416628,-0.0029710285376018386,-9.73965063588874,1,0,0,-1,0,-1,1
2012-03-16,0.9122915998428016,0.003319579657245386,-9.440024216283776,1,0,0,-1,0,-1,1
2012-03-19,0.9142711203872652,0.002169833137567634,-9.243524179890937,1,0,0,-1,0,-1,1
2012-03-20,0.9127432817882623,-0.0016711001418876215,-9.395187339511146,1,0,0,-1,0,-1,1
2012-03-21,0.9085261325064714,-0.004620301640049923,-9.81380890404282,1,0,0,-1,0,-1,1
2012-03-22,0.9059938946871027,-0.0027871931568800024,-10.065175238710546,1,0,0,-1,0,-1,1
2012-03-23,0.9026985346496743,-0.0036372872452594407,-10.392294029719432,1,0,0,-1,0,-1,1
2012-03-26,0.9053149588751855,0.002898447405286525,-10.1325708068562,1,0,0,-1,0,-1,1
2012-03-27,0.907181071822196,0.0020612858858855554,-9.947328343459558,1,0,0,-1,0,-1,1
2012-03-28,0.9052383452536202,-0.0021414981296661584,-10.140175971383476,-1,0,1,-1,0,-1,1
2012-03-29,0.9054265616716916,0.0002079191840006933,-10.121492390096996,-1,0,1,0,0,-1,1
2012-03-30,0.9037690602703042,-0.0018306304139422136,-10.28602671968742,-1,0,1,0,0,-1,1
2012-04-02,0.9066009687310761,0.003133442585349089,-10.004913135310023,-1,0,1,0,0,-1,1
2012-04-03,0.9032918252664038,-0.0036500550725242775,-10.333400158622744,-1,0,1,0,0,-1,1
2012-04-04,0.9052559828991549,0.0021744441583669005,-10.138425144397047,-1,0,1,0,0,-1,1
2012-04-05,0.9033018564105685,-0.00215864520699241,-10.332404402251877,-1,0,1,0,0,-1,1
2012-04-06,0.9013697767337715,-0.0021389081214495675,-10.524195150706749,-1,0,1,0,0,-1,1
2012-04-09,0.9000782217965518,-0.0014328802346799119,-10.652403262957378,-1,0,1,0,0,-1,1
2012-04-10,0.9014707323624552,0.0015470994988902032,-10.51417364081846,-1,0,1,0,0,-1,1
2012-04-11,0.8981904490307036,-0.003638812902061861,-10.83979582032592,-1,0,1,0,0,-1,1
2012-04-12,0.8990979668099555,0.00101038457960817,-10.749709724908065,-1,0,1,0,0,-1,1
2012-04-13,0.9009290259404167,0.002036551297027067,-10.567946930488285,-1,0,1,0,0,-1,1
2012-04-16,0.8980233596500671,-0.0032251888957807173,-10.85638219497495,-1,0,1,0,0,-1,1
2012-04-17,0.8969513950258099,-0.0011936934743823346,-10.962792349831641,-1,0,1,0,0,-1,1
2012-04-18,0.8985705059491901,0.0018051267129514381,-10.802068907855714,-1,0,1,0,0,-1,1
2012-04-19,0.8982959646150629,-0.0003055312101938046,-10.829321659689088,-1,0,1,0,0,-1,1
2012-04-20,0.8994769872729395,0.0013147366841201324,-10.712085697727197,-1,0,1,0,0,-1,1
2012-04-23,0.9008941957220072,0.0015755916706267636,-10.571404403664891,-1,0,1,0,0,-1,1
2012-04-24,0.8984379390539196,-0.0027264651939722384,-10.81522835690412,-1,0,1,0,0,-1,1
2012-04-25,0.8998858779712587,0.001611618181288993,-10.671496557429991,-1,1,1,0,1,-1,1
2012-04-26,0.9009520388096498,0.0011847733857037746,-10.565662523966484,-1,1,0,0,1,-1,0
2012-04-27,0.8994254857586272,-0.0016943777085397793,-10.7171980717639,-1,1,0,0,1,-1,0
2012-04-30,0.8980578054447822,-0.0015206154767689606,-10.852962882185277,-1,1,0,0,1,-1,0
2012-05-01,0.8953676949807846,-0.0029954758454164843,-11.120000678562139,-1,1,0,0,1,-1,0
2012-05-02,0.8983747164437785,0.0033584207693114765,-10.821504242864641,-1,1,0,0,1,-1,0
2012-05-03,0.8980908802501629,-0.000315944102633664,-10.849679662680849,-1,1,0,0,1,-1,0
2012-05-04,0.8989195553639213,0.0009227074141177627,-10.76742000113463,-1,1,0,0,1,-1,0
2012-05-07,0.8976912953175079,-0.001366373708397206,-10.889345052377534,-1,1,0,0,1,-1,0
2012-05-08,0.8982435804081118,0.0006152283011817139,-10.834521655516909,-1,1,0,0,1,-1,0
2012-05-09,0.8982887283191622,5.026243664318919e-05,-10.830039981310865,-1,1,0,0,1,-1,0
2012-05-10,0.898276102983321,-1.4054875056596083e-05,-10.831293253957723,-1,1,0,0,1,-1,0
2012-05-11,0.8983546288166401,8.741837065276425e-05,-10.82349827090077,-1,1,0,0,1,-1,0
2012-05-14,0.8993769667856496,0.0011380115782963773,-10.722014379421083,-1,1,0,0,1,-1,0
2012-05-15,0.899845735097267,0.0005212144950660358,-10.675481399225326,-1,1,0,0,1,-1,0
2012-05-16,0.8992059590413142,-0.0007109841509484738,-10.738989716241583,-1,1,0,0,1,-1,0
2012-05-17,0.897613688581719,-0.0017707516766157227,-10.897048799857956,-1,1,0,0,1,-1,0
2012-05-18,0.8923184063251685,-0.0058992886627178,-11.422692829687659,-1,1,0,0,1,-1,0
2012-05-21,0.8927626956930593,0.0004979045201148335,-11.37858978806797,-1,1,0,0,1,-1,0
2012-05-22,0.8926678391937318,-0.00010625051851423373,-11.388005858854445,-1,1,0,0,1,-1,0
2012-05-23,0.8956925029852186,0.0033883418430518675,-11.087758131309736,-1,1,0,0,1,1,-1
2012-05-24,0.8969533255061793,0.0014076510819936328,-10.962600717840795,-1,0,0,0,1,1,-1
2012-05-25,0.893640076999444,-0.0036938917695249762,-11.291495234229071,-1,0,0,0,1,1,-1
2012-05-28,0.8914258276222362,-0.0024777865655293274,-11.511295975585893,-1,0,0,0,1,1,-1
2012-05-29,0.8912887238778006,-0.00015380275081475214,-11.524905781680882,-1,0,0,0,1,1,-1
2012-05-30,0.8901278412043838,-0.0013024765626631352,-11.640142518279653,-1,0,0,0,1,1,-1
2012-05-31,0.8950357775081151,0.005513743168723634,-11.152948957700431,-1,0,0,0,1,1,-1
2012-06-01,0.8942031799927072,-0.0009302393673312481,-11.235597982251267,-1,0,0,0,1,1,-1
2012-06-04,0.8972159180602335,0.0033691873781425408,-10.9365340793447,-1,0,0,0,1,1,-1
2012-06-05,0.8922092081792861,-0.005580273131769425,-11.433532545244,-1,0,0,0,1,1,-1
2012-06-06,0.890497533702502,-0.0019184676207018858,-11.603444445335906,-1,0,0,0,1,1,-1
2012-06-07,0.8840963753542974,-0.0071882943028375446,-12.238864902019957,-1,0,0,0,1,1,-1
2012-06-08,0.8840532474171757,-4.8781940887893116e-05,-12.243146060524555,-1,0,0,0,1,1,-1
2012-06-11,0.8805696712127368,-0.003940459711693267,-12.588948407898007,-1,0,0,0,1,1,-1
2012-06-12,0.8851177845852667,0.005164967090299816,-12.1374732030963,-1,0,0,0,1,1,-1
2012-06-13,0.8815348255323524,-0.004048002554364133,-12.493140936003053,-1,0,0,0,1,1,-1
2012-06-14,0.8815400440215849,5.919776600166182e-06,-12.492622914946402,-1,0,0,0,1,1,-1
2012-06-15,0.8785206265895628,-0.0034251619679663836,-12.792349854854624,-1,0,0,0,1,1,-1
2012-06-18,0.8773039601058281,-0.0013849037198565006,-12.913124053940589,-1,0,0,0,1,1,-1
2012-06-19,0.8769796779338872,-0.000369634911828981,-12.94531440365237,-1,0,0,0,1,1,-1
2012-06-20,0.8748288471536098,-0.00245254346753479,-13.158819804129978,-1,0,-1,-1,1,1,-1
2012-06-21,0.8729309223599455,-0.0021694812646375627,-13.347220117563936,0,0,-1,-1,1,1,0
2012-06-22,0.8743231366799259,0.0015948734135990683,-13.209019902714985,0,0,-1,-1,1,1,0
2012-06-25,0.8730259100609394,-0.0014836924296804943,-13.337791022849874,0,0,-1,-1,1,1,0
2012-06-26,0.8764501910441331,0.003922313122361659,-12.997874703365955,0,0,-1,-1,1,1,0
2012-06-27,0.8785603807236708,0.002407654994089098,-12.788403601899153,0,0,-1,-1,1,1,0
2012-06-28,0.8775506943518493,-0.0011492509723576572,-12.888631613860529,0,0,-1,-1,1,1,0
2012-06-29,0.8789062014764736,0.001544648227559564,-12.754075193082587,0,0,-1,-1,1,1,0
2012-07-02,0.8723903952695296,-0.007413539915861467,-13.400876339134918,0,0,-1,-1,1,1,0
2012-07-03,0.8760515761513338,0.004196723051579532,-13.03744380062078,0,0,-1,-1,1,1,0
2012-07-04,0.8741173272559657,-0.002207916688952899,-13.2294498797674,0,0,-1,-1,1,1,0
2012-07-05,0.8754035703247468,0.0014714764582220152,-13.101769057998503,0,0,-1,-1,1,1,0
2012-07-06,0.879283672316539,0.0044323579698821725,-12.716604991514057,0,0,-1,-1,1,1,0
2012-07-09,0.8838677521352464,0.005213425385951126,-12.26155952420482,0,0,-1,-1,1,1,0
2012-07-10,0.8826338880283543,-0.0013959827179023943,-12.384040870804741,0,0,-1,-1,1,1,0
2012-07-11,0.8852579717635043,0.0029730149394239236,-12.1235573153817,0,0,-1,-1,1,1,0
2012-07-12,0.8847780453278361,-0.0005421317299318662,-12.171197923274578,0,0,-1,-1,1,1,0
2012-07-13,0.886348165162748,0.001774591767057243,-12.015337654198714,0,0,-1,-1,1,1,0
2012-07-16,0.8869695377514658,0.000701047977691438,-11.953656184593326,0,0,-1,-1,1,1,0
2012-07-17,0.8878497210549798,0.0009923489658340001,-11.866283486362633,0,0,-1,-1,1,1,0
2012-07-18,0.8866858223024146,-0.0013109186441848109,-11.98181961852166,1,0,-1,-1,1,1,0
2012-07-19,0.8884196132275454,0.0019553610552029534,-11.809712296453883,1,0,-1,-1,0,1,0
2012-07-20,0.8899469366115259,0.0017191464047399962,-11.658100280415356,1,0,-1,-1,0,1,0
2012-07-23,0.8944210398122144,0.005027381989451629,-11.213971804851164,1,0,-1,-1,0,1,0
2012-07-24,0.8934475888395188,-0.0010883587587563193,-11.310602856292547,1,0,-1,-1,0,1,0
2012-07-25,0.8951062107850444,0.0018564289234693776,-11.145957294229914,1,0,-1,-1,0,1,0
2012-07-26,0.8941325494086987,-0.0010877607200286965,-11.242609231701003,1,0,-1,-1,0,1,0
2012-07-27,0.8903455289644596,-0.0042354127995268,-11.618533420613652,1,0,-1,-1,0,1,0
2012-07-30,0.8904540323009735,0.00012186654841753186,-11.60776267633754,1,0,-1,-1,0,1,0
2012-07-31,0.8939416265355635,0.003916647135145057,-11.261561473254753,1,0,-1,-1,0,1,0
2012-08-01,0.8923700073842548,-0.0017580780496815052,-11.417570574191636,1,0,-1,-1,0,1,0
2012-08-02,0.8932207514325363,0.0009533534758472406,-11.333120207199554,1,0,-1,-1,0,1,0
2012-08-03,0.8956865845639619,0.002760608872410031,-11.08834563215462,1,0,-1,-1,0,1,0
2012-08-06,0.8876627704683397,-0.008958283214131446,-11.884841413018755,1,0,-1,-1,0,1,0
2012-08-07,0.8901932627754943,0.002850736103102991,-11.6336483492042,1,0,-1,-1,0,1,0
2012-08-08,0.8886307327293421,-0.0017552705816717418,-11.788755206666496,1,0,-1,-1,0,1,0
2012-08-09,0.8901425816943519,0.0017013241938710344,-11.638679281728118,1,0,-1,-1,0,1,0
2012-08-10,0.8926972918564096,0.002870001070159889,-11.385082196705937,1,0,-1,-1,0,1,0
2012-08-13,0.8938755256374935,0.0013198581331346215,-11.268123076726203,1,0,-1,-1,0,1,0
2012-08-14,0.8910019746281946,-0.0032147104679363103,-11.553370370311082,1,0,-1,-1,0,1,0
2012-08-15,0.889173295676851,-0.0020523848469659045,-11.734896892728266,1,0,-1,-1,0,1,1
2012-08-16,0.8903928984255873,0.0013716142338799698,-11.613831220951447,1,0,-1,-1,0,0,1
2012-08-17,0.8898892489527739,-0.0005656485734600869,-11.66382673123492,1,0,-1,-1,0,0,1
2012-08-20,0.8878708132712314,-0.002268187512005332,-11.864189736301473,1,0,-1,-1,0,0,1
2012-08-21,0.8878745102320547,4.163849929517127e-06,-11.863822752014118,1,0,-1,-1,0,0,1
2012-08-22,0.8840160022620454,-0.004345780766924934,-12.246843255968697,1,0,-1,-1,0,0,1
2012-08-23,0.8843725445433096,0.00040332107150997665,-12.211450558762316,1,0,-1,-1,0,0,1
2012-08-24,0.880991888635235,-0.0038226604036201706,-12.54703637060259,1,0,-1,-1,0,0,1
2012-08-27,0.8817679556508844,0.000880901431285136,-12.469998929771329,1,0,-1,-1,0,0,1
2012-08-28,0.880495079113916,-0.0014435504588379278,-12.596352902978339,1,0,-1,-1,0,0,1
2012-08-29,0.8771728272705457,-0.0037731634419963245,-12.926141148901973,1,0,-1,-1,0,0,1
2012-08-30,0.8768557448999178,-0.000361482208260544,-12.957616799681231,1,0,-1,-1,0,0,1
2012-08-31,0.875424328389318,-0.00163244241589941,-13.099708477998409,1,0,-1,-1,0,0,1
2012-09-03,0.8736217560329639,-0.0020590841468510757,-13.278643490628097,1,0,-1,-1,0,0,1
2012-09-04,0.8717297584972972,-0.002165694160660675,-13.466455426025014,1,0,-1,-1,0,0,1
2012-09-05,0.8720701725611073,0.00039050412182434213,-13.432663720192808,1,0,-1,-1,0,0,1
2012-09-06,0.8702301271579106,-0.0021099740148121937,-13.615318550274708,1,0,-1,-1,0,0,1
2012-09-07,0.8727859844787543,0.0029369901605119653,-13.361607590837918,1,0,-1,-1,0,0,1
2012-09-10,0.8723736870410693,-0.000472392367679042,-13.402534906159987,1,0,-1,-1,0,0,1
2012-09-11,0.8719557192920937,-0.00047911549280360566,-13.444025093323969,1,0,-1,-1,0,0,1
2012-09-12,0.8731426039889209,0.0013611754250442143,-13.326207227390258,1,1,-1,-1,0,0,1
2012-09-13,0.8728618041978923,-0.0003215967125481667,-13.35408123421001,0,1,-1,-1,0,0,1
2012-09-14,0.8753987746584228,0.0029064972809319523,-13.102245106913395,0,1,-1,-1,0,0,1
2012-09-17,0.8700120382577868,-0.006153465776483152,-13.636967467701227,0,1,-1,-1,0,0,1
2012-09-18,0.8689331450699246,-0.0012400899532641063,-13.744065396677948,0,1,-1,-1,0,0,1
2012-09-19,0.8706960487320039,0.002028813922085315,-13.569068155692241,0,1,-1,-1,0,0,1
2012-09-20,0.870531128892967,-0.0001894114935711566,-13.58543916758362,0,1,-1,-1,0,0,1
2012-09-21,0.8729630585258122,0.0027936159341456768,-13.344030073499983,0,1,-1,-1,0,0,1
2012-09-24,0.8722590274359978,-0.0008064844015316652,-13.4139167615453,0,1,-1,-1,0,0,1
2012-09-25,0.8716628718785226,-0.0006834616079899325,-13.473095025225007,0,1,-1,-1,0,0,1
2012-09-26,0.8717550023399839,0.0001056950622007613,-13.46394955862166,0,1,-1,-1,0,0,1
2012-09-27,0.8732443208372314,0.0017084140535469083,-13.316110153909166,0,1,-1,-1,0,0,1
2012-09-28,0.8743787885575224,0.0012991412520191314,-13.203495536724633,0,1,-1,-1,0,0,1
2012-10-01,0.8760785098616645,0.001943918729943317,-13.034770186004868,0,1,-1,-1,0,0,1
2012-10-02,0.8742160035283252,-0.002125958247318871,-13.219654633557917,0,1,-1,-1,0,0,1
2012-10-03,0.8720255965558611,-0.0025055672323814893,-13.437088623322824,0,1,-1,-1,0,0,1
2012-10-04,0.8704246173295519,-0.0018359314596181064,-13.596012195555405,0,1,-1,-1,0,0,1
2012-10-05,0.8689297972949591,-0.0017173457699058425,-13.744397718514358,0,1,-1,-1,0,0,1
2012-10-08,0.8687683408848794,-0.00018581064958569926,-13.760424928004683,0,1,-1,-1,0,0,1
2012-10-09,0.8708374923625857,0.002381706814498785,-13.55502754437624,0,1,-1,-1,0,0,1
2012-10-10,0.8726234325151115,0.002050830571936557,-13.37774355207402,-1,1,1,1,0,-1,1
2012-10-11,0.8718369984932887,-0.0009012295481869992,-13.455810089115513,-1,0,1,1,0,-1,0
2012-10-12,0.8745090295368301,0.0030648286871963193,-13.190566973166465,-1,0,1,1,0,-1,0
2012-10-15,0.8755451515066047,0.0011848041984465485,-13.087714792451507,-1,0,1,1,0,-1,0
2012-10-16,0.8766291118032501,0.0012380404309019766,-12.98011386942248,-1,0,1,1,0,-1,0
2012-10-17,0.8803920541552882,0.004292513562888262,-12.606579827965986,-1,0,1,1,0,-1,0
2012-10-18,0.8797922105969398,-0.0006813368606829184,-12.66612418651035,-1,0,1,1,0,-1,0
2012-10-19,0.8792285419622607,-0.0006406838204404408,-12.722077587720412,-1,0,1,1,0,-1,0
2012-10-22,0.8789749458772875,-0.000288430223622238,-12.747251178399068,-1,0,1,1,0,-1,0
2012-10-23,0.8815516959390332,0.002931539828104901,-12.491466270116911,-1,0,1,1,0,-1,0
2012-10-24,0.8793065846862105,-0.002546772087405752,-12.714330561229978,-1,0,1,1,0,-1,0
2012-10-25,0.8775906103494243,-0.0019515085712664137,-12.884669293288468,-1,0,1,1,0,-1,0
2012-10-26,0.877589944188747,-7.590790847555873e-07,-12.884735420713966,-1,0,1,1,0,-1,0
2012-10-29,0.8755159133966152,-0.0023633256122244373,-13.0906171567099,-1,0,1,1,0,-1,0
2012-10-30,0.8757497850055653,0.0002671243382005306,-13.067401545334464,-1,0,1,1,0,-1,0
2012-10-31,0.8768192553398639,0.0012212053632326136,-12.96123898986188,-1,0,1,1,0,-1,0
2012-11-01,0.8773523275596012,0.0006079613517732674,-12.90832278706148,-1,0,1,1,0,-1,0
2012-11-02,0.8771989197095681,-0.00017485318635876435,-12.9235510443275,-1,0,1,1,0,-1,0
2012-11-05,0.8752378560580635,-0.0022355974311435434,-13.118218929925904,-1,0,1,1,0,-1,0
2012-11-06,0.8725841948869668,-0.0030319314375275574,-13.381638533300647,-1,0,1,1,0,-1,0
2012-11-07,0.871964867412889,-0.0007097624248833534,-13.443116991574666,-1,0,1,1,0,-1,0
2012-11-08,0.8702793335614099,-0.0019330295456514435,-13.610434003809452,-1,0,1,1,0,-1,0
2012-11-09,0.8686041922484635,-0.0019248317733701337,-13.776719385326569,-1,0,1,1,0,-1,0
2012-11-12,0.8679519347526774,-0.0007509260277661634,-13.841466690939509,-1,0,1,1,0,-1,0
2012-11-13,0.8672897826133577,-0.0007628903316038993,-13.907196202986166,-1,0,1,1,0,-1,0
2012-11-14,0.8668485242133425,-0.000508778506170815,-13.950998371094062,-1,0,1,1,0,-1,0
2012-11-15,0.8711979135059558,0.005017473262194622,-13.519249806182486,-1,0,1,1,0,-1,0
2012-11-16,0.8758737927706991,0.005367183727433555,-13.055091731005971,-1,0,1,1,0,-1,0
2012-11-19,0.8755864520666822,-0.00032806176687624755,-13.08361503123359,-1,0,1,1,0,-1,0
2012-11-20,0.8748039862157286,-0.000893647736447678,-13.161287661921131,-1,0,1,1,0,-1,0
2012-11-21,0.8775103655307732,0.0030936979685609045,-12.892634913968374,-1,0,1,1,0,-1,0
2012-11-22,0.8815910990124972,0.004650353593550788,-12.487554865715815,-1,0,1,1,0,-1,0
2012-11-23,0.881483968145082,-0.00012151990592376705,-12.49818936981569,-1,0,1,1,0,-1,0
2012-11-26,0.8835068231831563,0.0022948290736711785,-12.29738767078268,-1,0,1,1,0,-1,0
2012-11-27,0.8821295297950823,-0.0015588938895930715,-12.434106737244047,-1,0,1,1,0,-1,0
2012-11-28,0.8815686847791799,-0.0006357853319258477,-12.489779847757493,-1,0,1,1,0,-1,0
2012-11-29,0.8817159469304517,0.0001670455788805869,-12.475161652374206,-1,0,1,1,0,-1,0
2012-11-30,0.8833316203501407,0.0018324194150210749,-12.314779439289447,-1,0,1,1,0,-1,0
2012-12-03,0.8847588161359891,0.0016156964756708636,-12.173106737461083,-1,0,1,1,0,-1,0
2012-12-05,0.8839258446240975,-0.0009414673204720669,-12.255792887326347,-1,0,1,1,0,-1,0
2012-12-06,0.8856647813147598,0.0019672879814955357,-12.08317476322773,-1,-1,1,1,0,-1,1
2012-12-07,0.8834737783138064,-0.0024738513342495625,-12.300667918642711,0,-1,0,1,0,-1,1
2012-12-10,0.8824282352997159,-0.0011834454397571248,-12.404455293264133,0,-1,0,1,0,-1,1
2012-12-11,0.8824520109489009,2.6943436569615287e-05,-12.402095168261553,0,-1,0,1,0,-1,1
2012-12-12,0.8854464859485236,0.0033933573298821906,-12.104844175818455,0,-1,0,1,0,-1,1
2012-12-13,0.8887553543217592,0.003736949014700869,-11.776384459864305,0,-1,0,1,0,-1,1
2012-12-14,0.8902950517841457,0.0017324199003689311,-11.623544112620076,0,-1,0,1,0,-1,1
2012-12-17,0.8939442911624808,0.004098910098424197,-11.26129696512036,0,-1,0,1,0,-1,1
2012-12-18,0.8925031301212201,-0.0016121374178548198,-11.404355948694791,0,-1,0,1,0,-1,1
2012-12-19,0.8942296126894507,0.0019344274658131544,-11.23297410149055,0,-1,0,1,0,-1,1
2012-12-20,0.8929086339785719,-0.001477225415188188,-11.364103008178498,0,-1,0,1,0,-1,1
2012-12-21,0.8932120454952537,0.00033980130232350025,-11.33398441494807,0,-1,0,1,0,-1,1
2012-12-24,0.8907350555764838,-0.002773126416355548,-11.579866484999972,0,-1,0,1,0,-1,1
2012-12-25,0.8913341013468958,0.0006725296895654653,-11.52040132005578,0,-1,0,1,0,-1,1
2012-12-26,0.891402174468498,7.637217234188198e-05,-11.513643940896664,0,-1,0,1,0,-1,1
2012-12-27,0.8937973233845076,0.002686945336921126,-11.275885939102508,0,-1,0,1,0,-1,1
2012-12-28,0.8970010048066077,0.003584348865544762,-10.957867761521872,0,-1,0,1,0,-1,1
2012-12-31,0.8955110417372282,-0.0016610494987134572,-11.105771150640978,0,-1,0,1,0,-1,1
2013-01-01,0.898248587394248,0.0030569647155986313,-10.834024629628129,0,-1,0,1,0,-1,1
2013-01-02,0.8977687368733664,-0.0005342068193767147,-10.881657701727358,0,-1,0,1,0,-1,1
2013-01-03,0.8990504261740169,0.0014276385977908812,-10.754428916491198,1,-1,1,1,0,-1,1
2013-01-04,0.8950989791660053,-0.004395133902363198,-11.146675151596096,1,-1,1,0,0,-1,0
2013-01-07,0.8974604798593997,0.0026382564927004692,-10.912257290416763,1,-1,1,0,0,-1,0
2013-01-08,0.8961751500236773,-0.0014321854438913428,-11.039847458754567,1,-1,1,0,0,-1,0
2013-01-09,0.8947256536419251,-0.001617425323290761,-11.183733862238583,1,-1,1,0,0,-1,0
2013-01-10,0.897530229870933,0.003134565570565684,-10.905333452296956,1,-1,1,0,0,-1,0
2013-01-11,0.9038115126000055,0.006998407986743588,-10.281812626353263,1,-1,1,0,0,-1,0
2013-01-14,0.9039320086865116,0.00013331992879747623,-10.269851404000775,1,-1,1,0,0,-1,0
2013-01-15,0.9021036056995176,-0.0020227218080824116,-10.451350532408378,1,-1,1,0,0,-1,0
2013-01-16,0.8982037388594631,-0.004323080869442303,-10.838476585806117,1,-1,1,0,0,-1,0
2013-01-17,0.8983545934303095,0.00016795139490072275,-10.823501783577239,1,-1,1,0,0,-1,0
2013-01-18,0.9004357061638414,0.002316582726632599,-10.616917048187476,1,-1,1,0,0,-1,0
2013-01-21,0.9016943010433358,0.0013977620732705531,-10.491980764845437,1,-1,1,0,0,-1,0
2013-01-22,0.9005134956698491,-0.001309540685929228,-10.609195157750806,1,-1,1,0,0,-1,0
2013-01-23,0.8998272077521394,-0.0007621073098955655,-10.677320543558535,1,-1,1,0,0,-1,0
2013-01-24,0.9010878372340646,0.0014009683982265098,-10.552182292395141,1,-1,1,0,0,-1,0
2013-01-25,0.9046876008160266,0.003994908635113509,-10.194846433042983,1,-1,1,0,0,-1,0
2013-01-28,0.9073876706110913,0.002984532774218701,-9.926820008928662,1,-1,1,0,0,-1,0
2013-01-29,0.9055362721925657,-0.002040361003890101,-10.110601812878818,1,-1,1,0,0,-1,0
2013-01-30,0.9072908372060013,0.001937597716751005,-9.93643232019132,1,-1,1,0,0,-1,0
2013-01-31,0.9097717236486141,0.002734389394091874,-9.69016345593358,1,-1,1,1,-1,-1,0
2013-02-01,0.9103118778301071,0.0005937249613855999,-9.636544251718712,0,0,1,1,-1,-1,0
2013-02-04,0.9162204086928597,0.00649066655796765,-9.050025191430958,0,0,1,1,-1,-1,0
2013-02-05,0.9115023874634569,-0.005149439135648304,-9.518366551096442,0,0,1,1,-1,-1,0
2013-02-06,0.9176580003943609,0.0067532603485921106,-8.907320523650121,0,0,1,1,-1,-1,0
2013-02-07,0.915866939434747,-0.0019517739275897728,-9.085112840446355,0,0,1,1,-1,-1,0
2013-02-08,0.9112839652144524,-0.005003973855768923,-9.540048558892938,0,0,1,1,-1,-1,0
2013-02-11,0.9071812436018143,-0.004502133000521602,-9.947311291501524,0,0,1,1,-1,-1,0
2013-02-12,0.913025121606221,0.006441797651376285,-9.367210092879011,0,0,1,1,-1,-1,0
2013-02-13,0.9123859956736321,-0.0007000091426448973,-9.430653874437414,0,0,1,1,-1,-1,0
2013-02-14,0.9140253149304526,0.0017967387318459094,-9.26792442233567,0,0,1,1,-1,-1,0
2013-02-15,0.9112450594623036,-0.0030417707504747926,-9.543910595957678,0,0,1,1,-1,-1,0
2013-02-18,0.912808388796352,0.0017155970480332294,-9.388724395999478,0,0,1,1,-1,-1,0
2013-02-19,0.9126944785848048,-0.00012479093416012388,-9.400031861727548,0,0,1,1,-1,-1,0
2013-02-20,0.9147107095290614,0.002209097339323257,-9.19988771317053,0,0,1,1,-1,-1,0
2013-02-21,0.913970668919771,-0.0008090433418795895,-9.273348939458108,0,0,1,1,-1,-1,0
2013-02-22,0.9101946755340976,-0.004131416372624153,-9.648178511082985,0,0,1,1,-1,-1,0
2013-02-25,0.9153350783502818,0.005647586120153675,-9.137908818111569,0,0,1,1,-1,-1,0
2013-02-26,0.9072895378006752,-0.00878972164391112,-9.936561307584043,0,0,1,1,-1,-1,0
2013-02-27,0.9070626730850966,-0.00025004665669189907,-9.959081369319263,0,0,1,1,-1,-1,0
2013-02-28,0.9092036165007403,0.0023603037355313383,-9.746557452724598,0,0,1,1,-1,-1,0
2013-03-01,0.9062661677699615,-0.0032307930561079057,-10.038147648196174,0,0,1,1,-1,-1,0
2013-03-04,0.9086461985256408,0.0026261939817699975,-9.801890372960981,0,0,1,1,-1,-1,0
2013-03-05,0.9076012210862302,-0.0011500377606885048,-9.9056216049748,0,0,1,1,-1,-1,0
2013-03-06,0.9071929681588988,-0.0004498153129881832,-9.946147435991035,0,0,1,1,-1,-1,0
2013-03-07,0.9078820640515012,0.0007595913072395155,-9.87774331239998,0,0,1,1,-1,-1,0
2013-03-08,0.9136674928565118,0.0063724453143094995,-9.303444160056083,0,0,1,1,-1,-1,0
2013-03-11,0.9138145189710193,0.00016091862264658308,-9.288849395211528,0,0,1,1,-1,-1,0
2013-03-12,0.916714261636098,0.003173228926526439,-9.00100214815391,0,0,1,1,-1,-1,0
2013-03-13,0.914992748455088,-0.0018779168744876562,-9.171890701781365,0,0,1,1,-1,-1,0
2013-03-14,0.9126250392741753,-0.002587680814859439,-9.406924857662325,0,0,1,1,-1,-1,0
2013-03-15,0.9122865976492109,-0.0003708441149427588,-9.440520766433439,0,0,1,1,-1,-1,0
2013-03-18,0.9077100023428163,-0.00501662012594245,-9.894823272551422,0,0,1,1,-1,-1,0
2013-03-19,0.9094089928748615,0.0018717327424619123,-9.726170463005337,0,0,1,1,-1,-1,0
2013-03-20,0.9072150433448473,-0.0024125003680453283,-9.943956109988191,0,0,1,1,-1,-1,0
2013-03-21,0.9114524003793898,0.004670730567826076,-9.523328592973618,0,0,1,1,-1,-1,0
2013-03-22,0.9066209236182963,-0.005300854722728815,-10.002932283898328,0,0,1,1,-1,-1,0
2013-03-25,0.9094237360351508,0.0030914931961514847,-9.724706961380415,0,0,1,1,-1,-1,0
2013-03-26,0.9030848911803006,-0.006970177491172541,-10.353941776927208,0,0,1,1,-1,-1,0
2013-03-27,0.9050067996149288,0.002128159216700426,-10.163160691878913,0,0,1,1,-1,-1,0
2013-03-28,0.9019269301474586,-0.003403145113142464,-10.468888492550505,1,0,1,1,-1,-1,1
2013-03-29,0.9017678324057448,-0.00017639759541036396,-10.484681565334835,1,0,0,0,-1,-1,1
2013-04-01,0.9019204585245305,0.00016925212155607938,-10.469530907777996,1,0,0,0,-1,-1,1
2013-04-02,0.8995588260937116,-0.002618448676374674,-10.703961846067736,1,0,0,0,-1,-1,1
2013-04-03,0.902942477844405,0.003761456897028864,-10.36807864747628,1,0,0,0,-1,-1,1
2013-04-04,0.9014336456198624,-0.0016710169934020802,-10.517855111207625,1,0,0,0,-1,-1,1
2013-04-05,0.9076249326699958,0.006868267098989939,-9.903267839520888,1,0,0,0,-1,-1,1
2013-04-08,0.9094408602835435,0.002000746727181424,-9.723007097521066,1,0,0,0,-1,-1,1
2013-04-09,0.9150606989942596,0.006179443827676628,-9.16514549094864,1,0,0,0,-1,-1,1
2013-04-10,0.9163189922103847,0.0013750926222798054,-9.040239152667391,1,0,0,0,-1,-1,1
2013-04-11,0.9204703291611136,0.0045304495334259065,-8.628150546576055,1,0,0,0,-1,-1,1
2013-04-12,0.9209467424826695,0.0005175759679185155,-8.580858673154689,1,0,0,0,-1,-1,1
2013-04-15,0.9163890457750598,-0.004948925380118208,-9.033285181895733,1,0,0,0,-1,-1,1
2013-04-16,0.9060225570806194,-0.01131232279808908,-10.062330023799847,1,0,0,0,-1,-1,1
2013-04-17,0.9095651136046361,0.003910009189430574,-9.710672907716923,1,0,0,0,-1,-1,1
2013-04-18,0.9092650447160261,-0.00032990369146945753,-9.74045969002496,1,0,0,0,-1,-1,1
2013-04-19,0.908010786360514,-0.0013794199642896965,-9.864965501896151,1,0,0,0,-1,-1,1
2013-04-22,0.9116255456341449,0.003980965125006397,-9.50614107301795,1,0,0,0,-1,-1,1
2013-04-23,0.9093813769766028,-0.0024617219957136505,-9.728911796015513,1,0,0,0,-1,-1,1
2013-04-24,0.9114392299446609,0.0022629152302411915,-9.524635975668271,1,0,0,0,-1,-1,1
2013-04-25,0.9120289228152053,0.0006469908812025693,-9.466099240171049,1,0,0,-1,-1,-1,1
2013-04-26,0.9110380491584479,-0.0010864498175110703,-9.564459780130134,1,0,0,-1,0,-1,1
2013-04-29,0.9065967322251559,-0.004875007072859927,-10.005333678339912,1,0,0,-1,0,-1,1
2013-04-30,0.9083981393391686,0.0019869993459951385,-9.826514335215727,1,0,0,-1,0,-1,1
2013-05-01,0.9067478831677338,-0.001816666173089343,-9.990329456332498,1,0,0,-1,0,-1,1
2013-05-02,0.9028454151901494,-0.004303807100107165,-10.37771371549664,1,0,0,-1,0,-1,1
2013-05-03,0.9059707782988167,0.0034616813200618324,-10.067469921204331,1,0,0,-1,0,-1,1
2013-05-06,0.9095210598389399,0.003918759440331793,-9.715045969965125,1,0,0,-1,0,-1,1
2013-05-07,0.9090127442426785,-0.0005588827116893014,-9.765504669898185,1,0,0,-1,0,-1,1
2013-05-08,0.9046505363610481,-0.004798841280563848,-10.198525691019128,1,0,0,-1,0,-1,1
2013-05-09,0.9035888304639685,-0.0011736088737096806,-10.30391749814036,1,0,0,-1,0,-1,1
2013-05-10,0.9059455616977299,0.0026081898694468864,-10.06997308442995,1,0,0,-1,0,-1,1
2013-05-13,0.9042918316271582,-0.0018254188115592596,-10.234133047285665,1,0,0,-1,0,-1,1
2013-05-14,0.9027304615125243,-0.0017266219377701508,-10.389124762429185,1,0,0,-1,0,-1,1
2013-05-15,0.9021628916654146,-0.0006287257064071794,-10.445465423264688,1,0,0,-1,0,-1,1
2013-05-16,0.9040187091490647,0.002057075834968336,-10.261244954275053,1,0,0,-1,0,-1,1
2013-05-17,0.8997623160970105,-0.004708301951029975,-10.683762109739844,1,0,0,-1,0,-1,1
2013-05-20,0.898797178179702,-0.0010726587455841263,-10.77956795343551,1,0,0,-1,0,-1,1
2013-05-21,0.8997491683953543,0.0010591824704884178,-10.685067235802387,1,0,0,-1,0,-1,1
2013-05-22,0.899742165730656,-7.78290766395573e-06,-10.685762365677101,1,0,0,-1,0,-1,1
2013-05-23,0.8956252396750946,-0.004575673134334268,-11.094435123334016,-1,1,0,-1,1,-1,1
2013-05-24,0.8956477696367411,2.5155568030547453e-05,-11.092198653348467,-1,1,0,0,1,-1,0
2013-05-27,0.8942579909813118,-0.0015517022456194296,-11.230157088351149,-1,1,0,0,1,-1,0
2013-05-28,0.8936637931366122,-0.0006644590830522101,-11.289141016774916,-1,1,0,0,1,-1,0
2013-05-29,0.8953046603980309,0.0018361125000483092,-11.12625789970579,-1,1,0,0,1,-1,0
2013-05-30,0.8933104205722939,-0.002227442695149684,-11.3242190673377,-1,1,0,0,1,-1,0
2013-05-31,0.8953786384456264,0.0023152286435966785,-11.118914359329088,-1,1,0,0,1,-1,0
2013-06-03,0.8935839774343957,-0.0020043598698604725,-11.29706404057688,-1,1,0,0,1,-1,0
2013-06-04,0.8921598122165187,-0.0015937676299499492,-11.438435908590536,-1,1,0,0,1,-1,0
2013-06-05,0.8941158332698826,0.002192455910454305,-11.244268583959249,-1,1,0,0,1,-1,0
2013-06-06,0.8957864806196556,0.0018684909578920161,-11.078429302347276,-1,1,0,0,1,-1,0
2013-06-07,0.895303699262783,-0.0005389469112536127,-11.126353308218587,-1,1,0,0,1,-1,0
2013-06-10,0.9010352661371505,0.006401813015055241,-10.557400840131729,-1,1,0,0,1,-1,0
2013-06-11,0.9019262935696117,0.0009888929611837072,-10.468951683392563,-1,1,0,0,1,-1,0
2013-06-12,0.8956406872572593,-0.006969090885991791,-11.092901696229132,-1,1,0,0,1,-1,0
2013-06-13,0.8964514644735689,0.0009052483075466244,-11.012418695960752,-1,1,0,0,1,-1,0
2013-06-14,0.8932615684681349,-0.0035583588536020616,-11.329068443754615,-1,1,0,0,1,-1,0
2013-06-17,0.8916861130609612,-0.0017637111712702491,-11.485458356307305,-1,1,0,0,1,-1,0
2013-06-18,0.8928814385128578,0.0013405226731560693,-11.36680260632992,-1,1,0,0,1,-1,0
2013-06-19,0.8944099807358902,0.0017119207064916486,-11.215069600429121,-1,1,0,0,1,-1,0
2013-06-20,0.8982149992005648,0.004254221829617849,-10.837358811382174,-1,1,1,1,1,-1,-1
2013-06-21,0.9004850777203393,0.002527321990608963,-10.612016107565397,-1,0,1,1,0,0,-1
2013-06-24,0.8951221216587881,-0.005955630131182166,-11.144377877800803,-1,0,1,1,0,0,-1
2013-06-25,0.8959618173567743,0.0009380794839814466,-11.061024241651552,-1,0,1,1,0,0,-1
2013-06-26,0.8942668301971877,-0.0018918073591430162,-11.229279650505829,-1,0,1,1,0,0,-1
2013-06-27,0.8905223631155461,-0.004187192183809196,-11.600979716904348,-1,0,1,1,0,0,-1
2013-06-28,0.8898376590533726,-0.000768879132667627,-11.66894787894829,-1,0,1,1,0,0,-1
2013-07-01,0.8948432662828734,0.0056253038726476745,-11.17205886937669,-1,0,1,1,0,0,-1
2013-07-02,0.8903523002482701,-0.005018718030095404,-11.6178612591052,-1,0,1,1,0,0,-1
2013-07-03,0.8920135202179134,0.0018658007276222688,-11.452957800333635,-1,0,1,1,0,0,-1
2013-07-04,0.8942443192384281,0.002500857856918892,-11.231514234141684,-1,0,1,1,0,0,-1
2013-07-05,0.8876067041068,-0.007422596922148694,-11.890406923371142,-1,0,1,1,0,0,-1
2013-07-08,0.8890393926363612,0.0016141028711617322,-11.748188976209258,-1,0,1,1,0,0,-1
2013-07-09,0.8856350252780878,-0.003829264919497033,-12.086128540244747,-1,0,1,1,0,0,-1
2013-07-10,0.8805167987759368,-0.005779159988104382,-12.594196868584323,-1,0,1,1,0,0,-1
2013-07-11,0.8888731127046678,0.00949023793793341,-11.764694999711026,-1,0,1,1,0,0,-1
2013-07-12,0.8914619526245812,0.0029124966014957843,-11.50770997376574,-1,0,1,1,0,0,-1
2013-07-15,0.8946841210813075,0.003614476700031566,-11.187856653333471,-1,0,1,1,0,0,-1
2013-07-16,0.894012304264599,-0.0007508983348184228,-11.254545543884142,-1,0,1,1,0,0,-1
2013-07-17,0.8912866477901519,-0.0030487907844727324,-11.52511186759379,-1,0,1,1,0,0,-1
2013-07-18,0.8901923358317678,-0.0012277890183783613,-11.633740363645014,-1,0,1,1,0,0,-1
2013-07-19,0.890633085543655,0.0004951173967086275,-11.589988691216972,-1,0,1,1,0,0,-1
2013-07-22,0.8906593744100406,2.951705569043117e-05,-11.587379087989586,-1,0,1,1,0,0,-1
2013-07-23,0.8900489241969239,-0.0006853913299020298,-11.647976331816599,-1,0,1,1,0,0,-1
2013-07-24,0.8894605767658395,-0.0006610281919224859,-11.706379510274676,-1,0,1,1,0,0,-1
2013-07-25,0.8929801841862126,0.00395701339925672,-11.357000470927932,-1,0,1,1,0,0,-1
2013-07-26,0.8909486948814347,-0.0022749545183125552,-11.558659263223364,-1,0,1,1,0,0,-1
2013-07-29,0.8906265236627734,-0.0003616046810687723,-11.590640066033785,-1,0,1,1,0,0,-1
2013-07-30,0.8926409903850775,0.0022618535028795794,-11.390671045579804,-1,0,1,1,0,0,-1
2013-07-31,0.8967609280591381,0.0046154475521938965,-10.981699335155595,-1,0,1,1,0,0,-1
2013-08-01,0.9021947053014219,0.006059337636446949,-10.442307395604558,-1,0,1,1,0,0,-1
2013-08-02,0.8999718914539165,-0.0024637850726054455,-10.662958301780257,-1,0,1,1,0,0,-1
2013-08-05,0.9076481132359246,0.008529401701209915,-9.900966786338405,-1,0,1,1,0,0,-1
2013-08-06,0.9054675004561887,-0.0024024869858006725,-10.117428541067456,-1,0,1,1,0,0,-1
2013-08-07,0.9031708873138495,-0.002536383847219381,-10.345405243462436,-1,0,1,1,0,0,-1
2013-08-08,0.9026475320284811,-0.0005794642993032229,-10.397356880392348,-1,0,1,1,0,0,-1
2013-08-09,0.8998068614910146,-0.003147042933893396,-10.679340245280077,-1,0,1,1,0,0,-1
2013-08-12,0.8955964856222831,-0.004679199558175001,-11.097289436940255,-1,0,1,1,0,0,-1
2013-08-13,0.8971164844493901,0.001697191594103864,-10.946404503879595,-1,0,1,1,0,0,-1
2013-08-14,0.895537801946448,-0.001759729678706079,-11.1031147588696,-1,0,1,1,0,0,-1
2013-08-15,0.8921194504236049,-0.003817093500032509,-11.442442481696656,-1,0,1,1,0,1,-1
2013-08-16,0.8961881528294184,0.0045607148279096284,-11.038556715999464,-1,0,1,0,0,1,-1
2013-08-19,0.8914888305132375,-0.005243678240271776,-11.50504190037095,-1,0,1,0,0,1,-1
2013-08-20,0.8960375232955431,0.005102355325850683,-11.053509179600372,-1,0,1,0,0,1,-1
2013-08-21,0.9025033181213226,0.007215986672074709,-10.411672487312554,-1,0,1,0,0,1,-1
2013-08-22,0.9052970490621088,0.003095535367783342,-10.134348650956483,-1,0,1,0,0,1,-1
2013-08-23,0.9016801672538702,-0.003995243121565101,-10.493383776373719,-1,0,1,0,0,1,-1
2013-08-26,0.9036431300097844,0.0021770055804737898,-10.298527373365568,-1,0,1,0,0,1,-1
2013-08-27,0.9036499696303286,7.568939902474758e-06,-10.2978484283101,-1,0,1,0,0,1,-1
2013-08-28,0.9120817859150331,0.009330843322170074,-9.460851706333097,-1,0,1,0,0,1,-1
2013-08-29,0.907091418050499,-0.005471403926269186,-9.956227957788133,-1,0,1,0,0,1,-1
2013-08-30,0.9058196367836893,-0.0014020431033765768,-10.082473207381922,-1,0,1,0,0,1,-1
2013-09-02,0.9048871727522295,-0.00102941467991427,-10.175035629443828,-1,0,1,0,0,1,-1
2013-09-03,0.8986457862475217,-0.006897419581851999,-10.794596097632454,-1,0,1,0,0,1,-1
2013-09-04,0.8972861410650318,-0.0015129934433536496,-10.929563288848449,-1,0,1,0,0,1,-1
2013-09-05,0.8914625619642091,-0.006490214029061497,-11.507649486765791,-1,0,1,0,0,1,-1
2013-09-06,0.8898887461553452,-0.0017654311869209072,-11.663876642165784,-1,0,1,0,0,1,-1
2013-09-09,0.8871688409948878,-0.003056455284110915,-11.933872053180714,-1,0,1,0,0,1,-1
2013-09-10,0.8873315838540904,0.00018344068421066728,-11.917717142414356,-1,0,1,0,0,1,-1
2013-09-11,0.8828373032013247,-0.0050649393468503445,-12.36384856262015,-1,0,1,0,0,1,-1
2013-09-12,0.8816485248312672,-0.0013465429765447956,-12.48185440682957,-1,-1,1,0,1,-1,1
2013-09-13,0.8819973457359234,0.00039564621822831453,-12.447228183499268,0,-1,0,0,1,-1,1
2013-09-16,0.8840382719492691,0.0023139822622059714,-12.244632622508913,0,-1,0,0,1,-1,1
2013-09-17,0.8834912214036575,-0.0006188086680967986,-12.298936404514125,0,-1,0,0,1,-1,1
2013-09-18,0.8844123107325492,0.0010425562887068363,-12.207503109136372,0,-1,0,0,1,-1,1
2013-09-19,0.888283580940978,0.004377223339668612,-11.823215742697895,0,-1,0,0,1,-1,1
2013-09-20,0.8905144819041022,0.0025114738254656266,-11.601762057021949,0,-1,0,0,1,-1,1
2013-09-23,0.8899552869283531,-0.0006279459650710695,-11.65727137385764,0,-1,0,0,1,-1,1
2013-09-24,0.8887469121258648,-0.0013577927118777755,-11.777222486933606,0,-1,0,0,1,-1,1
2013-09-25,0.885595687460837,-0.003545694080095363,-12.090033466891255,0,-1,0,0,1,-1,1
2013-09-26,0.8862749036622726,0.0007669596984861138,-12.022610065465104,0,-1,0,0,1,-1,1
2013-09-27,0.8874998859341131,0.0013821696482418377,-11.901010387366043,0,-1,0,0,1,-1,1
2013-09-30,0.8865834760191023,-0.0010325746848365847,-11.991979173799724,0,-1,0,0,1,-1,1
2013-10-01,0.8891083487810846,0.0028478680578610804,-11.741343942453208,0,-1,0,0,1,-1,1
2013-10-02,0.8873551269288116,-0.0019718877397524592,-11.915380104260116,0,-1,0,0,1,-1,1
2013-10-03,0.8878292038195762,0.0005342583553952784,-11.868320160098994,0,-1,0,0,1,-1,1
2013-10-04,0.8858462160738944,-0.002233523899811657,-12.065164373351967,0,-1,0,0,1,-1,1
2013-10-07,0.884483791235306,-0.0015379925023856766,-12.20040749124427,0,-1,0,0,1,-1,1
2013-10-09,0.8859505939372329,0.0016583714890675005,-12.054803150276014,0,-1,0,0,1,-1,1
2013-10-10,0.8854041356699678,-0.0006168044482442181,-12.109048138894634,0,-1,0,0,1,-1,1
2013-10-11,0.8871070622417112,0.0019233325248191602,-11.940004612542857,0,-1,0,0,1,-1,1
2013-10-14,0.8875435535545244,0.0004920390462343494,-11.896675656401008,0,-1,0,0,1,-1,1
2013-10-15,0.8891800366524952,0.0018438341323273322,-11.734227739804785,0,-1,0,0,1,-1,1
2013-10-16,0.8905694242587056,0.0015625492576745448,-11.596308122881553,0,-1,0,0,1,-1,1
2013-10-17,0.8906653328828151,0.00010769359636331188,-11.586787611371516,0,-1,0,0,1,-1,1
2013-10-18,0.8915593061226391,0.0010037139729356936,-11.49804603470491,0,-1,0,0,1,-1,1
2013-10-21,0.8925242438758101,0.001082303495173409,-11.40226006059859,0,-1,0,0,1,-1,1
2013-10-22,0.8918179484095882,-0.0007913459730289618,-11.47237152531911,0,-1,0,0,1,-1,1
2013-10-23,0.8942122001983887,0.002684686704355066,-11.234702578185043,0,-1,0,0,1,-1,1
2013-10-24,0.8908723652925079,-0.0037349466996085545,-11.56623623283043,0,-1,0,0,1,-1,1
2013-10-25,0.8902798563770287,-0.0006650884442741811,-11.625052507195646,0,-1,0,0,1,-1,1
2013-10-28,0.8896218151841477,-0.0007391397077755046,-11.690373940060153,0,-1,0,0,1,-1,1
2013-10-29,0.8894091244853487,-0.00023907990470653506,-11.71148699704323,0,-1,0,0,1,-1,1
2013-10-30,0.8888360176936065,-0.000644368014634189,-11.768377290881949,0,-1,0,0,1,-1,1
2013-10-31,0.8892983329142994,0.0005201355609917857,-11.722484886306919,0,-1,0,0,1,-1,1
2013-11-01,0.8884575228540279,-0.000945475808456886,-11.8059491412776,0,-1,0,0,1,-1,1
2013-11-04,0.8873995587989035,-0.0011907874354261383,-11.910969508919496,0,-1,0,0,1,-1,1
2013-11-05,0.8887060081802332,0.0014722222570156818,-11.781282877631597,0,-1,0,0,1,-1,1
2013-11-06,0.8919117286562015,0.003607177679075896,-11.463062290351083,0,-1,0,0,1,-1,1
2013-11-07,0.8925100035476532,0.00067077814118785,-11.403673647847734,0,-1,0,0,1,-1,1
2013-11-08,0.8907468727396252,-0.001975474561651702,-11.578693436812202,1,-1,0,0,1,-1,1
2013-11-11,0.8889750690543535,-0.001989121421018436,-11.754574151771482,1,-1,0,0,1,-1,0
2013-11-12,0.888135699804387,-0.0009441988635962295,-11.837895382574947,1,-1,0,0,1,-1,0
2013-11-13,0.8869240040620346,-0.0013643137446441578,-11.958176153661263,1,-1,0,0,1,-1,0
2013-11-14,0.8887563170737386,0.0020659188423271524,-11.77628889086427,1,-1,0,0,1,-1,0
2013-11-15,0.8902747423022083,0.0017084831908359133,-11.625560163401152,1,-1,0,0,1,-1,0
2013-11-18,0.8921037120637738,0.0020543880160365235,-11.444004773276914,1,-1,0,0,1,-1,0
2013-11-19,0.8909096854472841,-0.001338439242369538,-11.562531592435452,1,-1,0,0,1,-1,0
2013-11-20,0.8940671266648588,0.0035440643076961875,-11.249103517189182,1,-1,0,0,1,-1,0
2013-11-21,0.8909302292618224,-0.003508570340504502,-11.560492280281952,1,-1,0,0,1,-1,0
2013-11-22,0.8935014232963626,0.0028859656458963268,-11.305258899262858,1,-1,0,0,1,-1,0
2013-11-25,0.8931485955605823,-0.00039488211946953067,-11.340282866614515,1,-1,0,0,1,-1,0
2013-11-26,0.8927281144306427,-0.00047078518852247675,-11.382022548259513,1,-1,0,0,1,-1,0
2013-11-27,0.8916430768512984,-0.0012154177311155812,-11.489730409349951,1,-1,0,0,1,-1,0
2013-11-28,0.8948565688304463,0.003604011585550404,-11.170738372305058,1,-1,0,0,1,-1,0
2013-11-29,0.8956997007804944,0.0009421978665810071,-11.087043631509468,1,-1,0,0,1,-1,0
2013-12-02,0.8983350409215257,0.002942213934798543,-10.825442692297958,1,-1,0,0,1,-1,0
2013-12-03,0.8993572644276888,0.0011379089756027028,-10.723970163142118,1,-1,0,0,1,-1,0
2013-12-04,0.8988240336693915,-0.0005929020417004827,-10.776902103507307,1,-1,0,0,1,-1,0
2013-12-05,0.8970860780816491,-0.001933588247131357,-10.949422836972621,1,-1,0,0,1,-1,0
2013-12-06,0.8952753976984518,-0.0020184020546493153,-11.129162704886184,-1,-1,1,0,1,-1,0
2013-12-09,0.8978670884491051,0.002894853089134286,-10.871894687008467,-1,-1,1,0,1,0,0
2013-12-10,0.8997242228397787,0.002068384524352568,-10.687543493294212,-1,-1,1,0,1,0,0
2013-12-11,0.8988699971977688,-0.0009494305258490598,-10.772339465840243,-1,-1,1,0,1,0,0
2013-12-12,0.9000021300550014,0.001259506781583486,-10.659956622292635,-1,-1,1,0,1,0,0
2013-12-13,0.9029480481574979,0.0032732345892519388,-10.367525702103455,-1,-1,1,0,1,0,0
2013-12-16,0.9005658062977115,-0.00263829338204713,-10.604002465860104,-1,-1,1,0,1,0,0
2013-12-17,0.9015128414721313,0.0010516001915652773,-10.509993617728043,-1,-1,1,0,1,0,0
2013-12-18,0.9024936023989147,0.0010879056644184926,-10.41263693287593,-1,-1,1,0,1,0,0
2013-12-19,0.9058346159444064,0.0037019803094568426,-10.080986278825266,-1,-1,1,0,1,0,0
2013-12-20,0.9031924294821801,-0.0029168530499042444,-10.343266828242252,-1,-1,1,0,1,0,0
2013-12-23,0.9013750137511284,-0.0020122132025549577,-10.523675290428415,-1,-1,1,0,1,0,0
2013-12-24,0.9013196067693683,-6.146940054335692e-05,-10.52917534647114,-1,-1,1,0,1,0,0
2013-12-25,0.9015123392087363,0.0002138336256310991,-10.510043475647258,-1,-1,1,0,1,0,0
2013-12-26,0.9014095587782996,-0.00011400890034066191,-10.520246127182126,-1,-1,1,0,1,0,0
2013-12-27,0.9033680711310024,0.0021727219704184564,-10.325831500035028,-1,-1,1,0,1,0,0
2013-12-30,0.9075241693836607,0.004600669854818856,-9.91327025626129,-1,-1,1,0,1,0,0
2013-12-31,0.905793218412654,-0.001907333192219307,-10.085095666080004,-1,-1,1,0,1,0,0
2014-01-01,0.9049188847090085,-0.0009652685468077571,-10.17188769512277,-1,-1,1,0,1,0,0
2014-01-02,0.9065686424246219,0.0018231001070819208,-10.008122053960786,-1,-1,1,0,1,0,0
2014-01-03,0.9029866555201655,-0.003951148028765172,-10.363693285112152,-1,-1,1,0,1,-1,0
2014-01-06,0.8997110371665288,-0.003627537941576664,-10.688852388663205,-1,0,1,0,1,-1,0
2014-01-07,0.8985380689220501,-0.0013037166334790573,-10.805288817359205,-1,0,1,0,1,-1,0
2014-01-08,0.8992402383504167,0.0007814576283996233,-10.735586929892635,-1,0,1,0,1,-1,0
2014-01-09,0.9003085361464092,0.0011880004368490515,-10.629540768170278,-1,0,1,0,1,-1,0
2014-01-10,0.9016950175346174,0.0015400069337816458,-10.49190964127801,-1,0,1,0,1,-1,0
2014-01-13,0.8982740391936306,-0.003793941714727911,-10.831498119095597,-1,0,1,0,1,-1,0
2014-01-14,0.8948239094629801,-0.0038408431949649158,-11.173980352750085,-1,0,1,0,1,-1,0
2014-01-15,0.89895321328593,0.004614655217950181,-10.764078897695155,-1,0,1,0,1,-1,0
2014-01-16,0.89867497776023,-0.00030951057473055377,-10.791698358922144,-1,0,1,0,1,-1,0
2014-01-17,0.9012166438793381,0.0028282373294099827,-10.539396110127587,-1,0,1,0,1,-1,0
2014-01-20,0.9015184381549166,0.00033487428092701665,-10.509438054728673,-1,0,1,0,1,-1,0
2014-01-21,0.9009351741892897,-0.0006469795191550443,-10.567336615464942,-1,0,1,0,1,-1,0
2014-01-22,0.9017310560777471,0.0008833952888714913,-10.488332221959821,-1,0,1,0,1,-1,0
2014-01-23,0.9023346079794307,0.0006693258456783591,-10.428419749226213,-1,0,1,0,1,-1,0
2014-01-24,0.9062857779992712,0.004378830186606925,-10.036201009762028,-1,0,1,0,1,-1,0
2014-01-27,0.9041537693362818,-0.002352468409794639,-10.247838004911678,-1,0,1,0,1,-1,0
2014-01-28,0.905036503539356,0.0009763098192051567,-10.160212087860991,-1,0,1,0,1,-1,0
2014-01-29,0.9039619544749862,-0.0011872991422640367,-10.266878790990253,-1,0,1,0,1,-1,0
2014-01-30,0.9039229593760071,-4.313798693186821e-05,-10.270749697200326,-1,0,1,0,1,-1,0
2014-01-31,0.9010195002216284,-0.003212064838338635,-10.55896586706844,-1,-1,1,0,1,-1,0
2014-02-03,0.8988220631626334,-0.00243883407457266,-10.777097708776857,-1,-1,1,0,1,0,0
2014-02-04,0.8981885064008386,-0.0007048745104960563,-10.839988658354418,-1,-1,1,0,1,0,0
2014-02-05,0.8931623156138114,-0.005595919733116739,-11.338920925226049,-1,-1,1,0,1,0,0
2014-02-06,0.8926452181343696,-0.0005789512951926423,-11.390251371789564,-1,-1,1,0,1,0,0
2014-02-07,0.8926611449813459,1.7842303585619e-05,-11.388670369753887,-1,-1,1,0,1,0,0
2014-02-10,0.893769320509242,0.0012414291068076622,-11.27866568595797,-1,-1,1,0,1,0,0
2014-02-11,0.8947135443163404,0.001056451352078741,-11.184935912363672,-1,-1,1,0,1,0,0
2014-02-12,0.892003775081834,-0.0030286444770174503,-11.453925165688643,-1,-1,1,0,1,0,0
2014-02-13,0.8932029705742329,0.0013443838758292748,-11.33488525041342,-1,-1,1,0,1,0,0
2014-02-14,0.8963614138566678,0.0035360868542615442,-11.021357703715818,-1,-1,1,0,1,0,0
2014-02-17,0.8961731989925049,-0.00020997653541676708,-11.040041130751279,-1,-1,1,0,1,0,0
2014-02-18,0.8957693344260467,-0.0004506545910011872,-11.080131344630988,-1,-1,1,0,1,0,0
2014-02-19,0.8966669089251975,0.0010020152115678138,-10.991032283627698,-1,-1,1,0,1,0,0
2014-02-20,0.8992101055220052,0.002836277966202838,-10.738578109699299,-1,-1,1,0,1,0,0
2014-02-21,0.8993141973238368,0.00011575915483191812,-10.728245282942177,-1,-1,1,0,1,0,0
2014-02-24,0.9004173161121546,0.0012266222323639164,-10.618742563884108,-1,-1,1,0,1,0,0
2014-02-25,0.8977855011414954,-0.002922883560283862,-10.879993571841641,-1,-1,1,0,1,0,0
2014-02-26,0.8996923234103402,0.002123917423950822,-10.690710037366264,-1,-1,1,0,1,0,0
2014-02-27,0.9008646989762651,0.0013030849940797729,-10.574332441784028,-1,-1,1,0,1,0,0
2014-02-28,0.9015566370517177,0.0007680821284693773,-10.505646184706114,-1,-1,1,0,1,0,1
2014-03-03,0.9038874240175454,0.002585291783165089,-10.274277167147776,-1,-1,0,0,1,0,1
2014-03-04,0.9028700169806505,-0.0011255904329023625,-10.375271582353681,-1,-1,0,0,1,0,1
2014-03-05,0.9029763779738504,0.00011780321773835478,-10.364713500957144,-1,-1,0,0,1,0,1
2014-03-06,0.9024788584466592,-0.0005509773448421629,-10.414100513116555,-1,-1,0,0,1,0,1
2014-03-07,0.9003685179650883,-0.002338382181277021,-10.623586584170356,-1,-1,0,0,1,0,1
2014-03-10,0.9034546300794577,0.003427609976128815,-10.317239097915651,-1,-1,0,0,1,0,1
2014-03-11,0.9034729311498322,2.0256767484655436e-05,-10.315422415080674,-1,-1,0,0,1,0,1
2014-03-12,0.9041904830863912,0.0007942152020491422,-10.244193560173386,-1,-1,0,0,1,0,1
2014-03-13,0.9053601835263372,0.0012936438303943198,-10.128081514930432,-1,-1,0,0,1,0,1
2014-03-14,0.9042154423694658,-0.0012644041318590205,-10.241715940001054,-1,-1,0,0,1,0,1
2014-03-17,0.9048080709332037,0.0006554063732698012,-10.182887788574375,-1,-1,0,0,1,0,1
2014-03-18,0.9032357407905539,-0.0017377499086939918,-10.33896746711894,-1,-1,0,0,1,0,1
2014-03-19,0.9045320770545527,0.0014352136496106338,-10.21028472938956,-1,-1,0,0,1,0,1
2014-03-20,0.9062738356750172,0.001925590771900576,-10.037386482252879,-1,-1,0,0,1,0,1
2014-03-21,0.9055245456388519,-0.0008267810529994646,-10.111765866587671,-1,-1,0,0,1,0,1
2014-03-24,0.9037748627580809,-0.001932231311892768,-10.285450727151005,-1,-1,0,0,1,0,1
2014-03-25,0.9026522804133028,-0.0012421039697345648,-10.396885524945759,-1,-1,0,0,1,0,1
2014-03-26,0.9023307670880429,-0.0003561873516927938,-10.428801020994054,-1,-1,0,0,1,0,1
2014-03-27,0.9009248406782433,-0.00155810536565959,-10.56836238673181,-1,-1,0,0,1,0,1
2014-03-28,0.9003878759476682,-0.0005960150129402653,-10.621664985381154,1,-1,0,-1,1,0,1
2014-03-31,0.9009603050602839,0.0006357583524915222,-10.564841962363838,1,-1,0,-1,0,0,1
2014-04-01,0.9010298555293701,7.71959304928238e-05,-10.557937932120353,1,-1,0,-1,0,0,1
2014-04-02,0.89797380860262,-0.00339172659817652,-10.861300953031735,1,-1,0,-1,0,0,1
2014-04-03,0.8974987176155691,-0.0005290699823308209,-10.908461562961504,1,-1,0,-1,0,0,1
2014-04-04,0.8974727471927963,-2.8936445549243572e-05,-10.911039555412382,1,-1,0,-1,0,0,1
2014-04-07,0.8995940153925502,0.002363601798928111,-10.700468728240914,1,-1,0,-1,0,0,1
2014-04-08,0.8982238934121927,-0.0015230447923329782,-10.836475914302145,1,-1,0,-1,0,0,1
2014-04-09,0.8999832697559595,0.0019587280595301793,-10.661828817788898,1,-1,0,-1,0,0,1
2014-04-10,0.9000301351859422,5.207366798642976e-05,-10.657176651524235,1,-1,0,-1,0,0,1
2014-04-11,0.89971953996981,-0.0003450942407255686,-10.688008345311962,1,-1,0,-1,0,0,1
2014-04-14,0.9013818102462651,0.0018475427092657648,-10.523000626280352,1,-1,0,-1,0,0,1
2014-04-15,0.9023228533334207,0.0010440005294742594,-10.429586591558419,1,-1,0,-1,0,0,1
2014-04-16,0.8987920346707626,-0.003913032513378406,-10.780078531462392,1,-1,0,-1,0,0,1
2014-04-17,0.9007169588684851,0.002141679191035112,-10.588998082227437,1,-1,0,-1,0,0,1
2014-04-18,0.8985001692382251,-0.002461138994257317,-10.809050985562878,1,-1,0,-1,0,0,1
2014-04-21,0.8991013988588925,0.0006691480327455646,-10.749369037491146,1,-1,0,-1,0,0,1
2014-04-22,0.8991116143278376,1.1361865255687942e-05,-10.74835498384816,1,-1,0,-1,0,0,1
2014-04-23,0.9007635882811541,0.001837340244516289,-10.584369344570705,1,-1,0,-1,0,0,1
2014-04-24,0.8987919794109763,-0.002188819459210206,-10.78008401690686,1,-1,0,-1,0,0,1
2014-04-25,0.896816214405307,-0.0021982450343672466,-10.97621125418336,1,-1,0,-1,0,-1,1
2014-04-28,0.8968517959086489,3.9675356857316045e-05,-10.972679203596082,1,-1,0,0,0,-1,1
2014-04-29,0.8958009931843769,-0.0011716570441913376,-11.076988691132675,1,-1,0,0,0,-1,1
2014-04-30,0.8956861133166223,-0.00012824262155175514,-11.088392411219198,1,-1,0,0,0,-1,1
2014-05-01,0.8966591411677302,0.0010863491536167447,-10.991803361568413,1,-1,0,0,0,-1,1
2014-05-02,0.8970811940995855,0.00047069495249424387,-10.949907652680098,1,-1,0,0,0,-1,1
2014-05-05,0.8980299335123515,0.001057584774941417,-10.855729630806447,1,-1,0,0,0,-1,1
2014-05-06,0.8982264487275115,0.0002188292481424825,-10.836222257145346,1,-1,0,0,0,-1,1
2014-05-07,0.8981557778551468,-7.867823583335154e-05,-10.843237505878385,1,-1,0,0,0,-1,1
2014-05-08,0.8966101509433728,-0.0017208895715897232,-10.996666448691219,1,-1,0,0,0,-1,1
2014-05-09,0.8955477225905424,-0.001184939019163056,-11.102129971451744,1,-1,0,0,0,-1,1
2014-05-12,0.8968454872673041,0.0014491295595142895,-10.973305440215512,1,-1,0,0,0,-1,1
2014-05-13,0.8974514561246378,0.0006756669525986858,-10.913153044802371,1,-1,0,0,0,-1,1
2014-05-14,0.8979404380087864,0.0005448560819769355,-10.86461353441468,1,-1,0,0,0,-1,1
2014-05-15,0.8976126102406204,-0.00036508854517453004,-10.897155842982968,1,-1,0,0,0,-1,1
2014-05-16,0.8961777936982869,-0.0015984808211962909,-11.039585030482,1,-1,0,0,0,-1,1
2014-05-19,0.8958862193399949,-0.0003253532505963219,-11.06852859066673,1,-1,0,0,0,-1,1
2014-05-20,0.8949705417801133,-0.0010220913550341992,-11.159424678784678,1,-1,0,0,0,-1,1
2014-05-21,0.8911287339896828,-0.004292663960524357,-11.540787414698304,1,-1,0,0,0,-1,1
2014-05-22,0.8915508577260893,0.00047369557315996014,-11.498884677291437,1,-1,0,0,0,-1,1
2014-05-23,0.8917516359036197,0.00022520103681186732,-11.47895413436176,1,-1,-1,-1,0,-1,1
2014-05-26,0.8919695849896812,0.0002444055915194661,-11.457319095785053,1,0,-1,-1,0,0,1
2014-05-27,0.8922797297322453,0.0003477077557165198,-11.42653211892272,1,0,-1,-1,0,0,1
2014-05-28,0.8932874436378619,0.0011293699408805868,-11.326499906738285,1,0,-1,-1,0,0,1
2014-05-29,0.8915200353843495,-0.0019785437107619486,-11.501944302659066,1,0,-1,-1,0,0,1
2014-05-30,0.893382578463478,0.0020891769171800245,-11.317056207480872,1,0,-1,-1,0,0,1
2014-06-02,0.8920111180516883,-0.0015351322544798485,-11.453196254918996,1,0,-1,-1,0,0,1
2014-06-03,0.8904577936344695,-0.0017413733817707167,-11.607389302001557,1,0,-1,-1,0,0,1
2014-06-04,0.8901466658688432,-0.0003494020355040428,-11.63827386010296,1,0,-1,-1,0,0,1
2014-06-05,0.8903235059298067,0.00019866395926002034,-11.620719569740967,1,0,-1,-1,0,0,1
2014-06-06,0.8910357487131745,0.0007999820049948148,-11.550017735782363,1,0,-1,-1,0,0,1
2014-06-09,0.8923584377095057,0.0014844398759998878,-11.418719055077876,1,0,-1,-1,0,0,1
2014-06-10,0.8941491922217876,0.002006765932396265,-11.24095715822958,1,0,-1,-1,0,0,1
2014-06-11,0.8972875875789812,0.0035099236061438555,-10.929419698500526,1,0,-1,-1,0,0,1
2014-06-12,0.8995846041354489,0.0025599557915043647,-10.701402950605052,1,0,-1,-1,0,0,1
2014-06-13,0.9017748625584863,0.0024347442285789778,-10.483983706818833,1,0,-1,-1,0,0,1
2014-06-16,0.9014036327812969,-0.0004116656968416177,-10.520834380044652,1,0,-1,-1,0,0,1
2014-06-17,0.9002868222809096,-0.0012389682710079453,-10.631696227164035,1,0,-1,-1,0,0,1
2014-06-18,0.8995789423282987,-0.0007862826991262839,-10.701964978270881,1,0,-1,-1,0,0,1
2014-06-19,0.9011884382557611,0.0017891658549684109,-10.54219598309423,1,0,-1,-1,0,0,1
2014-06-20,0.8999709123057598,-0.0013510226033944805,-10.663055498371108,1,1,-1,-1,1,0,1
2014-06-23,0.9009265359069879,0.0010618383196183505,-10.568194107341661,0,1,-1,-1,1,0,0
2014-06-24,0.9009848976888847,6.477973460744524e-05,-10.562400738690478,0,1,-1,-1,1,0,0
2014-06-25,0.899902670967565,-0.0012011596688198678,-10.669829575799232,0,1,-1,-1,1,0,0
2014-06-26,0.8997650616693246,-0.00015291575709242,-10.683489566440842,0,1,-1,-1,1,0,0
2014-06-27,0.9013701302640323,0.0017838752170816485,-10.524160057002208,0,1,-1,-1,1,0,0
2014-06-30,0.9009029734120345,-0.0005182741654207734,-10.57053307327399,0,1,-1,-1,1,0,0
2014-07-01,0.899893113396747,-0.0011209420382560509,-10.67077832221099,0,1,-1,-1,1,0,0
2014-07-02,0.9015888167502208,0.001884338626698956,-10.502451819310588,0,1,-1,-1,1,0,0
2014-07-03,0.9019501459999925,0.00040076944507133616,-10.466583936590956,0,1,-1,-1,1,0,0
2014-07-04,0.9042187896906422,0.002515265062831673,-10.24138366321069,0,1,-1,-1,1,0,0
2014-07-07,0.9046626514617598,0.0004908787299912898,-10.197323067617507,0,1,-1,-1,1,0,0
2014-07-08,0.903059804167053,-0.0017717624267089838,-10.356432076424184,0,1,-1,-1,1,0,0
2014-07-09,0.9029839480784152,-8.399896472838231e-05,-10.363962043324317,0,1,-1,-1,1,0,0
2014-07-10,0.9028379390727511,-0.00016169612535726907,-10.37845584335429,0,1,-1,-1,1,0,0
2014-07-11,0.9035895094770608,0.0008324532806869567,-10.303850094900861,0,1,-1,-1,1,0,0
2014-07-14,0.9018227777464426,-0.0019552370983597356,-10.47922733477535,0,1,-1,-1,1,0,0
2014-07-15,0.9010912463491939,-0.0008111697944430396,-10.551843881536588,0,1,-1,-1,1,0,0
2014-07-16,0.9026944674393148,0.0017791994946309564,-10.392697767374944,0,1,-1,-1,1,0,0
2014-07-17,0.9044461159782712,0.0019404666829577755,-10.2188177828428,0,1,-1,-1,1,0,0
2014-07-18,0.90348537614704,-0.0010622410934807702,-10.314187044015142,0,1,-1,-1,1,0,0
2014-07-21,0.9036880904178409,0.00022436917757912012,-10.294064311921693,0,1,-1,-1,1,0,0
2014-07-22,0.9035855571855067,-0.00011346086489505414,-10.304242424971088,0,1,-1,-1,1,0,0
2014-07-23,0.9055116522741073,0.002131613407589217,-10.11304574552028,0,1,-1,-1,1,0,0
2014-07-24,0.9054282473649826,-9.210804622469815e-05,-10.121325057257755,0,1,-1,-1,1,0,0
2014-07-25,0.9045602303721001,-0.0009586811493993708,-10.207490048658356,0,1,-1,-1,1,0,0
2014-07-28,0.9041972409794541,-0.0004012882508626914,-10.243522727917306,0,1,-1,-1,1,0,0
2014-07-29,0.9041408095229276,-6.241056040534598e-05,-10.24912447996386,0,1,-1,-1,1,0,0
2014-07-30,0.903724944294791,-0.0004599562631799059,-10.290405957285182,0,1,-1,-1,1,0,0
2014-07-31,0.9027779111828603,-0.001047921846032085,-10.384414600681216,0,1,-1,-1,1,0,0
2014-08-01,0.9026183461703752,-0.0001767489107880882,-10.400254057790187,0,1,-1,-1,1,0,0
2014-08-04,0.9001897347059515,-0.00269062940580328,-10.641333768974809,0,1,-1,-1,1,0,0
2014-08-05,0.9012752090910143,0.0012058284417311993,-10.533582547718284,0,1,-1,-1,1,0,0
2014-08-06,0.9017344073966416,0.0005094984317725038,-10.48799954833005,0,1,-1,-1,1,0,0
2014-08-07,0.9018110862237979,8.503482458629974e-05,-10.48038791107328,0,1,-1,-1,1,0,0
2014-08-08,0.901888117058172,8.541792793503866e-05,-10.4727413312991,0,1,-1,-1,1,0,0
2014-08-11,0.8988577379487434,-0.0033600388475161502,-10.773556398337556,0,1,-1,-1,1,0,0
2014-08-12,0.9003976431777899,0.0017131801441246375,-10.620695426828332,0,1,-1,-1,1,0,0
2014-08-13,0.9012563382757355,0.0009536843020989949,-10.535455787124375,0,1,-1,-1,1,0,0
2014-08-14,0.8998069474301031,-0.0016081893508846923,-10.679331714409273,0,1,-1,-1,1,0,0
2014-08-15,0.8998492146405077,4.697364309685925e-05,-10.67513599721606,1,1,-1,-1,1,0,0
2014-08-18,0.8994370819577465,-0.00045800193638640964,-10.716046957896792,1,1,-1,-1,0,0,0
2014-08-19,0.9009312678130599,0.001661245556010521,-10.56772438768255,1,1,-1,-1,0,0,0
2014-08-20,0.9005780878419319,-0.00039201655414322634,-10.602783320197275,1,1,-1,-1,0,0,0
2014-08-21,0.9018712534773544,0.0014359283807595935,-10.474415319605827,1,1,-1,-1,0,0,0
2014-08-22,0.9019017833942585,3.3851746340129996e-05,-10.471384722222279,1,1,-1,-1,0,0,0
2014-08-25,0.9039613253178724,0.0022835545527618295,-10.266941245202254,1,1,-1,-1,0,0,0
2014-08-26,0.9029370938568028,-0.0011330478775842812,-10.368613096973522,1,1,-1,-1,0,0,0
2014-08-27,0.9054723599099687,0.0028077992037482957,-10.116946160196353,1,1,-1,-1,0,0,0
2014-08-28,0.9066596732437558,0.0013112640278774568,-9.999085744980452,1,1,-1,-1,0,0,0
2014-08-29,0.9075086321003573,0.0009363589025242203,-9.914812587682453,1,1,-1,-1,0,0,0
2014-09-01,0.9083930143133745,0.0009745165850052195,-9.827023078485842,1,1,-1,-1,0,0,0
2014-09-02,0.9086933143640745,0.00033058383977899175,-9.797213349530836,1,1,-1,-1,0,0,0
2014-09-03,0.9060935584495999,-0.0028609827687506584,-10.055281967831124,1,1,-1,-1,0,0,0
2014-09-04,0.9077119828767939,0.001786155979260351,-9.894626671915088,1,1,-1,-1,0,0,0
2014-09-05,0.9151275185054392,0.008169480813884855,-9.158512553283375,1,1,-1,-1,0,0,0
2014-09-08,0.9149754118991862,-0.00016621356387722108,-9.173611640659807,1,1,-1,-1,0,0,0
2014-09-09,0.9132278467178551,-0.001909958626870406,-9.347086284654207,1,1,-1,-1,0,0,0
2014-09-10,0.9097886543591014,-0.003765974034972863,-9.68848280390084,1,1,-1,-1,0,0,0
2014-09-11,0.9106178239976698,0.0009113870947890235,-9.606174052617495,1,1,-1,-1,0,0,0
2014-09-12,0.9070618690516444,-0.0039049915917684364,-9.959161182889801,1,1,-1,-1,0,0,-1
2014-09-15,0.9043841920044766,-0.002952033525527198,-10.224964757744502,1,1,0,-1,0,0,-1
2014-09-16,0.9052826143189692,0.0009934078043772332,-10.135781537096612,1,1,0,-1,0,0,-1
2014-09-17,0.9073511008094944,0.0022849068984732712,-9.930450164404823,1,1,0,-1,0,0,-1
2014-09-18,0.9079287821233984,0.0006366678933751591,-9.873105773853744,1,1,0,-1,0,0,-1
2014-09-19,0.907187558901976,-0.0008163891662174572,-9.946684393884787,1,1,0,-1,0,0,-1
2014-09-22,0.9075498279110296,0.0003993319854298516,-9.910723224569258,1,1,0,-1,0,0,-1
2014-09-23,0.9048756412231949,-0.002946600402084859,-10.176180323739278,1,1,0,-1,0,0,-1
2014-09-24,0.9045271344225246,-0.0003851433111837499,-10.210775367072566,1,1,0,-1,0,0,-1
2014-09-25,0.9063160407006241,0.0019777253882400647,-10.033196937925634,1,1,0,-1,0,0,-1
2014-09-26,0.9079955986952616,0.0018531703282433643,-9.866473127964076,1,1,0,-1,0,0,-1
2014-09-29,0.9089285923327735,0.0010275310132038251,-9.773858133773627,1,1,0,-1,0,0,-1
2014-09-30,0.9109934723149908,0.002271773602058186,-9.568884766466388,1,1,0,-1,0,0,-1
2014-10-01,0.910415185993827,-0.0006347864597693875,-9.626289213958481,1,1,0,-1,0,0,-1
2014-10-02,0.9125842391973527,0.0023824879427487566,-9.410974937669273,1,1,0,-1,0,0,-1
2014-10-03,0.9097284560567871,-0.0031293364687924874,-9.694458477469185,1,1,0,-1,0,0,-1
2014-10-06,0.9117190297406875,0.0021880965365518035,-9.496861234832304,1,1,0,-1,0,0,-1
2014-10-07,0.911389745266549,-0.00036116880683312313,-9.529548145474772,1,1,0,-1,0,0,-1
2014-10-08,0.912014402984184,0.0006853903293067565,-9.467540572685675,1,1,0,-1,0,0,-1
2014-10-09,0.9101768109207082,-0.0020148717580151243,-9.649951868369412,1,1,0,-1,0,0,-1
2014-10-10,0.9088711552395318,-0.0014345077412548646,-9.77955971183699,-1,1,0,-1,1,0,-1
2014-10-13,0.9115664776627139,0.0029655715308422705,-9.512004542618351,-1,1,0,0,1,0,-1
2014-10-14,0.9076933302111154,-0.004248891931095761,-9.896478256378252,-1,1,0,0,1,0,-1
2014-10-15,0.9053350992166728,-0.002598048168861361,-10.130571546052227,-1,1,0,0,1,0,-1
2014-10-16,0.9017455130008024,-0.003964925494412186,-10.486897134097536,-1,1,0,0,1,0,-1
2014-10-17,0.9043449262285821,0.0028826461460610964,-10.228862533099168,-1,1,0,0,1,0,-1
2014-10-20,0.904572189917976,0.0002513020008214628,-10.206302866637719,-1,1,0,0,1,0,-1
2014-10-21,0.9039243440194333,-0.0007161903779083489,-10.270612248521447,-1,1,0,0,1,0,-1
2014-10-22,0.9047213642993276,0.0008817333941356642,-10.191494850905608,-1,1,0,0,1,0,-1
2014-10-23,0.9065751184765759,0.002048978006266078,-10.007479199079485,-1,1,0,0,1,0,-1
2014-10-24,0.9079255448121325,0.0014895912186801696,-9.873427130347546,-1,1,0,0,1,0,-1
2014-10-27,0.9066047995907975,-0.0014546845045628476,-10.00453285935038,-1,1,0,0,1,0,-1
2014-10-28,0.9058158099226354,-0.00087026857625086,-10.082853086407905,-1,1,0,0,1,0,-1
2014-10-29,0.905238447809285,-0.0006373946082921522,-10.140165791043641,-1,1,0,0,1,0,-1
2014-10-30,0.909229560542311,0.004408907667018236,-9.743982079042791,-1,1,0,0,1,0,-1
2014-10-31,0.905927661380822,-0.003631535208247605,-10.071749985878977,-1,1,0,0,1,0,-1
2014-11-03,0.9073654414428887,0.001587080429661658,-9.929026620207848,-1,1,0,0,1,0,-1
2014-11-04,0.9087224846926322,0.001495586218916961,-9.794317713696593,-1,1,0,0,1,0,-1
2014-11-05,0.9043665783299195,-0.004793439621102763,-10.226713205216372,-1,1,0,0,1,0,-1
2014-11-06,0.9114165577690628,0.007795488696809766,-9.526886562732184,-1,1,0,0,1,0,-1
2014-11-07,0.91007921853997,-0.0014673194355459274,-9.659639520473032,-1,1,0,0,1,-1,-1
2014-11-10,0.9077452684147147,-0.002564557104160281,-9.8913225337332,0,1,0,0,1,-1,-1
2014-11-11,0.9069259034538806,-0.0009026375452940161,-9.972658009171042,0,1,0,0,1,-1,-1
2014-11-12,0.9086919169765028,0.0019472522682356386,-9.797352063276179,0,1,0,0,1,-1,-1
2014-11-13,0.9052039750782028,-0.0038384207376967183,-10.14358777771165,0,1,0,0,1,-1,-1
2014-11-14,0.9034029892104624,-0.001989591205214164,-10.32236530520121,0,1,0,0,1,-1,-1
2014-11-17,0.9050260099355597,0.0017965633770103961,-10.161253750971607,0,1,0,0,1,-1,-1
2014-11-18,0.9042483418839515,-0.0008592770186389709,-10.238450121006737,0,1,0,0,1,-1,-1
2014-11-19,0.9046112104121445,0.0004012929981569713,-10.202429439536587,0,1,0,0,1,-1,-1
2014-11-20,0.9092384392399769,0.005115157511395713,-9.743100721979152,0,1,0,0,1,-1,-1
2014-11-21,0.9096641849850124,0.0004682443313674678,-9.700838440525414,0,1,0,0,1,-1,-1
2014-11-24,0.9088152079713971,-0.0009332861814597415,-9.785113400206269,0,1,0,0,1,-1,-1
2014-11-25,0.9105712347939243,0.0019322154901511013,-9.610798798875928,0,1,0,0,1,-1,-1
2014-11-26,0.9112708550490066,0.0007683311621859146,-9.54134995886801,0,1,0,0,1,-1,-1
2014-11-27,0.9105000319165211,-0.0008458770827737827,-9.617866857876448,0,1,0,0,1,-1,-1
2014-11-28,0.9088025777216263,-0.001864309868635311,-9.786367160641623,0,1,0,0,1,-1,-1
2014-12-01,0.9087824214374144,-2.2178947007817085e-05,-9.788368004023756,0,1,0,0,1,-1,-1
2014-12-02,0.9100919198693685,0.001440937237631723,-9.658378704213238,0,1,0,0,1,-1,-1
2014-12-03,0.9107261310277073,0.0006968649479162925,-9.595422794994283,0,1,0,0,1,-1,-1
2014-12-04,0.9147993513891106,0.004472497518882956,-9.19108854774923,0,1,0,0,1,-1,-1
2014-12-05,0.9132742123459459,-0.0016671842200683962,-9.342483731964013,-1,1,0,0,1,-1,-1
2014-12-08,0.9176733949041594,0.004816935043981197,-8.905792364852207,-1,1,0,0,1,-1,0
2014-12-09,0.9167348661935902,-0.001022726294323123,-8.9989568062612,-1,1,0,0,1,-1,0
2014-12-10,0.9155986041678819,-0.0012394663578426668,-9.111749537828427,-1,1,0,0,1,-1,0
2014-12-11,0.9117908404880459,-0.004158769642617077,-9.489732834721082,-1,1,0,0,1,-1,0
2014-12-12,0.9150603081609964,0.0035857649888217102,-9.165184287590916,-1,1,0,0,1,-1,0
2014-12-15,0.9138696800684333,-0.0013011471287131815,-9.28337374724231,-1,1,0,0,1,-1,0
2014-12-16,0.9099016627565857,-0.004341994704923913,-9.67726485808034,-1,1,0,0,1,-1,0
2014-12-17,0.9093385239937933,-0.0006189006854722123,-9.733165660773398,-1,1,0,0,1,-1,0
2014-12-18,0.9137084332988388,0.004805591305923063,-9.299380146459619,-1,1,0,0,1,-1,0
2014-12-19,0.9150995821439142,0.0015225303766243647,-9.161285697553938,-1,1,0,0,1,-1,0
2014-12-22,0.9156599578983055,0.00061236587287955,-9.105659168978864,-1,1,0,0,1,-1,0
2014-12-23,0.9163082603643351,0.0007080166173452085,-9.041304465247858,-1,1,0,0,1,-1,0
2014-12-24,0.9173700281550652,0.0011587451916105218,-8.935906514161807,-1,1,0,0,1,-1,0
2014-12-25,0.9172915460211651,-8.555122959258421e-05,-8.943697159331256,-1,1,0,0,1,-1,0
2014-12-26,0.9173679729003316,8.331798052430006e-05,-8.93611053206457,-1,1,0,0,1,-1,0
2014-12-29,0.9168829036541982,-0.0005287619150249334,-8.984261648649255,-1,1,0,0,1,-1,0
2014-12-30,0.9159442871859301,-0.0010237037516212522,-9.077434801456102,-1,1,0,0,1,-1,0
2014-12-31,0.9138678627136844,-0.002266976825222755,-9.283554149651014,-1,1,0,0,1,-1,0
2015-01-01,0.9146146750227333,0.0008171994437262409,-9.209420720565284,-1,1,0,0,1,-1,0
2015-01-02,0.9147974782248194,0.00019986908922228763,-9.191274490174745,-1,1,0,0,1,-1,1
2015-01-05,0.9089208731997844,-0.006423940997780852,-9.774624384933539,-1,0,0,0,1,-1,1
2015-01-06,0.9067187318149774,-0.002422808684164668,-9.993223208505746,-1,0,0,0,1,-1,1
2015-01-07,0.9054490092282031,-0.0014003489088977028,-10.11926410017912,-1,0,0,0,1,-1,1
2015-01-08,0.9069594774766084,0.00166819802441745,-9.969325234117846,-1,0,0,0,1,-1,1
2015-01-09,0.9077719370678294,0.0008958058341057284,-9.888675230414096,-1,0,0,0,1,-1,1
2015-01-12,0.9042222440673731,-0.003910335686209965,-10.241040759392273,-1,0,0,0,1,-1,1
2015-01-13,0.9037785184731332,-0.0004907262535854828,-10.285087837186154,-1,0,0,0,1,-1,1
2015-01-14,0.901497322403719,-0.002524065379721635,-10.511534141021077,-1,0,0,0,1,-1,1
2015-01-15,0.9015919121411086,0.00010492514513224527,-10.502144550753163,-1,0,0,0,1,-1,1
2015-01-16,0.8998833269697766,-0.0018950759743112666,-10.671749786367418,-1,0,0,0,1,-1,1
2015-01-19,0.9006155972326182,0.0008137391158332952,-10.599059895019629,-1,0,0,0,1,-1,1
2015-01-20,0.8999682921729597,-0.0007187362306931844,-10.663315589731113,-1,0,0,0,1,-1,1
2015-01-21,0.900192659219946,0.00024930550213558833,-10.641043462765085,-1,0,0,0,1,-1,1
2015-01-22,0.8982355873672571,-0.002174058889110264,-10.835315096546475,-1,0,0,0,1,-1,1
2015-01-23,0.8982808752167711,5.041867651539578e-05,-10.830819531141731,-1,0,0,0,1,-1,1
2015-01-26,0.8967453775565285,-0.001709373652057422,-10.983242978810752,-1,0,0,0,1,-1,1
2015-01-27,0.8995128755113916,0.0030861580378636067,-10.70852319862526,-1,0,0,0,1,-1,1
2015-01-28,0.9001579676222273,0.0007171571729520376,-10.64448717555367,-1,0,0,0,1,-1,1
2015-01-29,0.8960237668158537,-0.004592750333915319,-11.054874736915329,-1,0,0,0,1,-1,1
2015-01-30,0.898196171271268,0.0024244942331543007,-10.839227793647783,-1,-1,1,0,1,1,1
2015-02-02,0.900259959316987,0.00229770300935254,-10.63436281903305,-1,-1,1,0,0,1,0
2015-02-03,0.8956617106463082,-0.0051076898656777225,-11.090814778402109,-1,-1,1,0,0,1,0
2015-02-04,0.8946523273086189,-0.0011269693966943217,-11.191012709231877,-1,-1,1,0,0,1,0
2015-02-05,0.8975037281366399,0.003187160800887684,-10.907964186172201,-1,-1,1,0,0,1,0
2015-02-06,0.8943233403724079,-0.0035435928169736397,-11.223670084331635,-1,-1,1,0,0,1,0
2015-02-09,0.8931638918731207,-0.001296453359703631,-11.338764455512962,-1,-1,1,0,0,1,0
2015-02-10,0.892472301872405,-0.0007743147780697734,-11.407416160436988,-1,-1,1,0,0,1,0
2015-02-11,0.8929149339591518,0.0004959617075152578,-11.363477631282723,-1,-1,1,0,0,1,0
2015-02-12,0.8932199909199364,0.000341641682967575,-11.333195700608286,-1,-1,1,0,0,1,0
2015-02-13,0.8923653808759837,-0.0009567744258304478,-11.418029831382057,-1,-1,1,0,0,1,0
2015-02-16,0.891349894815798,-0.0011379711516699698,-11.518833557992025,-1,-1,1,0,0,1,0
2015-02-17,0.8919362087259816,0.0006577819929005913,-11.460632239995638,-1,-1,1,0,0,1,0
2015-02-18,0.8866295479513742,-0.005949596756686604,-11.987405775259639,-1,-1,1,0,0,1,0
2015-02-19,0.887489652623689,0.0009700834743238129,-11.902026212069854,-1,-1,1,0,0,1,0
2015-02-20,0.8861627413204348,-0.0014951287593397977,-12.033744026319749,-1,-1,1,0,0,1,0
2015-02-23,0.8873890555938858,0.0013838477023121742,-11.91201212510956,-1,-1,1,0,0,1,0
2015-02-24,0.8874006245128788,1.3037031412727051e-05,-11.91086371924456,-1,-1,1,0,0,1,0
2015-02-25,0.8852150929085315,-0.002462846592593937,-12.127813748378165,-1,-1,1,0,0,1,0
2015-02-26,0.88313216240727,-0.0023530219016235643,-12.334578927171776,-1,-1,1,0,0,1,0
2015-02-27,0.8846143686443163,0.0016783515538671134,-12.187445531493776,-1,-1,1,-1,0,1,0
2015-03-02,0.8849386494131581,0.0003665786814414096,-12.155255321062702,0,-1,1,-1,0,1,0
2015-03-03,0.8833669745981263,-0.0017760268647707966,-12.311269947541435,0,-1,1,-1,0,1,0
2015-03-04,0.8828325152806722,-0.0006050252418563773,-12.364323842649496,0,-1,1,-1,0,1,0
2015-03-05,0.8831463613173675,0.000355498955082717,-12.333169451347596,0,-1,1,-1,0,1,0
2015-03-06,0.8821204519135246,-0.001161652755170245,-12.435007866591476,0,-1,1,-1,0,1,0
2015-03-09,0.8842511355006395,0.002415411163512876,-12.22350240705953,0,-1,1,-1,0,1,0
2015-03-10,0.8830021088972675,-0.0014125247378561634,-12.347488881311925,0,-1,1,-1,0,1,0
2015-03-11,0.884738760209072,0.0019667578302540734,-12.175097618727815,0,-1,1,-1,0,1,0
2015-03-12,0.8860792615205653,0.0015151379952839106,-12.04203077219784,0,-1,1,-1,0,1,0
2015-03-13,0.8851834232095503,-0.0010110137432600141,-12.130957487916385,0,-1,1,-1,0,1,0
2015-03-16,0.8894546622135264,0.00482525868874617,-11.706966627063135,0,-1,1,-1,0,1,0
2015-03-17,0.8864862515252342,-0.003337337825522174,-12.001630307068728,0,-1,1,-1,0,1,0
2015-03-18,0.8868144188795605,0.0003701888819614141,-11.969054288977675,0,-1,1,-1,0,1,0
2015-03-19,0.8851944123409994,-0.0018267706343880752,-12.12986663551998,0,-1,1,-1,0,1,0
2015-03-20,0.8882600344333204,0.003463218982837385,-11.825553121627657,0,-1,1,-1,0,1,0
2015-03-23,0.8869953417332872,-0.0014237865613755951,-11.951094714149805,0,-1,1,-1,0,1,0
2015-03-24,0.8866662235842472,-0.0003710483398896569,-11.983765114285225,0,-1,1,-1,0,1,0
2015-03-25,0.8887330810406493,0.002331043408924538,-11.778595450076521,0,-1,1,-1,0,1,0
2015-03-26,0.8881816007020578,-0.0006205241487644841,-11.833338962037665,0,-1,1,-1,0,1,0
2015-03-27,0.8888144245751441,0.0007124937879666449,-11.770520763742367,0,-1,1,-1,0,1,0
2015-03-30,0.8914381048766761,0.0029518876257954296,-11.510077255754474,0,-1,1,-1,0,1,0
2015-03-31,0.890874995816222,-0.0006316861006654684,-11.565975110000968,0,-1,1,-1,0,1,0
2015-04-01,0.8919016484105632,0.0011524092596184865,-11.4640629208524,0,-1,1,-1,0,1,0
2015-04-02,0.8920892276714365,0.00021031384032932365,-11.445442587918127,0,-1,1,-1,0,1,0
2015-04-03,0.8903553540231126,-0.0019436101171737274,-11.61755812162609,0,-1,1,-1,0,1,0
2015-04-06,0.8896020513332845,-0.0008460697028710995,-11.692335827965154,0,-1,1,-1,0,1,0
2015-04-07,0.8883717222488324,-0.001383010619870062,-11.814466265330994,0,-1,1,-1,0,1,0
2015-04-08,0.8878827858584311,-0.0005503736534563375,-11.86300125971454,0,-1,1,-1,0,1,0
2015-04-09,0.8895796387165605,0.0019111225999149384,-11.694560649533305,0,-1,1,-1,0,1,0
2015-04-10,0.8893013142730534,-0.00031287186823286683,-11.722188937318009,0,-1,1,-1,0,1,0
2015-04-13,0.8905520961029665,0.0014064769834907231,-11.598028227905404,0,-1,1,-1,0,1,0
2015-04-14,0.8924308676581685,0.002109670577862266,-11.411529189032805,0,-1,1,-1,0,1,0
2015-04-15,0.8910772329557614,-0.001516795027450335,-11.545899741048311,0,-1,1,-1,0,1,0
2015-04-16,0.8896233029383004,-0.0016316543209595746,-11.690226255942422,0,-1,1,-1,0,1,0
2015-04-17,0.8882363870570891,-0.0015589923022817365,-11.827900513425654,0,-1,1,-1,0,1,0
2015-04-20,0.8888806996771692,0.0007253841764069957,-11.76394186765751,0,-1,1,-1,0,1,0
2015-04-21,0.8887839160139844,-0.00010888262420363781,-11.77354924121634,0,-1,1,-1,0,1,0
2015-04-22,0.8890406580126329,0.0002888688622988411,-11.748063366760988,0,-1,1,-1,0,1,0
2015-04-23,0.8849441788377708,-0.004607752342867477,-12.154706434545384,0,-1,1,-1,0,1,0
2015-04-24,0.8853387130769641,0.0004458295208083496,-12.115542409409832,0,1,-1,-1,0,1,1
2015-04-27,0.8854420355675122,0.00011670391119458223,-12.10528594947579,0,1,-1,-1,0,0,1
2015-04-28,0.8876249758784324,0.002465367831244958,-11.888593148919158,0,1,-1,-1,0,0,1
2015-04-29,0.8898077881689216,0.002459160512387537,-11.671913056500063,0,1,-1,-1,0,0,1
2015-04-30,0.8800238402259439,-0.010995574632035349,-12.643131128592222,0,1,-1,-1,0,0,1
2015-05-01,0.8752614590388849,-0.005411650195563306,-13.115875945103973,0,1,-1,-1,0,0,1
2015-05-04,0.8720615056191477,-0.0036559971728345464,-13.43352405701287,0,1,-1,-1,0,0,1
2015-05-05,0.8745430607752636,0.002845619420334372,-13.187188811919604,0,1,-1,-1,0,0,1
2015-05-06,0.8715209183796754,-0.003455681636658381,-13.487186249368952,0,1,-1,-1,0,0,1
2015-05-07,0.8662493828894917,-0.006048662033246943,-14.010473021291759,0,1,-1,-1,0,0,1
2015-05-08,0.8666582239377663,0.00047196691432080384,-13.969888809579722,0,1,-1,-1,0,0,1
2015-05-11,0.869745486374542,0.0035622605907416616,-13.663427134868963,0,1,-1,-1,0,0,1
2015-05-12,0.86898230504061,-0.000877476624929846,-13.739185459434673,0,1,-1,-1,0,0,1
2015-05-13,0.8697846083840919,0.0009232677568093983,-13.659543630693255,0,1,-1,-1,0,0,1
2015-05-14,0.8689645468530557,-0.0009428328842927547,-13.740948252203081,0,1,-1,-1,0,0,1
2015-05-15,0.8651600525897716,-0.004378192731869207,-14.118607005623218,0,1,-1,-1,0,0,1
2015-05-18,0.8635033080982732,-0.0019149572227001033,-14.283066199433343,0,1,-1,-1,0,0,1
2015-05-19,0.8635155924278427,1.4226152296431538e-05,-14.281846777278714,0,1,-1,-1,0,0,1
2015-05-20,0.8675649095701208,0.00468933876560701,-13.879885318455157,0,1,-1,-1,0,0,1
2015-05-21,0.866934847762951,-0.0007262416912205139,-13.942429336189582,0,1,-1,-1,0,0,1
2015-05-22,0.8685679901418599,0.0018838121262780005,-13.780313041015063,0,1,1,-1,0,-1,-1
2015-05-25,0.8698249225438905,0.001447131849546146,-13.655541785958814,0,1,1,0,0,-1,-1
2015-05-26,0.8686397583271181,-0.001362531914245707,-13.773188865893705,0,1,1,0,0,-1,-1
2015-05-27,0.869739872089979,0.00126647871262478,-13.663984445134833,0,1,1,0,0,-1,-1
2015-05-28,0.8711584834339678,0.0016310754393492888,-13.523163890632011,0,1,1,0,0,-1,-1
2015-05-29,0.8751417734866032,0.0045724057429065434,-13.12775670857714,0,1,1,0,0,-1,-1
2015-06-01,0.8782123064353947,0.003508612023579216,-12.822955711249554,0,1,1,0,0,-1,-1
2015-06-02,0.8769183574680746,-0.001473389700688943,-12.951401470441098,0,1,1,0,0,-1,-1
2015-06-03,0.8784643515281343,0.001762985170618847,-12.797936082110326,0,1,1,0,0,-1,-1
2015-06-04,0.8783820061948925,-9.373781997934483e-05,-12.806110213479686,0,1,1,0,0,-1,-1
2015-06-05,0.8785698547039554,0.00021385741936666425,-12.787463153225401,0,1,1,0,0,-1,-1
2015-06-08,0.8825299002190818,0.0045073769534932084,-12.394363374586579,0,1,1,0,0,-1,-1
2015-06-09,0.8819724344954754,-0.0006316678035137024,-12.449701034649166,0,1,1,0,0,-1,-1
2015-06-10,0.8817321083165821,-0.0002724871770291848,-12.473557368462297,0,1,1,0,0,-1,-1
2015-06-11,0.8828051817833558,0.0012170062274610427,-12.367037142712203,0,1,1,0,0,-1,-1
2015-06-12,0.8843136918479662,0.0017087689285682772,-12.217292658663299,0,1,1,0,0,-1,-1
2015-06-15,0.8851654042044488,0.0009631337435280218,-12.132746171124612,0,1,1,0,0,-1,-1
2015-06-16,0.8850867588621288,-8.884818808596595e-05,-12.140553017419396,0,1,1,0,0,-1,-1
2015-06-17,0.8855443994475081,0.0005170573175984905,-12.095124647436894,0,1,1,0,0,-1,-1
2015-06-18,0.8924955118948517,0.007849535778985589,-11.405112183209672,0,1,1,0,0,-1,-1
2015-06-19,0.8905173903758038,-0.0022163937999509775,-11.601473343274163,0,1,1,0,1,-1,-1
2015-06-22,0.8906055243942134,9.896945232297227e-05,-11.59272458950479,0,0,1,0,1,-1,-1
2015-06-23,0.8912521074769886,0.0007260038985441308,-11.5285405628971,0,0,1,0,1,-1,-1
2015-06-24,0.8880293848444052,-0.003615949522640133,-11.848448894415963,0,0,1,0,1,-1,-1
2015-06-25,0.8868242537966412,-0.0013570846509489698,-11.968078011378694,0,0,1,0,1,-1,-1
2015-06-26,0.8862404469878793,-0.0006583117300441033,-12.026030458242127,0,0,1,0,1,-1,-1
2015-06-29,0.8848643905723733,-0.0015526897019684238,-12.1626267347909,0,0,1,0,1,-1,-1
2015-06-30,0.8884892341926112,0.004096496207620148,-11.802801268322654,0,0,1,0,1,-1,-1
2015-07-01,0.8869368500459297,-0.001747217734261286,-11.956900978058798,0,0,1,0,1,-1,-1
2015-07-02,0.8865871257802351,-0.00039430571147938687,-11.991616874859487,0,0,1,0,1,-1,-1
2015-07-03,0.8871580291820823,0.0006439337829824976,-11.93494530377955,0,0,1,0,1,-1,-1
2015-07-06,0.8863648207145912,-0.0008941005338388708,-12.013684316195985,0,0,1,0,1,-1,-1
2015-07-07,0.8878872256208754,0.0017175827274562572,-11.862560540124974,0,0,1,0,1,-1,-1
2015-07-08,0.8851026356434102,-0.0031361978155705628,-12.13897698522902,0,0,1,0,1,-1,-1
2015-07-09,0.8793971154429534,-0.006446167902674049,-12.705343891682947,0,0,1,0,1,-1,-1
2015-07-10,0.8793816293449146,-1.7609903156273754e-05,-12.70688114212307,0,0,1,0,1,-1,-1
2015-07-13,0.8857580696088124,0.007251050114212482,-12.073914362658693,0,0,1,0,1,-1,-1
2015-07-14,0.885778345419236,2.2890912450251877e-05,-12.071901654330276,0,0,1,0,1,-1,-1
2015-07-15,0.8882146593843989,0.0027504781278095414,-11.83005734301062,0,0,1,0,1,-1,-1
2015-07-16,0.8917128307780231,0.003938430149361211,-11.482806182582877,0,0,1,0,1,-1,-1
2015-07-17,0.8924750346257935,0.0008547638000288293,-11.407144889627604,0,-1,1,1,1,-1,-1
2015-07-20,0.891186544603783,-0.0014437266836832923,-11.535048758534144,0,-1,0,1,1,0,-1
2015-07-21,0.8888345620675325,-0.002639158490993776,-11.768521785758407,0,-1,0,1,1,0,-1
2015-07-22,0.888241940126887,-0.000666740432850782,-11.827349279734028,0,-1,0,1,1,0,-1
2015-07-23,0.8904444659192288,0.002479646245962086,-11.608712297378984,0,-1,0,1,1,0,-1
2015-07-24,0.8903463933267062,-0.0001101389208155168,-11.618447618416054,0,-1,0,1,1,0,-1
2015-07-27,0.8917599044650972,0.001587596860037399,-11.478133343369826,0,-1,0,1,1,0,-1
2015-07-28,0.8930937703234857,0.0014957679210622632,-11.345725174912284,0,-1,0,1,1,0,-1
2015-07-29,0.8884599044526337,-0.005188554690257863,-11.805712728367405,0,-1,0,1,1,0,-1
2015-07-30,0.8889644587858401,0.0005678976965395321,-11.755627395777896,0,-1,0,1,1,0,-1
2015-07-31,0.8906496439544764,0.0018956721519980402,-11.588344996061531,0,-1,0,1,1,0,-1
2015-08-03,0.8943874189820883,0.004196683907059406,-11.217309226310023,0,-1,0,1,1,0,-1
2015-08-04,0.8947004090127608,0.00034994905343002647,-11.186239807712797,0,-1,0,1,1,0,-1
2015-08-05,0.8946674440886615,-3.684465075376453e-05,-11.18951211968921,0,-1,0,1,1,0,-1
2015-08-06,0.8954771219552683,0.0009050042805922864,-11.10913824799604,0,-1,0,1,1,0,-1
2015-08-07,0.8930991847150892,-0.002655497479362612,-11.345187707316857,0,-1,0,1,1,0,-1
2015-08-10,0.8918368729621126,-0.0014134060075078614,-11.470492951605813,0,-1,0,1,1,0,-1
2015-08-11,0.891810585941004,-2.9475144957047394e-05,-11.473102371659031,0,-1,0,1,1,0,-1
2015-08-12,0.8958427471504798,0.004521320191799627,-11.072843921894627,0,-1,0,1,1,0,-1
2015-08-13,0.8946059916401218,-0.0013805497831980706,-11.195612287938667,0,-1,0,1,1,0,-1
2015-08-14,0.8979009039840896,0.003683087722145789,-10.868537937883694,-1,-1,0,1,1,0,-1
2015-08-17,0.8983208129514593,0.00046765624748397184,-10.826855052802967,-1,0,0,1,1,0,-1
2015-08-18,0.8956636143181121,-0.00295796178273644,-11.09062580760319,-1,0,0,1,1,0,-1
2015-08-19,0.8965284953390232,0.0009656315240286761,-11.004772113101344,-1,0,0,1,1,0,-1
2015-08-20,0.8976713641128944,0.0012747712758855445,-10.89132355290023,-1,0,0,1,1,0,-1
2015-08-21,0.8999833393921323,0.002575525266446138,-10.661821905251156,-1,0,0,1,1,0,-1
2015-08-24,0.9048672270079591,0.005426642252206043,-10.177015573267086,-1,0,0,1,1,0,-1
2015-08-25,0.9185710145871537,0.015144528578527272,-8.81668881860783,-1,0,0,1,1,0,-1
2015-08-26,0.9187830669222011,0.0002308502355070352,-8.795639129747293,-1,0,0,1,1,0,-1
2015-08-27,0.9116525729378423,-0.007760802567079311,-9.503458167717978,-1,0,0,1,1,0,-1
2015-08-28,0.9061219118680968,-0.0060666324364365976,-10.052467423783035,-1,0,0,1,1,0,-1
2015-08-31,0.9070764445796863,0.0010534263646949094,-9.957714321528004,-1,0,0,1,1,0,-1
2015-09-01,0.9113679192098537,0.004731105802395802,-9.531714741293612,-1,0,0,1,1,0,-1
2015-09-02,0.9163008752216163,0.005412694377084665,-9.042037562369314,-1,0,0,1,1,0,-1
2015-09-03,0.9116915124630435,-0.005030403094898356,-9.499592778121215,-1,0,0,1,1,0,-1
2015-09-04,0.9092713104508827,-0.0026546282147809908,-9.739837712581584,-1,0,0,1,1,0,-1
2015-09-07,0.9150680477644312,0.006375145951403538,-9.16441600440191,-1,0,0,1,1,0,-1
2015-09-08,0.916958511731794,0.0020659271974159676,-8.976756300932246,-1,0,0,1,1,0,-1
2015-09-09,0.9128889552207435,-0.004438103206397648,-9.38072685064979,-1,0,0,1,1,0,-1
2015-09-10,0.9187499022001204,0.0064202189607603655,-8.798931274966014,-1,0,0,1,1,0,-1
2015-09-11,0.916390337533408,-0.002568233924229002,-9.033156953591583,-1,0,0,1,1,1,-1
2015-09-14,0.9159313110573087,-0.0005009071541880461,-9.07872289606743,-1,0,0,1,0,1,-1
2015-09-15,0.9134043806225445,-0.002758864561412777,-9.329562385347852,-1,0,0,1,0,1,-1
2015-09-16,0.91333608368358,-7.477185397114505e-05,-9.336341982068673,-1,0,0,1,0,1,-1
2015-09-17,0.911072729655177,-0.0024781173861811445,-9.561017169297697,-1,0,0,1,0,1,-1
2015-09-18,0.91374895219409,0.0029374411633699693,-9.29535797835748,-1,0,0,1,0,1,-1
2015-09-21,0.911269411934776,-0.002713590262796217,-9.54149321173782,-1,0,0,1,0,1,-1
2015-09-22,0.9121804908094951,0.0009997909101160662,-9.451053618908244,-1,0,0,1,0,1,-1
2015-09-23,0.9146230188590823,0.0026776806500428407,-9.208592457301833,-1,0,0,1,0,1,-1
2015-09-24,0.9187974480744849,0.004564098135874578,-8.79421156338278,-1,0,0,1,0,1,-1
2015-09-25,0.916288762968775,-0.002730400602404065,-9.043239903072857,-1,0,0,1,0,1,-1
2015-09-28,0.9144687510386497,-0.001986286423756284,-9.223906080802246,-1,0,0,1,0,1,-1
2015-09-29,0.9200765110540894,0.006132259860241823,-8.667243483792014,-1,0,0,1,0,1,-1
2015-09-30,0.9178202493658241,-0.002452254417059735,-8.891214639381129,-1,0,0,1,0,1,-1
2015-10-01,0.9146424632023193,-0.0034623186464892153,-9.206662285794188,-1,0,0,1,0,1,-1
2015-10-02,0.9139096636502062,-0.0008011868917034981,-9.279404717824823,-1,0,0,1,0,1,-1
2015-10-05,0.9120144728177833,-0.0020737179042986387,-9.467533640550098,-1,0,0,1,0,1,-1
2015-10-06,0.9077131082777798,-0.004716333641848647,-9.894514957320705,-1,0,0,1,0,1,-1
2015-10-07,0.9055788040936932,-0.0023512981851018244,-10.106379820769277,-1,0,0,1,0,1,-1
2015-10-08,0.9023674640215491,-0.0035461740685925336,-10.425158245580768,-1,0,0,1,0,1,-1
2015-10-09,0.8988833776109575,-0.0038610505692041053,-10.77101123932303,-1,0,0,1,-1,1,-1
2015-10-12,0.8986197363390097,-0.00029329863975073865,-10.797181980352866,-1,0,0,1,-1,1,0
2015-10-13,0.8975239438167505,-0.0012194173775033346,-10.905957446768287,-1,0,0,1,-1,1,0
2015-10-14,0.9035305916832049,0.006692465318430402,-10.309698656902025,-1,0,0,1,-1,1,0
2015-10-15,0.9006894124081659,-0.003144530247444266,-10.591732522377786,-1,0,0,1,-1,1,0
2015-10-16,0.8980045070507765,-0.0029809447301160363,-10.858253626144005,-1,0,0,1,-1,1,0
2015-10-19,0.9000611290441852,0.002290213442428024,-10.654100000317083,-1,0,0,1,-1,1,0
2015-10-20,0.8986075969815762,-0.0016149259374778346,-10.798387011633869,-1,0,0,1,-1,1,0
2015-10-21,0.8985732207536766,-3.825499363124818e-05,-10.801799418770642,-1,0,0,1,-1,1,0
2015-10-22,0.9003013210221074,0.0019231602150143745,-10.630256988161957,-1,0,0,1,-1,1,0
2015-10-23,0.8938173447773587,-0.00720200680966171,-11.273898485910927,-1,0,0,1,-1,1,0
2015-10-26,0.8923832213534564,-0.0016044927213396676,-11.416258869983123,-1,0,0,1,-1,1,0
2015-10-27,0.8925160927652688,0.0001488950135245526,-11.403069192649525,-1,0,0,1,-1,1,0
2015-10-28,0.8952566821855094,0.0030706330591188657,-11.131020527976013,-1,0,0,1,-1,1,0
2015-10-29,0.8958179911671148,0.0006269810578068968,-11.075301361220417,-1,0,0,1,-1,1,0
2015-10-30,0.8964599986338805,0.0007166717716053372,-11.01157153990749,-1,0,0,1,-1,1,0
2015-11-02,0.8948430958382728,-0.001803653033121022,-11.172075788812208,-1,0,0,1,-1,1,0
2015-11-03,0.8936650172963023,-0.0013165196752921993,-11.289019498751603,-1,0,0,1,-1,1,0
2015-11-04,0.8911156617028487,-0.0028526970890797587,-11.542085054596928,-1,0,0,1,-1,1,0
2015-11-05,0.890486188001322,-0.0007063883271043181,-11.604570693154352,-1,0,0,1,-1,1,0
2015-11-06,0.8928014085795463,0.002599951138400891,-11.374746896098584,-1,0,0,1,-1,1,1
2015-11-09,0.8906881273956516,-0.0023670226811770556,-11.584524880320577,-1,0,0,0,-1,1,1
2015-11-10,0.889614521540741,-0.0012053667517156197,-11.691097954366981,-1,0,0,0,-1,1,1
2015-11-11,0.889932037245178,0.00035691380564134567,-11.65957928806586,-1,0,0,0,-1,1,1
2015-11-12,0.8885890135785264,-0.0015091305969936464,-11.792896519913535,-1,0,0,0,-1,1,1
2015-11-13,0.8864830471091371,-0.002370011824598367,-12.001948398174914,-1,0,0,0,-1,1,1
2015-11-16,0.8875505016204229,0.0012041454315081246,-11.895985946356959,-1,0,0,0,-1,1,1
2015-11-17,0.8848203177686229,-0.003076088455603948,-12.167001686879733,-1,0,0,0,-1,1,1
2015-11-18,0.8835264553734814,-0.0014622882964582529,-12.295438852355844,-1,0,0,0,-1,1,1
2015-11-19,0.8833797611567078,-0.0001660326251481936,-12.310000670880664,-1,0,0,0,-1,1,1
2015-11-20,0.8837591259901483,0.00042944705111164216,-12.27234245925679,-1,0,0,0,-1,1,1
2015-11-23,0.883632927849185,-0.00014279698760888415,-12.284869704483592,-1,0,0,0,-1,1,1
2015-11-24,0.8845617915776981,0.0010511873191213217,-12.192664671821873,-1,0,0,0,-1,1,1
2015-11-25,0.8854385571627328,0.0009911863629909479,-12.105631238474007,-1,0,0,0,-1,1,1
2015-11-26,0.8852462343579925,-0.00021720626822097078,-12.124722446310333,-1,0,0,0,-1,1,1
2015-11-27,0.8867223909498798,0.001667509597437361,-11.97818957761208,-1,0,0,0,-1,1,1
2015-11-30,0.8866955769074301,-3.0239500799222885e-05,-11.98085131321869,-1,0,0,0,-1,1,1
2015-12-01,0.8866968595059878,1.4464925630619518e-06,-11.980723994174708,-1,0,0,0,-1,1,1
2015-12-02,0.8866142505629078,-9.316480846238706e-05,-11.988924293164779,-1,0,0,0,-1,1,1
2015-12-03,0.8875787186312102,0.0010878102485833152,-11.893184943022035,-1,0,0,0,-1,1,1
2015-12-04,0.8861079665076547,-0.0016570385169032975,-12.039181329173115,1,0,-1,-1,-1,1,1
2015-12-07,0.8880165322389247,0.0021538749265422874,-11.849724727319904,1,0,-1,-1,0,0,1
2015-12-08,0.8843876811879131,-0.004086467897013529,-12.209947997334613,1,0,-1,-1,0,0,1
2015-12-09,0.8803646736968674,-0.004548918507822186,-12.609297789692214,1,0,-1,-1,0,0,1
2015-12-10,0.8790082394815295,-0.0015407640218479401,-12.743946239501872,1,0,-1,-1,0,0,1
2015-12-11,0.8837393729930642,0.005382353997415518,-12.274303269745346,1,0,-1,-1,0,0,1
2015-12-14,0.8773721515272892,-0.0072048634024421965,-12.9063549315709,1,0,-1,-1,0,0,1
2015-12-15,0.8824805977469051,0.005822439441146354,-12.399257457451279,1,0,-1,-1,0,0,1
2015-12-16,0.8827389136141993,0.0002927156335829906,-12.373615350595594,1,0,-1,-1,0,0,1
2015-12-17,0.8844480148975217,0.0019361345205965441,-12.20395888236081,1,0,-1,-1,0,0,1
2015-12-18,0.8808748176924711,-0.00404003078175777,-12.558657590992544,1,0,-1,-1,0,0,1
2015-12-21,0.8818365592007236,0.0010918027044658496,-12.463188896868271,1,0,-1,-1,0,0,1
2015-12-22,0.8837430783606692,0.00216198698052808,-12.273935450946354,1,0,-1,-1,0,0,1
2015-12-23,0.8839709787052108,0.00025788076888166866,-12.251312585969472,1,0,-1,-1,0,0,1
2015-12-24,0.8848455726431945,0.0009893921396205985,-12.16449472438,1,0,-1,-1,0,0,1
2015-12-25,0.8851333569167584,0.0003252367220465402,-12.135927392564854,1,0,-1,-1,0,0,1
2015-12-28,0.8860634698087311,0.0010508166760459514,-12.04359835984365,1,0,-1,-1,0,0,1
2015-12-29,0.8857907730867899,-0.0003077620635912881,-12.070668003518488,1,0,-1,-1,0,0,1
2015-12-30,0.8889870642231011,0.0036084041891437657,-11.753383433593772,1,0,-1,-1,0,0,1
2015-12-31,0.8870711955836661,-0.002155114192926272,-11.943564969433755,1,0,-1,-1,0,0,1
2016-01-01,0.8910553730965424,0.00449138415576078,-11.548069692324688,1,-1,-1,-1,-1,0,1
2016-01-04,0.8906156027472251,-0.0004935387436014183,-11.591724146877853,1,-1,0,0,-1,0,1
2016-01-05,0.886151483593293,-0.00501239720050034,-12.034861541265101,1,-1,0,0,-1,0,1
2016-01-06,0.8853596937771395,-0.0008935151955541121,-12.113459729157006,1,-1,0,0,-1,0,1
2016-01-07,0.8828729609673717,-0.002808726020899932,-12.360308941702593,1,-1,0,0,-1,0,1
2016-01-08,0.8809353646525397,-0.002194649061070947,-12.552647307396228,1,-1,0,0,-1,0,1
2016-01-11,0.8778431382854037,-0.003510162596725458,-12.859601734000464,1,-1,0,0,-1,0,1
2016-01-12,0.8807893698389566,0.0033562164184678944,-12.56713969862828,1,-1,0,0,-1,0,1
2016-01-13,0.8825552046784837,0.002004832142615459,-12.39185148997529,1,-1,0,0,-1,0,1
2016-01-14,0.8808947510764051,-0.001881416134964009,-12.556678874136374,1,-1,0,0,-1,0,1
2016-01-15,0.8825457519842145,0.0018742317465189617,-12.392789825661225,1,-1,0,0,-1,0,1
2016-01-18,0.8825419706113992,-4.284619586902849e-06,-12.393165189229896,1,-1,0,0,-1,0,1
2016-01-19,0.8833189465057284,0.0008803840726021306,-12.316037527211401,1,-1,0,0,-1,0,1
2016-01-20,0.8841532243825836,0.000944480903704692,-12.233221699094694,1,-1,0,0,-1,0,1
2016-01-21,0.885270718755537,0.0012639148307509451,-12.122291966352954,1,-1,0,0,-1,0,1
2016-01-22,0.887018034191148,0.0019737639555809094,-11.948842113737063,1,-1,0,0,-1,0,1
2016-01-25,0.8816791809217256,-0.0060188779299067685,-12.47881128464143,1,-1,0,0,-1,0,1
2016-01-26,0.8814156453812357,-0.0002989018525019205,-12.504971530081619,1,-1,0,0,-1,0,1
2016-01-27,0.8812581362852836,-0.00017870013628362713,-12.52060690359333,1,-1,0,0,-1,0,1
2016-01-28,0.879884896214474,-0.0015582722181700648,-12.656923611517836,1,-1,0,0,-1,0,1
2016-01-29,0.8812008431868702,0.0014955899096096847,-12.526294187796964,1,-1,0,1,-1,1,1
2016-02-01,0.8767409592227731,-0.005061143550394109,-12.969011169797472,0,-1,0,1,-1,1,0
2016-02-02,0.8759359834378837,-0.000918145521115965,-13.04891828239022,0,-1,0,1,-1,1,0
2016-02-03,0.8802285332704267,0.004900529163895634,-12.622811970600797,0,-1,0,1,-1,1,0
2016-02-04,0.8799309651713632,-0.00033805777456213937,-12.652350508333518,0,-1,0,1,-1,1,0
2016-02-05,0.8838990653436612,0.004509558510110145,-12.258451172230243,0,-1,0,1,-1,1,0
2016-02-08,0.8857362975646957,0.0020785543203624968,-12.07607559683898,0,-1,0,1,-1,1,0
2016-02-09,0.8909083643406909,0.005839285112527903,-11.56266273403657,0,-1,0,1,-1,1,0
2016-02-10,0.8926933824128317,0.002003593347629784,-11.385470273408387,0,-1,0,1,-1,1,0
2016-02-11,0.8960399149886699,0.003748804059455324,-11.053271764642613,0,-1,0,1,-1,1,0
2016-02-12,0.8988519952557756,0.0031383426341461407,-10.774126455253764,0,-1,0,1,-1,1,0
2016-02-15,0.8928609838209841,-0.006665181216054111,-11.368833071590224,0,-1,0,1,-1,1,0
2016-02-16,0.8912184296997733,-0.001839652701791844,-11.53188363729304,0,-1,0,1,-1,1,0
2016-02-17,0.8942413606012872,0.0033919079776350003,-11.231807927636037,0,-1,0,1,-1,1,0
2016-02-18,0.8906460878767529,-0.004020472417107707,-11.588697995379494,0,-1,0,1,-1,1,0
2016-02-19,0.8926075241425416,0.002202262259372395,-11.393993121672736,0,-1,0,1,-1,1,0
2016-02-22,0.8962521391434416,0.004083110328249928,-11.032205019842857,0,-1,0,1,-1,1,0
2016-02-23,0.8938089493870571,-0.0027260071688301746,-11.274731866753786,0,-1,0,1,-1,1,0
2016-02-24,0.8996168019768335,0.006497868021750203,-10.69820678422955,0,-1,0,1,-1,1,0
2016-02-25,0.898710202822131,-0.0010077614743414787,-10.788201691022007,0,-1,0,1,-1,1,0
2016-02-26,0.8936818191602343,-0.005595111356371113,-11.287351636862862,0,-1,0,1,-1,1,1
2016-02-29,0.8884097006904362,-0.005899323849680682,-11.810696279119856,0,-1,0,0,-1,1,1
2016-03-01,0.8900347793412411,0.001829199579362839,-11.649380441849317,0,-1,0,0,-1,1,1
2016-03-02,0.8859421405580821,-0.004598290851272335,-12.055642287467803,0,-1,0,0,-1,1,1
2016-03-03,0.8857927362895703,-0.00016863885537446444,-12.070473123289089,0,-1,0,0,-1,1,1
2016-03-04,0.8855622551199707,-0.00026019762880999386,-12.093352177684794,0,-1,0,0,-1,1,1
2016-03-07,0.8855495209787271,-1.4379724485730216e-05,-12.094616251060945,0,-1,0,0,-1,1,1
2016-03-08,0.8847482106396185,-0.0009048735504062211,-12.17415950775367,0,-1,0,0,-1,1,1
2016-03-09,0.8878516040712894,0.003507657200490122,-11.866096565961938,0,-1,0,0,-1,1,1
2016-03-10,0.8805598620443437,-0.008212793662261936,-12.589922129515404,0,-1,0,0,-1,1,1
2016-03-11,0.8830489271454148,0.0028266847131691863,-12.342841398621973,0,-1,0,0,-1,1,1
2016-03-14,0.8798507639765243,-0.003621728163159782,-12.660311798631144,0,-1,0,0,-1,1,1
2016-03-15,0.8800402443095539,0.00021535508155171024,-12.64150275295583,0,-1,0,0,-1,1,1
2016-03-16,0.882339656890886,0.002612849351152302,-12.41324816010625,0,-1,0,0,-1,1,1
2016-03-17,0.8817691228001183,-0.0006466150379980662,-12.469883070975328,0,-1,0,0,-1,1,1
2016-03-18,0.882067888704001,0.00033882554532405074,-12.440225631374572,0,-1,0,0,-1,1,1
2016-03-21,0.881078518355125,-0.001121648754643656,-12.538436943252023,0,-1,0,0,-1,1,1
2016-03-22,0.8816521895417546,0.0006511010933516748,-12.481490623919532,0,-1,0,0,-1,1,1
2016-03-23,0.8823685939912077,0.0008125703740670676,-12.410375676018008,0,-1,0,0,-1,1,1
2016-03-24,0.8855340002891974,0.0035873968311491977,-12.096156935276603,0,-1,0,0,-1,1,1
2016-03-25,0.8845422860891573,-0.0011199052771731222,-12.194600913008582,0,1,0,0,-1,1,-1
2016-03-28,0.8838085041209214,-0.000829561208973012,-12.267440866029549,0,1,0,0,-1,1,-1
2016-03-29,0.8813935212328842,-0.002732473015112369,-12.50716771640987,0,1,0,0,-1,1,-1
2016-03-30,0.8785660240497013,-0.0032079849863518306,-12.787843408789026,0,1,0,0,-1,1,-1
2016-03-31,0.879739956495871,0.0013361914916292517,-12.671311267185217,0,1,0,0,-1,1,-1
2016-04-01,0.8788242444959027,-0.001040889405109796,-12.762210774049338,0,1,0,0,-1,1,-1
2016-04-04,0.8824856649245502,0.00416627152878285,-12.398754456563289,0,1,0,0,-1,1,-1
2016-04-05,0.8847695675738007,0.0025880337098117823,-12.172039480075366,0,1,0,0,-1,1,-1
2016-04-06,0.8875521716753676,0.003145004307954835,-11.895820165881316,0,1,0,0,-1,1,-1
2016-04-07,0.8891743461392655,0.0018276947718305347,-11.734792617022082,0,1,0,0,-1,1,-1
2016-04-08,0.8936983537321993,0.005087874625012256,-11.285710308106786,0,1,0,0,-1,1,-1
2016-04-11,0.8944038711804264,0.0007894357702247223,-11.21567607449393,0,1,0,0,-1,1,-1
2016-04-12,0.8933232889124322,-0.0012081592028085342,-11.322941672509668,0,1,0,0,-1,1,-1
2016-04-13,0.891772713414208,-0.00173573835751209,-11.476861844080025,0,1,0,0,-1,1,-1
2016-04-14,0.8907605909805326,-0.0011349555984959958,-11.577331675326523,0,1,0,0,-1,1,-1
2016-04-15,0.8929483095243697,0.002456011824040011,-11.360164556407957,0,1,0,0,-1,1,-1
2016-04-18,0.8921949279870898,-0.0008437011742384037,-11.434950089656013,0,1,0,0,-1,1,-1
2016-04-19,0.8885964644248953,-0.004033270588427534,-11.792156900622016,0,1,0,0,-1,1,-1
2016-04-20,0.8864527854273777,-0.0024124325082758302,-12.004952368799845,0,1,0,0,-1,1,-1
2016-04-21,0.8886604566795115,0.0024904555419379137,-11.785804614763641,0,1,0,0,-1,1,-1
2016-04-22,0.8905719582790609,0.002150992074849062,-11.596056579600814,1,1,0,-1,-1,1,-1
2016-04-25,0.8882632822388897,-0.002592352048263876,-11.825230723401296,1,1,0,-1,-1,0,0
2016-04-26,0.886997831190964,-0.0014246350977563382,-11.950847594449304,1,1,0,-1,-1,0,0
2016-04-27,0.8871357868842701,0.00015553103790671985,-11.937153218388866,1,1,0,-1,-1,0,0
2016-04-28,0.8833948018575799,-0.0042169249420418164,-12.308507633449448,1,1,0,-1,-1,0,0
2016-04-29,0.8832372630954181,-0.00017833335880013124,-12.324145951821373,1,1,0,-1,-1,0,0
2016-05-02,0.8809714046154892,-0.002565401817386931,-12.549069747137526,1,1,0,-1,-1,0,0
2016-05-03,0.8804177473765455,-0.0006284622134645756,-12.604029352333773,1,1,0,-1,-1,0,0
2016-05-04,0.874864357671144,-0.006307675784534672,-13.155294800053955,1,1,0,-1,-1,0,0
2016-05-05,0.8720326482973751,-0.0032367410432707078,-13.436388621765365,1,1,0,-1,-1,0,0
2016-05-06,0.874328983521746,0.0026333133614372117,-13.208439507308809,1,1,0,-1,-1,0,0
2016-05-09,0.8714037129089037,-0.0033457321763021852,-13.498820823880687,1,1,0,-1,-1,0,0
2016-05-10,0.8694001415040048,-0.002299245889383017,-13.697708304528163,1,1,0,-1,-1,0,0
2016-05-11,0.8714644896856004,0.0023744511681633995,-13.492787727196673,1,1,0,-1,-1,0,0
2016-05-12,0.8711593464593882,-0.00035014992558371483,-13.523078221136444,1,1,0,-1,-1,0,0
2016-05-13,0.871152316235675,-8.069963023160653e-06,-13.523776086697554,1,1,0,-1,-1,0,0
2016-05-16,0.8705513207559662,-0.0006898856474443493,-13.583434792420517,1,1,0,-1,-1,0,0
2016-05-17,0.8704273267309295,-0.00014243160866037052,-13.59574324281794,1,1,0,-1,-1,0,0
2016-05-18,0.8708716264697158,0.0005104386376000858,-13.551639171715962,1,1,0,-1,-1,0,0
2016-05-19,0.8660769520936638,-0.005505604075641324,-14.027589619424678,1,1,0,-1,-1,0,0
2016-05-20,0.8654460334763854,-0.0007284787059085585,-14.090218689682555,-1,1,-1,-1,1,0,0
2016-05-23,0.8636168810171871,-0.002113537284180289,-14.27179221555768,-1,1,-1,0,1,0,0
2016-05-24,0.8629796397907804,-0.0007378749077440461,-14.335048908967687,-1,1,-1,0,1,0,0
2016-05-25,0.8669881926585771,0.004645014416294363,-13.937133976178693,-1,1,-1,0,1,0,0
2016-05-26,0.8694378914439359,0.0028255272748835547,-13.693961000873733,-1,1,-1,0,1,0,0
2016-05-27,0.8683379647659528,-0.001265100921879897,-13.803146850375336,-1,1,-1,0,1,0,0
2016-05-30,0.869019178627225,0.0007845031415341375,-13.735525148289105,-1,1,-1,0,1,0,0
2016-05-31,0.8682127821676604,-0.0009279386225267139,-13.815573286255987,-1,1,-1,0,1,0,0
2016-06-01,0.8644635347790721,-0.00431835083011281,-14.187747876898083,-1,1,-1,0,1,0,0
2016-06-02,0.8621475593153944,-0.0026790898291269016,-14.417646608775556,-1,1,-1,0,1,0,0
2016-06-03,0.8625964908033465,0.0005207130532371429,-14.373082760237988,-1,1,-1,0,1,0,0
2016-06-06,0.8579356632201158,-0.005403253587190043,-14.835746707973755,-1,1,-1,0,1,0,0
2016-06-07,0.859398573613899,0.001705151629077195,-14.690528742733713,-1,1,-1,0,1,0,0
2016-06-08,0.8583556049540393,-0.0012136029682640603,-14.79406057027257,-1,1,-1,0,1,0,0
2016-06-09,0.8562281421356107,-0.0024785331465767835,-15.005246315434368,-1,1,-1,0,1,0,0
2016-06-10,0.8583042236997434,0.0024246827007513294,-14.799161006520784,-1,1,-1,0,1,0,0
2016-06-13,0.8545662295283257,-0.0043550923649250395,-15.170218529906487,-1,1,-1,0,1,0,0
2016-06-14,0.8534585294819331,-0.0012962132227060386,-15.280176014327282,-1,1,-1,0,1,0,0
2016-06-15,0.8525593274016815,-0.0010535978599891804,-15.369436639577241,-1,1,-1,0,1,0,0
2016-06-16,0.8505725497415535,-0.0023303688039904846,-15.56665706429651,-1,1,-1,0,1,0,0
2016-06-17,0.853677528580453,0.0036504573770255733,-15.258436744709943,-1,1,-1,-1,1,1,1
2016-06-20,0.8549411538585608,0.0014802138229045461,-15.133001111404917,-1,0,0,-1,0,1,1
2016-06-21,0.8571042678409158,0.0025301320127030513,-14.918276400694838,-1,0,0,-1,0,1,1
2016-06-22,0.8574077553031847,0.00035408464717293087,-14.888150268613307,-1,0,0,-1,0,1,1
2016-06-23,0.855120769192532,-0.0026673261310122265,-15.115171329460619,-1,0,0,-1,0,1,1
2016-06-24,0.8552422784321556,0.00014209599860176558,-15.10310953496453,-1,0,0,-1,0,1,1
2016-06-27,0.8662937062335094,0.012921984892530686,-14.00607319895251,-1,0,0,-1,0,1,1
2016-06-28,0.8671395821481588,0.0009764308669943933,-13.922106074449914,-1,0,0,-1,0,1,1
2016-06-29,0.8646088478290819,-0.002918485525487735,-14.173323161936102,-1,0,0,-1,0,1,1
2016-06-30,0.8629031405183049,-0.0019728080681336857,-14.342642722463339,-1,0,0,-1,0,1,1
2016-07-01,0.8636922890243623,0.0009145273310554314,-14.26430672812706,-1,0,0,-1,0,1,1
2016-07-04,0.8652127464220675,0.0017604156214277578,-14.11337627437732,-1,0,0,-1,0,1,1
2016-07-05,0.8640748374437958,-0.0013151782413947932,-14.226332493128119,-1,0,0,-1,0,1,1
2016-07-06,0.8686128836513197,0.005251913388600732,-13.775856620359402,-1,0,0,-1,0,1,1
2016-07-07,0.8658000710489409,-0.003238281005636029,-14.055074626092937,-1,0,0,-1,0,1,1
2016-07-08,0.8709896260072509,0.005993941478917658,-13.539925772991795,-1,0,0,-1,0,1,1
2016-07-11,0.871659767665705,0.0007694025720215991,-13.473403169504364,-1,0,0,-1,0,1,1
2016-07-12,0.8660482811716483,-0.006437702762264824,-14.03043568092942,-1,0,0,-1,0,1,1
2016-07-13,0.861291142227062,-0.005492925796412307,-14.50266011848397,-1,0,0,-1,0,1,1
2016-07-14,0.8614136115859374,0.0001421927532642142,-14.490503016329448,-1,0,0,-1,0,1,1
2016-07-15,0.855444596038597,-0.006929325781549922,-15.083026178345756,-1,0,0,-1,-1,1,1
2016-07-18,0.855920426987765,0.0005562381846486941,-15.035792114981342,-1,0,0,0,-1,1,1
2016-07-19,0.8532365304873465,-0.003135684598466637,-15.302213073067314,-1,0,0,0,-1,1,1
2016-07-20,0.8580117560782757,0.005596602372617304,-14.828193237796608,-1,0,0,0,-1,1,1
2016-07-21,0.8518817204015408,-0.00714446583430689,-15.436700301255366,-1,0,0,0,-1,1,1
2016-07-22,0.8552281112996332,0.0039282341878577876,-15.104515856340697,-1,0,0,0,-1,1,1
2016-07-25,0.8570396474698567,0.002118190628077804,-14.924691037461471,-1,0,0,0,-1,1,1
2016-07-26,0.8585394295018357,0.0017499564184768612,-14.775812954488579,-1,0,0,0,-1,1,1
2016-07-27,0.8602570979065929,0.002000686684540287,-14.60530605826585,-1,0,0,0,-1,1,1
2016-07-28,0.8594568526209884,-0.0009302396778264332,-14.684743590846294,-1,0,0,0,-1,1,1
2016-07-29,0.8611293442961431,0.0019459867822967103,-14.51872122954583,-1,0,0,0,-1,1,1
2016-08-01,0.8661773285262241,0.005862051111737654,-14.017625604296747,-1,0,0,0,-1,1,1
2016-08-02,0.8678239291538998,0.0019009971439421236,-13.854173356141153,-1,0,0,0,-1,1,1
2016-08-03,0.8671231550398921,-0.0008075072494151403,-13.923736735662931,-1,0,0,0,-1,1,1
2016-08-04,0.8653883769706953,-0.0020006132452051184,-14.095942048047325,-1,0,0,0,-1,1,1
2016-08-05,0.8682188516429881,0.0032707565153588247,-13.814970790805203,-1,0,0,0,-1,1,1
2016-08-08,0.8658588823431923,-0.0027181732985062934,-14.04923663593262,-1,0,0,0,-1,1,1
2016-08-09,0.8658899412852546,3.587067442001324e-05,-14.046153524083824,-1,0,0,0,-1,1,1
2016-08-10,0.8675284240056608,0.0018922528629610469,-13.883507112007266,-1,0,0,0,-1,1,1
2016-08-11,0.8713433485594398,0.004397463470031671,-13.504812980365072,-1,0,0,0,-1,1,1
2016-08-12,0.8692193199192179,-0.002437648309054685,-13.715657826744856,-1,0,0,-1,-1,1,1
2016-08-15,0.8707184690798997,0.0017247075925798771,-13.566842566677877,0,0,0,-1,-1,1,1
2016-08-16,0.8716514882354919,0.00107155089586905,-13.474225039397423,0,0,0,-1,-1,1,1
2016-08-17,0.8717663058341159,0.00013172420419571562,-13.462827500548306,0,0,0,-1,-1,1,1
2016-08-18,0.871180426927341,-0.000672059590803159,-13.52098563728755,0,0,0,-1,-1,1,1
2016-08-19,0.8681506691027775,-0.0034777615875158097,-13.821739031564414,0,0,0,-1,-1,1,1
2016-08-22,0.868992543914696,0.0009697335288454956,-13.738169082445731,0,0,0,-1,-1,1,1
2016-08-23,0.868953790529606,-4.45957624855553e-05,-13.742015994568893,0,0,0,-1,-1,1,1
2016-08-24,0.867949818088396,-0.0011553807028082397,-13.84167680475191,0,0,0,-1,-1,1,1
2016-08-25,0.8687477233666261,0.0009192988599127372,-13.76247155646653,0,0,0,-1,-1,1,1
2016-08-26,0.8684254492250868,-0.0003709640127635694,-13.794462576068756,0,0,0,-1,-1,1,1
2016-08-29,0.8660767943077592,-0.0027044980308021105,-14.027605282276006,0,0,0,-1,-1,1,1
2016-08-30,0.8678352350935646,0.0020303520396373897,-13.853051055308358,0,0,0,-1,-1,1,1
2016-08-31,0.8660558034206733,-0.0020504257040213636,-14.029688973747573,0,0,0,-1,-1,1,1
2016-09-01,0.8644314913691238,-0.0018755281647371003,-14.190928713408525,0,0,0,-1,-1,1,1
2016-09-02,0.8628596236075998,-0.001818383269487689,-14.346962493006343,0,0,0,-1,-1,1,1
2016-09-05,0.8619505203187474,-0.0010535934976901584,-14.43720597638113,0,0,0,-1,-1,1,1
2016-09-06,0.8631270056271021,0.001364910491520488,-14.320420421134477,0,0,0,-1,-1,1,1
2016-09-07,0.866948891016064,0.0044279525076209025,-13.941035311886333,0,0,0,-1,-1,1,1
2016-09-08,0.8687312826058946,0.002055936178361778,-13.764103572911674,0,0,0,-1,-1,1,1
2016-09-09,0.8662587087663393,-0.0028461894823660905,-14.009547274324868,1,0,-1,-1,-1,1,1
2016-09-12,0.8639522126146828,-0.0026625950519345576,-14.23850502826586,1,0,-1,0,-1,0,1
2016-09-13,0.8635699283082956,-0.00044248316145900635,-14.2764530456924,1,0,-1,0,-1,0,1
2016-09-14,0.8610239821675414,-0.0029481644245552274,-14.529180157169778,1,0,-1,0,-1,0,1
2016-09-15,0.8600889161439745,-0.0010859930070855062,-14.622000869828955,1,0,-1,0,-1,0,1
2016-09-16,0.8622878189918768,0.0025565994476020593,-14.4037235244154,1,0,-1,0,-1,0,1
2016-09-19,0.8661713604798502,0.004503764755153072,-14.018218031252323,1,0,-1,0,-1,0,1
2016-09-20,0.8676998661417391,0.0017646688999762294,-13.866488654647538,1,0,-1,0,-1,0,1
2016-09-21,0.8695856376793649,0.0021732993298835823,-13.679294752160173,1,0,-1,0,-1,0,1
2016-09-22,0.8702736915379028,0.0007912433562886623,-13.610994067622665,1,0,-1,0,-1,0,1
2016-09-23,0.8679750890641844,-0.002641240906244652,-13.839168243941064,1,0,-1,0,-1,0,1
2016-09-26,0.8665857186549368,-0.0016007030924649612,-13.97708615378234,1,0,-1,0,-1,0,1
2016-09-27,0.8684228838529414,0.0021200040093622696,-13.794717231531331,1,0,-1,0,-1,0,1
2016-09-28,0.8696797421422829,0.0014472883116175284,-13.669953333380844,1,0,-1,0,-1,0,1
2016-09-29,0.8695794652541482,-0.00011530323551942057,-13.679907467084051,1,0,-1,0,-1,0,1
2016-09-30,0.8668030138410322,-0.003192866809825834,-13.955516025553488,1,0,-1,0,-1,0,1
2016-10-03,0.8697163478026543,0.0033610104200172686,-13.666319618330364,1,0,-1,0,-1,0,1
2016-10-04,0.873620974552406,0.004489540480199922,-13.278721065452215,1,0,-1,0,-1,0,1
2016-10-05,0.8712125563916321,-0.0027568227308276128,-13.51779625846542,1,0,-1,0,-1,0,1
2016-10-06,0.869749756935747,-0.0016790385367534966,-13.663003211290828,1,0,-1,0,-1,0,1
2016-10-07,0.8756736342700148,0.006811013497880769,-13.07496076079645,1,-1,-1,1,-1,1,1
2016-10-10,0.8772635845107757,0.001815688149713779,-12.917131997136416,0,-1,0,1,-1,1,0
2016-10-11,0.8749732183530411,-0.0026108072854885422,-13.144488583359538,0,-1,0,1,-1,1,0
2016-10-12,0.8763057352216439,0.0015229230342742317,-13.012214324369475,0,-1,0,1,-1,1,0
2016-10-13,0.8756847819718487,-0.0007086034301009847,-13.07385416767611,0,-1,0,1,-1,1,0
2016-10-14,0.8758379694937055,0.00017493454837924638,-13.05864778161259,0,-1,0,1,-1,1,0
2016-10-17,0.8732313002961809,-0.002976200265708384,-13.317402657185994,0,-1,0,1,-1,1,0
2016-10-18,0.8734908397476245,0.0002972173023979563,-13.291639089438902,0,-1,0,1,-1,1,0
2016-10-19,0.871047773397941,-0.002796899793922669,-13.534153686201025,0,-1,0,1,-1,1,0
2016-10-20,0.8726990612565024,0.0018957489003384176,-13.37023615313481,0,-1,0,1,-1,1,0
2016-10-21,0.8724387241042142,-0.0002983126301447092,-13.39607890583678,0,-1,0,1,-1,1,0
2016-10-24,0.874609205762468,0.002487832782161692,-13.180622831874972,0,-1,0,1,-1,1,0
2016-10-25,0.8735836308780041,-0.001172609295336552,-13.282428040557646,0,-1,0,1,-1,1,0
2016-10-26,0.87496521775832,0.0015815164472889331,-13.14528277423482,0,-1,0,1,-1,1,0
2016-10-27,0.8738937133699088,-0.0012246251241351258,-13.251647243099146,0,-1,0,1,-1,1,0
2016-10-28,0.8736810033695127,-0.00024340488682075834,-13.272762216083823,0,-1,0,1,-1,1,0
2016-10-31,0.8761543640051423,0.0028309653364222975,-13.02724041219391,0,-1,0,1,-1,1,0
2016-11-01,0.875294557583318,-0.0009813412534908916,-13.112590369107375,0,-1,0,1,-1,1,0
2016-11-02,0.8780107443694087,0.003103168827634617,-12.842964068026872,0,-1,0,1,-1,1,0
2016-11-03,0.8791941053657256,0.0013477750744004813,-12.725495987439134,0,-1,0,1,-1,1,0
2016-11-04,0.877023372592723,-0.0024690028740576575,-12.940976988678113,0,-1,1,1,-1,1,1
2016-11-07,0.8745510522746831,-0.0028189902291099003,-13.186395523902883,0,-1,1,0,-1,0,1
2016-11-08,0.8769333730395829,0.002724049966784048,-12.949910927513372,0,-1,1,0,-1,0,1
2016-11-09,0.8756293496145136,-0.001487026797200447,-13.079356742662851,0,-1,1,0,-1,0,1
2016-11-10,0.8734112566492745,-0.002533141409907652,-13.29953902347382,0,-1,1,0,-1,0,1
2016-11-11,0.8692786227234736,-0.004731601401217644,-13.70977104611657,0,-1,1,0,-1,0,1
2016-11-14,0.8660649654162107,-0.003696924349979286,-14.028779494701467,0,-1,1,0,-1,0,1
2016-11-15,0.8662035433671194,0.00016000872502905383,-14.015023349319216,0,-1,1,0,-1,0,1
2016-11-16,0.8639242721476567,-0.002631334444330058,-14.241278580075074,0,-1,1,0,-1,0,1
2016-11-17,0.8638941424831219,-3.487535366941685e-05,-14.244269445814831,0,-1,1,0,-1,0,1
2016-11-18,0.862541597909139,-0.0015656369310426133,-14.378531784618998,0,-1,1,0,-1,0,1
2016-11-21,0.8620263795072538,-0.0005973258601487397,-14.429675701767952,0,-1,1,0,-1,0,1
2016-11-22,0.8606037442439745,-0.0016503384317456127,-14.57089569657426,0,-1,1,0,-1,0,1
2016-11-23,0.8612663011916651,0.0007698745817945885,-14.505126000625573,0,-1,1,0,-1,0,1
2016-11-24,0.8586666600999565,-0.003018394064776053,-14.76318322087407,0,-1,1,0,-1,0,1
2016-11-25,0.8586877474218025,2.4558216623338236e-05,-14.76108995666332,0,-1,1,0,-1,0,1
2016-11-28,0.8607047537791487,0.0023489404191479046,-14.560868835578415,0,-1,1,0,-1,0,1
2016-11-29,0.8612137317582516,0.0005913502590383923,-14.510344383232319,0,-1,1,0,-1,0,1
2016-11-30,0.8619124680924177,0.0008113390537091425,-14.440983286942277,0,-1,1,0,-1,0,1
2016-12-01,0.8585330956889782,-0.003920783755360646,-14.776441689795464,0,-1,1,0,-1,0,1
2016-12-02,0.8573647820090129,-0.001360825442643876,-14.892416076256627,1,1,1,0,-1,-1,1
2016-12-05,0.85589939090943,-0.0017091804216043949,-15.037880292429136,1,1,0,0,-1,-1,0
2016-12-06,0.8572079975123172,0.0015289257321434158,-14.90797952135079,1,1,0,0,-1,-1,0
2016-12-07,0.8583851173624734,0.00137320213247219,-14.791130977373143,1,1,0,0,-1,-1,0
2016-12-08,0.8597061066965118,0.0015389238551774265,-14.660001016161525,1,1,0,0,-1,-1,0
2016-12-09,0.8608586750687427,0.0013406539319113786,-14.545589610974533,1,1,0,0,-1,-1,0
2016-12-12,0.8638930922577395,0.0035248726380720796,-14.244373697991675,1,1,0,0,-1,-1,0
2016-12-13,0.8632427895646285,-0.000752758297223266,-14.308926957224097,1,1,0,0,-1,-1,0
2016-12-14,0.8636698331539608,0.0004946969664788303,-14.266535843335523,1,1,0,0,-1,-1,0
2016-12-15,0.8645813112590578,0.0010553548012304237,-14.176056620311666,1,1,0,0,-1,-1,0
2016-12-16,0.8664262294834725,0.0021338863105055395,-13.992918082420141,1,1,0,0,-1,-1,0
2016-12-19,0.8621034200913256,-0.0049892411437312545,-14.422028154175598,1,1,0,0,-1,-1,0
2016-12-20,0.8602022806661441,-0.0022052335959646674,-14.610747572764529,1,1,0,0,-1,-1,0
2016-12-21,0.8632248512632519,0.003513790494448582,-14.310707629257632,1,1,0,0,-1,-1,0
2016-12-22,0.8609256532764281,-0.002663498372943107,-14.538940920065754,1,1,0,0,-1,-1,0
2016-12-23,0.8608323981912295,-0.00010831955679774241,-14.548198024108752,1,1,0,0,-1,-1,0
2016-12-26,0.858442926612776,-0.0027757686437850093,-14.785392456588358,1,1,0,0,-1,-1,0
2016-12-27,0.8584736382887389,3.577602541848801e-05,-14.78234381662285,1,1,0,0,-1,-1,0
2016-12-28,0.8584674145638143,-7.249756599547741e-06,-14.782961623888156,1,1,0,0,-1,-1,0
2016-12-29,0.8588198660300812,0.00041055893361532925,-14.747975007486591,1,1,0,0,-1,-1,0
2016-12-30,0.8588755352443832,6.482059452039834e-05,-14.74244892054251,1,1,0,-1,1,-1,0
2017-01-02,0.8612590684282875,0.0027751788077490015,-14.505843971586222,0,1,0,-1,1,-1,0
2017-01-03,0.8626237731451601,0.001584546121950442,-14.370374538201974,0,1,0,-1,1,-1,0
2017-01-04,0.8634271586608321,0.0009313278171580175,-14.290625286036576,0,1,0,-1,1,-1,0
2017-01-05,0.8641681125433922,0.0008581544779171502,-14.217073402326305,0,1,0,-1,1,-1,0
2017-01-06,0.8614090554076566,-0.003192731941491389,-14.490955292109312,0,1,0,-1,1,-1,0
2017-01-09,0.8633246199137067,0.0022237571035789716,-14.30080394651988,0,1,0,-1,1,-1,0
2017-01-10,0.858906268771697,-0.0051178328986510035,-14.73939811147032,0,1,0,-1,1,-1,0
2017-01-11,0.8589619083016612,6.477951318692443e-05,-14.733874971185957,0,1,0,-1,1,-1,0
2017-01-12,0.8586224937312633,-0.00039514507816640343,-14.767567460825418,0,1,0,-1,1,-1,0
2017-01-13,0.8567665159101011,-0.002161576053169495,-14.951803845955485,0,1,0,-1,1,-1,0
2017-01-16,0.8538891851147045,-0.0033583604657334565,-15.237426345601172,0,1,0,-1,1,-1,0
2017-01-17,0.853486486397394,-0.00047160536089521643,-15.277400829739854,0,1,0,-1,1,-1,0
2017-01-18,0.85720562028462,0.004357577942358026,-14.908215500376281,0,1,0,-1,1,-1,0
2017-01-19,0.8566017165866362,-0.0007045027280424276,-14.968162894690263,0,1,0,-1,1,-1,0
2017-01-20,0.8568297459594368,0.0002662023299570826,-14.945527221532293,0,1,0,-1,1,-1,0
2017-01-23,0.8546708678520047,-0.002519611530310162,-15.15983145184937,0,1,0,-1,1,-1,0
2017-01-24,0.8550948785391195,0.0004961099097484101,-15.1177414034879,0,1,0,-1,1,-1,0
2017-01-25,0.8593604070166814,0.004988368641441671,-14.694317406490317,0,1,0,-1,1,-1,0
2017-01-26,0.8609707125675622,0.0018738419151413943,-14.534468042846852,0,1,0,-1,1,-1,0
2017-01-27,0.8635420143877331,0.002986514851943095,-14.279223962327606,0,1,0,-1,1,-1,0
2017-01-30,0.8625741102296014,-0.0011208535797972152,-14.375304401012423,0,1,0,-1,1,-1,0
2017-01-31,0.8596574797449014,-0.003381310023232248,-14.664828042477495,0,1,0,-1,1,-1,0
2017-02-01,0.8586528663213118,-0.0011686205811733408,-14.764552480725031,0,1,0,-1,1,-1,0
2017-02-02,0.8614665467241938,0.0032768543764798985,-14.485248331490272,0,1,0,-1,1,-1,0
2017-02-03,0.8584823137749389,-0.003464130975953328,-14.78148263164612,0,1,0,-1,1,-1,0
2017-02-06,0.857358881284115,-0.0013086262498337164,-14.893001820446262,0,1,0,-1,1,-1,0
2017-02-07,0.8552255077140504,-0.0024883087078649835,-15.104774305116692,0,1,0,-1,1,-1,0
2017-02-08,0.8563590486037403,0.0013254292341207397,-14.992251691143412,0,1,0,-1,1,-1,0
2017-02-09,0.8565125414366178,0.0001792388754784935,-14.977014997929583,0,1,0,-1,1,-1,0
2017-02-10,0.8596809037765484,0.003699142962479196,-14.66250282131019,0,1,0,-1,1,-1,0
2017-02-13,0.8613878957091123,0.0019856110855378806,-14.493055740900122,0,1,0,-1,1,-1,0
2017-02-14,0.8628466935376036,0.0016935434497721558,-14.348246015540086,0,1,0,-1,1,-1,0
2017-02-15,0.8633157407903418,0.000543604392589353,-14.301685345841154,0,1,0,-1,1,-1,0
2017-02-16,0.8625774984453216,-0.0008551243886093796,-14.374968064764643,0,1,0,-1,1,-1,0
2017-02-17,0.8599358536314022,-0.0030625014200818534,-14.637194846660847,0,1,0,-1,1,-1,0
2017-02-20,0.8589389414208811,-0.0011592867145977515,-14.736154812595906,0,1,0,-1,1,-1,0
2017-02-21,0.8603887388221235,0.001687893436108534,-14.592238527966703,0,1,0,-1,1,-1,0
2017-02-22,0.8620538250772327,0.0019352720229564024,-14.426951276646543,0,1,0,-1,1,-1,0
2017-02-23,0.8604553830422401,-0.0018542253261847053,-14.585622990828224,0,1,0,-1,1,-1,0
2017-02-24,0.8612529754755675,0.0009269422320393739,-14.506448797555102,1,1,0,-1,-1,-1,1
2017-02-27,0.8610854989212519,-0.00019445686585073396,-14.523073605572378,1,0,0,-1,-1,0,1
2017-02-28,0.8597116059224209,-0.0015955361001341595,-14.659455127363206,1,0,0,-1,-1,0,1
2017-03-01,0.859731275945484,2.287979239509741e-05,-14.657502553413638,1,0,0,-1,-1,0,1
2017-03-02,0.8609529927658514,0.0014210449876023712,-14.536227025187697,1,0,0,-1,-1,0,1
2017-03-03,0.8574636325886084,-0.004052904405423191,-14.8826035271814,1,0,0,-1,-1,0,1
2017-03-06,0.8546443713674271,-0.003287907631336129,-15.162461664603843,1,0,0,-1,-1,0,1
2017-03-07,0.8549912579006923,0.0004058840669717845,-15.128027459512392,1,0,0,-1,-1,0,1
2017-03-08,0.855087074047497,0.00011206681462438972,-15.11851612789889,1,0,0,-1,-1,0,1
2017-03-09,0.8527170666578536,-0.0027716561992045252,-15.35377841887067,1,0,0,-1,-1,0,1
2017-03-10,0.8512099328217072,-0.0017674488937502453,-15.50338628956438,1,0,0,-1,-1,0,1
2017-03-13,0.8505784836898962,-0.0007418253799245655,-15.566068022132463,1,0,0,-1,-1,0,1
2017-03-14,0.8512174206789811,0.0007511793459825389,-15.502642996330602,1,0,0,-1,-1,0,1
2017-03-15,0.8531585072730645,0.0022803652121395346,-15.309958162901705,1,0,0,-1,-1,0,1
2017-03-16,0.8553891069377244,0.0026145196298744677,-15.088534386063715,1,0,0,-1,-1,0,1
2017-03-17,0.8511455763480965,-0.0049609359707884215,-15.509774730160252,1,0,0,-1,-1,0,1
2017-03-20,0.8535481287545366,0.0028227279483122036,-15.271281809931883,1,0,0,-1,-1,0,1
2017-03-21,0.8552894330209663,0.002040077422430231,-15.09842866492087,1,0,0,-1,-1,0,1
2017-03-22,0.8500202589702555,-0.00616069116170373,-15.621481025059648,1,0,0,-1,-1,0,1
2017-03-23,0.8504171633747754,0.000466935229285953,-15.582081721955282,1,0,0,-1,-1,0,1
2017-03-24,0.8484823895973049,-0.0022750878754522474,-15.77413990430058,1,-1,0,-1,-1,1,-1
2017-03-27,0.847643556403517,-0.0009886277005537274,-15.857407922694156,1,-1,0,0,0,1,-1
2017-03-28,0.8480541716077862,0.0004844196610322149,-15.816647596761687,1,-1,0,0,0,1,-1
2017-03-29,0.8488578018665696,0.0009476166566810551,-15.736874049809128,1,-1,0,0,0,1,-1
2017-03-30,0.8479832857507824,-0.001030226869405182,-15.823684186263087,1,-1,0,0,0,1,-1
2017-03-31,0.8473156465396691,-0.0007873259088146123,-15.889958380611805,1,-1,0,0,0,1,-1
2017-04-03,0.8474420778224799,0.00014921391258060357,-15.877407992214465,1,-1,0,0,0,1,-1
2017-04-04,0.8483681930053995,0.001092835967384409,-15.78547579799874,1,-1,0,0,0,1,-1
2017-04-05,0.8485314188764274,0.00019239980043297966,-15.769272940348719,1,-1,0,0,0,1,-1
2017-04-06,0.8499626279439798,0.0016866895387888103,-15.627201854172634,1,-1,0,0,0,1,-1
2017-04-07,0.8480855055535965,-0.002208476383160518,-15.813537186258857,1,-1,0,0,0,1,-1
2017-04-10,0.8472927918232841,-0.0009347096785895237,-15.892227087857078,1,-1,0,0,0,1,-1
2017-04-11,0.8462169103394704,-0.0012697871316696696,-15.999026055574312,1,-1,0,0,0,1,-1
2017-04-12,0.8485246726930884,0.0027271522530696313,-15.76994261022172,1,-1,0,0,0,1,-1
2017-04-13,0.8484727976192026,-6.113561049581051e-05,-15.77509206620234,1,-1,0,0,0,1,-1
2017-04-14,0.8502701006750218,0.0021182801155941455,-15.596680118488432,1,-1,0,0,0,1,-1
2017-04-17,0.8512651215277842,0.0011702409057691154,-15.497907900980367,1,-1,0,0,0,1,-1
2017-04-18,0.8503089633681833,-0.0011232201759715787,-15.592822355737798,1,-1,0,0,0,1,-1
2017-04-19,0.8503991584030461,0.00010607324954639563,-15.583869012120033,1,-1,0,0,0,1,-1
2017-04-20,0.8498496125228657,-0.0006462211007033647,-15.63842049720414,1,-1,0,0,0,1,-1
2017-04-21,0.8508055587222562,0.0011248416017423657,-15.54352708299069,1,-1,0,0,1,1,-1
2017-04-24,0.8498490381442043,-0.0011242528545398977,-15.638477513752003,0,-1,0,0,1,1,-1
2017-04-25,0.8515802843491677,0.0020371220384548527,-15.466622797097651,0,-1,0,0,1,1,-1
2017-04-26,0.8521149228040984,0.0006278192024365137,-15.41355111964286,0,-1,0,0,1,1,-1
2017-04-27,0.8542893335891311,0.002551781135198522,-15.19770501509653,0,-1,0,0,1,1,-1
2017-04-28,0.8556949558331027,0.0016453702378165513,-15.05817384282983,0,-1,0,0,1,1,-1
2017-05-01,0.8566992307469715,0.0011736365944697846,-14.9584830072507,0,-1,0,0,1,1,-1
2017-05-02,0.8541078047060463,-0.003024895958720214,-15.215724748325501,0,-1,0,0,1,1,-1
2017-05-03,0.8538487722639033,-0.0003032783926288085,-15.24143798704403,0,-1,0,0,1,1,-1
2017-05-04,0.8538044761603436,-5.1878160393981076e-05,-15.245835105318903,0,-1,0,0,1,1,-1
2017-05-05,0.8558624231581582,0.002410325847750805,-15.041549950968722,0,-1,0,0,1,1,-1
2017-05-08,0.8542228994409,-0.0019156393281157258,-15.2042996991384,0,-1,0,0,1,1,-1
2017-05-09,0.8525555279654322,-0.001951916152750116,-15.369813796239415,0,-1,0,0,1,1,-1
2017-05-10,0.8526762939054798,0.00014165170019586615,-15.357825786475768,0,-1,0,0,1,1,-1
2017-05-11,0.8532540860052324,0.000677621864102973,-15.300470398603474,0,-1,0,0,1,1,-1
2017-05-12,0.8531563643693962,-0.00011452817799420534,-15.31017088140568,0,-1,0,0,1,1,-1
2017-05-15,0.853598436006577,0.0005181601587271323,-15.266287986107008,0,-1,0,0,1,1,-1
2017-05-16,0.8510335463855899,-0.0030047965328832693,-15.52089555018468,0,-1,0,0,1,1,-1
2017-05-17,0.8528883199227496,0.0021794364570434377,-15.336778710088375,0,-1,0,0,1,1,-1
2017-05-18,0.8549485713978702,0.0024156169418608764,-15.132264798387956,0,-1,0,0,1,1,-1
2017-05-19,0.8556582069764503,0.0008300330596727468,-15.06182177247107,-1,-1,0,1,1,1,-1
2017-05-22,0.8552763598858999,-0.0004462612377665505,-15.099726389020526,-1,0,0,1,1,0,-1
2017-05-23,0.8529325252210866,-0.002740441306159691,-15.332390605728316,-1,0,0,1,1,0,-1
2017-05-24,0.8510182072020938,-0.0022443956144088395,-15.522418216935302,-1,0,0,1,1,0,-1
2017-05-25,0.8505223472988626,-0.000582666621036787,-15.571640484066195,-1,0,0,1,1,0,-1
2017-05-26,0.8513845097347,0.001013685811519921,-15.486056653934993,-1,0,0,1,1,0,-1
2017-05-29,0.8480988733623895,-0.003859168606831165,-15.812210210935634,-1,0,0,1,1,0,-1
2017-05-30,0.8473619630785226,-0.000868896666429142,-15.885360700837392,-1,0,0,1,1,0,-1
2017-05-31,0.8464585729155399,-0.0010661207398318662,-15.975037062317707,-1,0,0,1,1,0,-1
2017-06-01,0.8499347806750671,0.004106766557462782,-15.629966154533188,-1,0,0,1,1,0,-1
2017-06-02,0.8516120750081152,0.00197343886988105,-15.463467050289356,-1,0,0,1,1,0,-1
2017-06-05,0.8488593359871383,-0.0032323860848857966,-15.73672176306049,-1,0,0,1,1,0,-1
2017-06-06,0.8475477294650452,-0.0015451400090543688,-15.866920325558464,-1,0,0,1,1,0,-1
2017-06-07,0.8456884440571331,-0.002193723542962711,-16.051485043182254,-1,0,0,1,1,0,-1
2017-06-08,0.8451145276204607,-0.0006786381447038137,-16.108455707623186,-1,0,0,1,1,0,-1
2017-06-09,0.8400160947529499,-0.006032830700314767,-16.61455919152706,-1,0,0,1,1,0,-1
2017-06-12,0.8402752598275891,0.00030852393931263267,-16.588832786847508,-1,0,0,1,1,0,-1
2017-06-13,0.8385946845152527,-0.002000029505428047,-16.75565758235601,-1,0,0,1,1,0,-1
2017-06-14,0.8404236327544115,0.0021809680802068465,-16.57410432868533,-1,0,0,1,1,0,-1
2017-06-15,0.8380582563950397,-0.0028145048130304162,-16.808906913583613,-1,0,0,1,1,0,-1
2017-06-16,0.8381504011656185,0.00010995031655094967,-16.799760026564545,-1,0,0,1,1,-1,1
2017-06-19,0.8399785473143587,0.002181167182164323,-16.618286393586295,-1,0,0,1,0,-1,1
2017-06-20,0.8398392754915291,-0.00016580402353708057,-16.63211141719166,-1,0,0,1,0,-1,1
2017-06-21,0.8398777926745782,4.586256462757454e-05,-16.62828795201366,-1,0,0,1,0,-1,1
2017-06-22,0.8413769554895701,0.001784977324162662,-16.479471336531383,-1,0,0,1,0,-1,1
2017-06-23,0.8416536191751527,0.0003288225138299017,-16.452007906339865,-1,0,0,1,0,-1,1
2017-06-26,0.8423984029232436,0.0008849052996658391,-16.378075845359756,-1,0,0,1,0,-1,1
2017-06-27,0.8428193738661235,0.0004997290372572849,-16.336287541708362,-1,0,0,1,0,-1,1
2017-06-28,0.8457984204587966,0.0035346204478045873,-16.040568072914034,-1,0,0,1,0,-1,1
2017-06-29,0.846658535312031,0.0010169265305174369,-15.955187499100202,-1,0,0,1,0,-1,1
2017-06-30,0.8458734221174109,-0.0009273079545943363,-16.033122922274675,-1,0,0,1,0,-1,1
2017-07-03,0.8467090477289292,0.0009878849360540343,-15.95017330928209,-1,0,0,1,0,-1,1
2017-07-04,0.8470693638827563,0.000425548958988331,-15.914405993030694,-1,0,0,1,0,-1,1
2017-07-05,0.8476536877957964,0.0006898182580489243,-15.856402215045811,-1,0,0,1,0,-1,1
2017-07-06,0.8479158621130535,0.00030929413866981337,-15.830377093444337,-1,0,0,1,0,-1,1
2017-07-07,0.8498929934070194,0.0023317541071101733,-15.634114229538065,-1,0,0,1,0,-1,1
2017-07-10,0.8501291281928716,0.0002778406077988127,-15.610673960558117,-1,0,0,1,0,-1,1
2017-07-12,0.8484718539459166,-0.001949438258253583,-15.775185741327638,-1,0,0,1,0,-1,1
2017-07-13,0.8465477957903124,-0.0022676746985255958,-15.966180221610049,-1,0,0,1,0,-1,1
2017-07-14,0.8467170758517771,0.00019996515531270354,-15.949376385786548,-1,0,0,1,0,-1,1
2017-07-17,0.8447907914718729,-0.0022750035812923453,-16.14059185551875,-1,1,0,1,-1,-1,1
2017-07-18,0.844134569832214,-0.0007767859762243442,-16.20573266773986,0,1,0,1,-1,-1,0
2017-07-19,0.8457387495568909,0.0019003838748077317,-16.046491393300307,0,1,0,1,-1,-1,0
2017-07-20,0.8457557954966181,2.0155088951645528e-05,-16.044799302866537,0,1,0,1,-1,-1,0
2017-07-21,0.8487649502323241,0.003557947520701432,-15.746091104696177,0,1,0,1,-1,-1,0
2017-07-24,0.8483353542177685,-0.0005061425008632825,-15.788735588851946,0,1,0,1,-1,-1,0
2017-07-25,0.848170169905333,-0.00019471581800079019,-15.805132854086645,0,1,0,1,-1,-1,0
2017-07-26,0.8497700966815334,0.0018863275707738936,-15.646313754871668,0,1,0,1,-1,-1,0
2017-07-27,0.8491285970743626,-0.000754909603992715,-15.709993162750308,0,1,0,1,-1,-1,0
2017-07-28,0.8474871499927009,-0.0019330959848923024,-15.872933836533939,0,1,0,1,-1,-1,0
2017-07-31,0.847651855678463,0.00019434593877137862,-15.856584082884313,0,1,0,1,-1,-1,0
2017-08-01,0.8471611732963361,-0.000578872539285763,-15.905292395720434,0,1,0,1,-1,-1,0
2017-08-02,0.8462028704038476,-0.0011311931220356342,-16.000419750562,0,1,0,1,-1,-1,0
2017-08-03,0.8467816288745009,0.0006839476571111058,-15.942968434452084,0,1,0,1,-1,-1,0
2017-08-04,0.8471465194343065,0.00043091459162925005,-15.906747033021452,0,1,0,1,-1,-1,0
2017-08-07,0.8472879138968032,0.00016690673838939962,-15.892711302448175,0,1,0,1,-1,-1,0
2017-08-08,0.8472049122852113,-9.796151960925203e-05,-15.900950580259208,0,1,0,1,-1,-1,0
2017-08-09,0.8460359201735106,-0.0013798221596089955,-16.01699231225062,0,1,0,1,-1,-1,0
2017-08-10,0.8451977630754551,-0.0009906873668952543,-16.100193217000736,0,1,0,1,-1,-1,0
2017-08-11,0.8434010533326917,-0.0021257862020666596,-16.278546268616097,0,1,0,1,-1,-1,0
2017-08-14,0.8452506177760477,0.0021929833215735273,-16.094946516925294,1,1,-1,1,-1,-1,0
2017-08-15,0.8459101692439237,0.0007803028522016531,-16.029475164378304,1,1,-1,0,-1,0,0
2017-08-16,0.846296779778737,0.0004570349770813831,-15.99109769748455,1,1,-1,0,-1,0,0
2017-08-17,0.8493803211789803,0.003643569813711778,-15.685005396972034,1,1,-1,0,-1,0,0
2017-08-18,0.8466463624379369,-0.003218768639763725,-15.95639585746212,1,1,-1,0,-1,0,0
2017-08-21,0.8502551035441778,0.004262394863245311,-15.598168830876332,1,1,-1,0,-1,0,0
2017-08-22,0.849890600610404,-0.00042869831919190027,-15.634351754035258,1,1,-1,0,-1,0,0
2017-08-23,0.851721436953266,0.002154202366218605,-15.452611074956227,1,1,-1,0,-1,0,0
2017-08-24,0.8515707070997789,-0.00017697083453274698,-15.46757349693186,1,1,-1,0,-1,0,0
2017-08-25,0.8518455847900238,0.0003227890390700705,-15.440287356210677,1,1,-1,0,-1,0,0
2017-08-28,0.8497328377811048,-0.0024801995181319425,-15.650012314763181,1,1,-1,0,-1,0,0
2017-08-29,0.8476106964195426,-0.0024974218568553086,-15.860669817633767,1,1,-1,0,-1,0,0
2017-08-30,0.849192096275091,0.0018657148408207924,-15.703689820615802,1,1,-1,0,-1,0,0
2017-08-31,0.8478311552579679,-0.0016026303389924945,-15.838785644774397,1,1,-1,0,-1,0,0
2017-09-01,0.8500515939594041,0.0026189633250272015,-15.6183705109883,1,1,-1,0,-1,0,0
2017-09-04,0.8522576282025436,0.0025951768796339814,-15.399385257072574,1,1,-1,0,-1,0,0
2017-09-05,0.8513771303140111,-0.001033135825829562,-15.48678918305069,1,1,-1,0,-1,0,0
2017-09-06,0.8506603696523702,-0.0008418838563076236,-15.557939490882196,1,1,-1,0,-1,0,0
2017-09-07,0.8534624885800138,0.003294051336597187,-15.279783008597123,1,1,-1,0,-1,0,0
2017-09-08,0.8546357404965735,0.0013746965241693276,-15.163318420772184,1,1,-1,0,-1,0,0
2017-09-11,0.8517657834300231,-0.0033581056005017873,-15.448208956311369,1,1,-1,1,-1,-1,-1
2017-09-12,0.8536343310780778,0.0021937341043805386,-15.262724808712381,0,1,0,1,0,-1,-1
2017-09-13,0.8534915578722883,-0.00016725335496900473,-15.27689740227906,0,1,0,1,0,-1,-1
2017-09-14,0.8536252157255364,0.00015660125986644013,-15.263629657672464,0,1,0,1,0,-1,-1
2017-09-15,0.8537218481524756,0.00011320240447335039,-15.254037296803366,0,1,0,1,0,-1,-1
2017-09-18,0.8540774956712002,0.00041658476879122275,-15.218733419524675,0,1,0,1,0,-1,-1
2017-09-19,0.8543133755649386,0.0002761809027095885,-15.195318452787618,0,1,0,1,0,-1,-1
2017-09-20,0.8534573521216049,-0.0010020016867553772,-15.280292886742671,0,1,0,1,0,-1,-1
2017-09-21,0.851629777962684,-0.0021413772514558282,-15.461709740304993,0,1,0,1,0,-1,-1
2017-09-22,0.8541151995610032,0.002918429654098137,-15.214990687104354,0,1,0,1,0,-1,-1
2017-09-25,0.8536585887707225,-0.0005346009420220399,-15.26031683295238,0,1,0,1,0,-1,-1
2017-09-26,0.8511781148617539,-0.0029056978300196212,-15.506544746447418,0,1,0,1,0,-1,-1
2017-09-27,0.8532400563485006,0.0024224559475212737,-15.301863073241828,0,1,0,1,0,-1,-1
2017-09-28,0.8511001884989442,-0.0025079317756296626,-15.514280222177076,0,1,0,1,0,-1,-1
2017-09-29,0.8515242771873088,0.0004982829214415507,-15.4721824309061,0,1,0,1,0,-1,-1
2017-10-02,0.8517846868398544,0.0003058158874880701,-15.446332481358786,0,1,0,1,0,-1,-1
2017-10-03,0.8507584163594342,-0.0012048473003520854,-15.548206739403488,0,1,0,1,0,-1,-1
2017-10-04,0.8524679145284513,0.0020093814367800056,-15.378510873722853,0,1,0,1,0,-1,-1
2017-10-05,0.8529688679215444,0.0005876507309606205,-15.328782993782825,0,1,0,1,0,-1,-1
2017-10-06,0.8518384574701365,-0.0013252657792332534,-15.440994860167203,0,1,0,1,0,-1,-1
2017-10-09,0.8537857066042345,0.00228593710112715,-15.247698293083655,0,1,-1,1,0,-1,-1
2017-10-10,0.8541134087834248,0.00038382251735460395,-15.2151684512909,0,1,-1,1,0,0,-1
2017-10-11,0.8548974485940466,0.0009179575013796848,-15.137339579167541,0,1,-1,1,0,0,-1
2017-10-12,0.855769135696411,0.001019639377562831,-15.050810268917726,0,1,-1,1,0,0,-1
2017-10-13,0.8541290950135987,-0.0019164522467589318,-15.213611334438207,0,1,-1,1,0,0,-1
2017-10-16,0.8522882620793947,-0.0021552162839912348,-15.396344339951035,0,1,-1,1,0,0,-1
2017-10-17,0.8510550018410143,-0.0014469989711830555,-15.518765742649457,0,1,-1,1,0,0,-1
2017-10-18,0.8519313212009141,0.0010296859286461624,-15.43177660449999,0,1,-1,1,0,0,-1
2017-10-19,0.8542378222530214,0.002707379098183471,-15.202818364108495,0,1,-1,1,0,0,-1
2017-10-20,0.8575971149116398,0.0039325028359883385,-14.86935320684154,0,1,-1,1,0,0,-1
2017-10-23,0.8580638071696483,0.0005441859002247862,-14.82302630917968,0,1,-1,1,0,0,-1
2017-10-24,0.8565235236600793,-0.0017950687311350522,-14.975924831264784,0,1,-1,1,0,0,-1
2017-10-25,0.8597365582099347,0.003751250795921507,-14.656978201615578,0,1,-1,1,0,0,-1
2017-10-26,0.8587333934945774,-0.001166828030956274,-14.756558831696445,0,1,-1,1,0,0,-1
2017-10-27,0.8582237460188687,-0.0005934874311044613,-14.807149742613923,0,1,-1,1,0,0,-1
2017-10-30,0.8571368653130794,-0.0012664304743735533,-14.91504056437862,0,1,-1,1,0,0,-1
2017-10-31,0.8567820512790099,-0.00041395260013687984,-14.950261704569542,0,1,-1,1,0,0,-1
2017-11-01,0.8555289761259104,-0.001462536652383023,-15.074650064102194,0,1,-1,1,0,0,-1
2017-11-02,0.8568768788228293,0.0015755196311673658,-14.94084850809443,0,1,-1,1,0,0,-1
2017-11-03,0.8572536032598825,0.0004396482696215065,-14.903452399325525,0,1,-1,1,0,0,-1
2017-11-06,0.8575025964488627,0.00029045452598072674,-14.878735721929568,0,1,-1,1,1,-1,-1
2017-11-07,0.8575006343622414,-2.288140734959162e-06,-14.878930491361775,0,1,0,0,1,-1,-1
2017-11-08,0.8575789462088684,9.132570110026439e-05,-14.8711567500105,0,1,0,0,1,-1,-1
2017-11-09,0.85609702900337,-0.0017280242385257494,-15.018261454544152,0,1,0,0,1,-1,-1
2017-11-10,0.856744464380163,0.0007562640154780698,-14.95399282370945,0,1,0,0,1,-1,-1
2017-11-13,0.8573009601634748,0.0006495469844842172,-14.898751446205663,0,1,0,0,1,-1,-1
2017-11-14,0.8572437966612801,-6.66784534847642e-05,-14.904425865848847,0,1,0,0,1,-1,-1
2017-11-15,0.8580964210449216,0.0009946113193962103,-14.819788844584508,0,1,0,0,1,-1,-1
2017-11-17,0.8584218484184359,0.00037924336418748705,-14.78748481474372,0,1,0,0,1,-1,-1
2017-11-20,0.8576964872662929,-0.0008449938144974023,-14.859488862993034,0,1,0,0,1,-1,-1
2017-11-21,0.8586584714080988,0.0011215903948399997,-14.763996083489994,0,1,0,0,1,-1,-1
2017-11-22,0.8578356034850096,-0.000958318062989294,-14.845679285660212,0,1,0,0,1,-1,-1
2017-11-23,0.8573022592826817,-0.0006217324160494586,-14.898622487214988,0,1,0,0,1,-1,-1
2017-11-24,0.8564150228683685,-0.0010349166874417948,-14.986695322927254,0,1,0,0,1,-1,-1
2017-11-27,0.8580206354895378,0.0018748066980324718,-14.827311809896798,0,1,0,0,1,-1,-1
2017-11-28,0.8547798113404781,-0.003777093481219934,-15.149017015237613,0,1,0,0,1,-1,-1
2017-11-29,0.8560369835098699,0.0014707555708649012,-15.024221959319414,0,1,0,0,1,-1,-1
2017-11-30,0.8572630499066674,0.001432258676220266,-14.90251466395208,0,1,0,0,1,-1,-1
2017-12-01,0.8612784987233104,0.00468403346800042,-14.503915194595344,0,1,0,0,1,-1,-1
2017-12-04,0.8634881968829035,0.0025656023723667487,-14.284566236590527,0,1,0,0,1,-1,-1
2017-12-05,0.8627877467838885,-0.0008111866514718957,-14.354097452284527,-1,1,0,1,1,-1,-1
2017-12-06,0.8613288546867093,-0.0016909049793734459,-14.498916535365385,-1,0,0,1,1,0,-1
2017-12-07,0.8611664761673455,-0.00018852093306773177,-14.515035279398447,-1,0,0,1,1,0,-1
2017-12-08,0.865461038734191,0.004986913315481872,-14.088729170559787,-1,0,0,1,1,0,-1
2017-12-11,0.863567738410328,-0.002187620515687383,-14.276670429155047,-1,0,0,1,1,0,-1
2017-12-12,0.860285909476387,-0.0038003144258055566,-14.602446035151209,-1,0,0,1,1,0,-1
2017-12-13,0.8574997783765972,-0.003238610639904105,-14.879015462043549,-1,0,0,1,1,0,-1
2017-12-14,0.8558280826923159,-0.00194949984412357,-15.04495880813195,-1,0,0,1,1,0,-1
2017-12-15,0.855258120302395,-0.0006659776670658313,-15.101536968270398,-1,0,0,1,1,0,-1
2017-12-18,0.8529640727412723,-0.0026822867935023254,-15.329258994449049,-1,0,0,1,1,0,-1
2017-12-19,0.8544218273736195,0.001709045760464739,-15.184552823498104,-1,0,0,1,1,0,-1
2017-12-20,0.8566265308153737,0.002580345411506174,-14.965699673551383,-1,0,0,1,1,0,-1
2017-12-21,0.8551351451702311,-0.0017409986633531438,-15.113744276758908,-1,0,0,1,1,0,-1
2017-12-22,0.8539671991857242,-0.0013658028103551156,-15.22968216338624,-1,0,0,1,1,0,-1
2017-12-25,0.8534774422330544,-0.000573507920604871,-15.278298612097727,-1,0,0,1,1,0,-1
2017-12-26,0.8532611950130049,-0.00025337192214908155,-15.299764712426125,-1,0,0,1,1,0,-1
2017-12-27,0.8527051915605806,-0.0006516216320090473,-15.354957217975763,-1,0,0,1,1,0,-1
2017-12-28,0.8515900545861353,-0.0013077637916151796,-15.46565294006581,-1,0,0,1,1,0,-1
2017-12-29,0.8516618914867327,8.4356199570923e-05,-15.458521943814624,-1,0,0,1,1,0,-1
2018-01-01,0.8531512883339273,0.0017488123656613785,-15.31067476157867,-1,0,0,1,1,0,-1
2018-01-02,0.8539951796808825,0.0009891461907103605,-15.226904638125252,-1,-1,0,1,1,-1,-1
2018-01-03,0.8534138611419708,-0.0006807047074070353,-15.28461008319954,0,-1,0,1,1,-1,0
2018-01-04,0.8525631561102875,-0.0009968258900141802,-15.369056577151252,0,-1,0,1,1,-1,0
2018-01-05,0.8536222563832397,0.001242254330792697,-15.263923421165154,0,-1,0,1,1,-1,0
2018-01-08,0.8524572471616643,-0.00136478309095589,-15.379569785673894,0,-1,0,1,1,-1,0
2018-01-09,0.8515415218319571,-0.0010742184816378841,-15.47047061573427,0,-1,0,1,1,-1,0
2018-01-10,0.8504707834535626,-0.0012574118242536236,-15.57675904548064,0,-1,0,1,1,-1,0
2018-01-11,0.8491140192826329,-0.0015953095595127031,-15.711440248820436,0,-1,0,1,1,-1,0
2018-01-12,0.8506144123397142,0.0017670101105490832,-15.56250151153648,0,-1,0,1,1,-1,0
2018-01-15,0.8548975145455664,0.005035304062237678,-15.137333032392325,0,-1,0,1,1,-1,0
2018-01-16,0.8556259618060208,0.0008520872362596243,-15.06502263703427,0,-1,0,1,1,-1,0
2018-01-17,0.8553227552344517,-0.0003543681294208012,-15.095120886084787,0,-1,0,1,1,-1,0
2018-01-18,0.856362005842936,0.001215039120757988,-14.991958136418157,0,-1,0,1,1,-1,0
2018-01-19,0.8571921547407644,0.000969390155289962,-14.909552177515137,0,-1,0,1,1,-1,0
2018-01-22,0.8580970597316366,0.0010556617741629415,-14.819725444402525,0,-1,0,1,1,-1,0
2018-01-23,0.8595079718630753,0.0016442337325801581,-14.67966916362777,0,-1,0,1,1,-1,0
2018-01-24,0.8586260265662048,-0.0010261048480548207,-14.767216768736613,0,-1,0,1,1,-1,0
2018-01-25,0.8605450272127837,0.0022349667808851392,-14.576724329572352,0,-1,0,1,1,-1,0
2018-01-26,0.8606476250381467,0.00011922423826593587,-14.566539804600358,0,-1,0,1,1,-1,0
2018-01-29,0.8580426544941984,-0.0030267562102816448,-14.825126060812636,0,-1,0,1,1,-1,0
2018-01-30,0.857064391414582,-0.0011401100801836372,-14.922234793169073,0,-1,1,1,1,-1,0
2018-01-31,0.8586229126533301,0.0018184412447421084,-14.76752587590648,0,-1,1,0,1,-1,0
2018-02-01,0.8604542230125246,0.002132845900344571,-14.585738142894694,0,-1,1,0,1,-1,0
2018-02-02,0.8623006975392525,0.002145929995279988,-14.402445116350831,0,-1,1,0,1,-1,0
2018-02-05,0.8629758516247403,0.0007829682701342155,-14.335424946875866,0,-1,1,0,1,-1,0
2018-02-06,0.8603141968045951,-0.0030842749714654616,-14.599638051653438,0,-1,1,0,1,-1,0
2018-02-07,0.8599288659247242,-0.0004478955261950357,-14.637888491705544,0,-1,1,0,1,-1,0
2018-02-08,0.8573812720636417,-0.0029625634887171515,-14.890779166579815,0,-1,1,0,1,-1,0
2018-02-09,0.8591067086622246,0.0020124496006658776,-14.719501149100612,0,-1,1,0,1,-1,0
2018-02-12,0.856912690100193,-0.0025538370727519744,-14.937293648648827,0,-1,1,0,1,-1,0
2018-02-13,0.8571395699145643,0.00026476421342863654,-14.91477208810961,0,-1,1,0,1,-1,0
2018-02-14,0.8567874029815875,-0.00041086299750683897,-14.94973045989304,0,-1,1,0,1,-1,0
2018-02-15,0.8563816088990568,-0.00047362283936319693,-14.990012210041225,0,-1,1,0,1,-1,0
2018-02-16,0.8580252327661037,0.0019192657221584475,-14.82685545443485,0,-1,1,0,1,-1,0
2018-02-19,0.857295891754763,-0.0008500228005993149,-14.899254569297321,0,-1,1,0,1,-1,0
2018-02-20,0.857270833071685,-2.922991153819776e-05,-14.90174205655809,0,-1,1,0,1,-1,0
2018-02-21,0.8584946599203764,0.0014275848442276418,-14.780257073247864,0,-1,1,0,1,-1,0
2018-02-22,0.8577878788737052,-0.0008232794910300045,-14.850416739830305,0,-1,1,0,1,-1,0
2018-02-23,0.8584897594601353,0.0008182449341107567,-14.780743524686027,0,-1,1,0,1,-1,0
2018-02-26,0.8572481309459263,-0.0014462939138491504,-14.903995616669016,0,-1,1,0,1,-1,0
2018-02-27,0.8574623413950512,0.00024988150034047085,-14.882731699420729,-1,-1,1,0,1,1,1
2018-02-28,0.8571518822918975,-0.00036206733306617017,-14.913549881752203,-1,-1,0,0,0,1,1
2018-03-01,0.85971342122187,0.002988430618764165,-14.65927492897688,-1,-1,0,0,0,1,1
2018-03-02,0.862298449681163,0.0030068490214088806,-14.402668253310758,-1,-1,0,0,0,1,1
2018-03-05,0.8638373239420588,0.0017846190741323265,-14.249909622380773,-1,-1,0,0,0,1,1
2018-03-06,0.8634480678650647,-0.0004506127093673318,-14.288549702934326,-1,-1,0,0,0,1,1
2018-03-07,0.86558112595114,0.002470395343346421,-14.076808535248983,-1,-1,0,0,0,1,1
2018-03-08,0.8625277551551742,-0.0035275385569557838,-14.37990590607758,-1,-1,0,0,0,1,1
2018-03-09,0.8621349283334936,-0.0004554367315517671,-14.418900441886878,-1,-1,0,0,0,1,1
2018-03-12,0.8591717459754612,-0.003437028544661963,-14.713045123951678,-1,-1,0,0,0,1,1
2018-03-13,0.8604582030950075,0.001497322421940006,-14.585343054116793,-1,-1,0,0,0,1,1
2018-03-14,0.863117420718694,0.003090466932759106,-14.321371881252572,-1,-1,0,0,0,1,1
2018-03-15,0.8627301036229603,-0.0004487420673437159,-14.359819485961756,-1,-1,0,0,0,1,1
2018-03-16,0.8652242405002468,0.002890981625438327,-14.112235297696445,-1,-1,0,0,0,1,1
2018-03-19,0.8673304946411438,0.0024343448117902233,-13.903154863297132,-1,-1,0,0,0,1,1
2018-03-20,0.8677684514241455,0.0005049479820065927,-13.85968043508823,-1,-1,0,0,0,1,1
2018-03-21,0.865294398598461,-0.002851051823356987,-14.105270950248325,-1,-1,0,0,0,1,1
2018-03-22,0.8626069067441701,-0.0031058699312557225,-14.372048806457304,-1,-1,0,0,0,1,1
2018-03-23,0.8669625006882686,0.005049338128462699,-13.93968432763361,-1,-1,0,0,0,1,1
2018-03-26,0.8666591413130045,-0.0003499106074637548,-13.969797744969053,-1,-1,0,0,0,1,1
2018-03-27,0.8651019809392365,-0.0017967391094598772,-14.124371573955408,-1,-1,0,0,1,1,1
2018-03-28,0.8656800371630418,0.000668194312973025,-14.066989967418145,-1,-1,0,0,1,1,0
2018-03-29,0.8629927385818869,-0.0031042630831150664,-14.333748638083247,-1,-1,0,0,1,1,0
2018-03-30,0.861627875737903,-0.0015815461509289253,-14.469233768189198,-1,-1,0,0,1,1,0
2018-04-02,0.86227867975939,0.0007553191346434118,-14.404630743853602,-1,-1,0,0,1,1,0
2018-04-03,0.8647199077023211,0.002831135687608982,-14.162298639258461,-1,-1,0,0,1,1,0
2018-04-04,0.8610519324227848,-0.004241807372381029,-14.526405633718694,-1,-1,0,0,1,1,0
2018-04-05,0.8587315576958431,-0.0026948139125740622,-14.75674106497466,-1,-1,0,0,1,1,0
2018-04-06,0.8586493834564625,-9.569258127783975e-05,-14.764898212458686,-1,-1,0,0,1,1,0
2018-04-09,0.8598571968256733,0.0014066432614774638,-14.64500283088789,-1,-1,0,0,1,1,0
2018-04-10,0.8592263898712148,-0.0007336182761362164,-14.7076208167707,-1,-1,0,0,1,1,0
2018-04-11,0.8555150055299854,-0.0043194487331630615,-15.076036875982158,-1,-1,0,0,1,1,0
2018-04-12,0.855704246812432,0.00022120159345345725,-15.057251560016741,-1,-1,0,0,1,1,0
2018-04-13,0.8562465084436498,0.0006337021619769456,-15.003423156686067,-1,-1,0,0,1,1,0
2018-04-16,0.8555762335859447,-0.0007828059455955716,-15.069958982394278,-1,-1,0,0,1,1,0
2018-04-17,0.8573427693599395,0.0020647321707274457,-14.894601194444022,-1,-1,0,0,1,1,0
2018-04-18,0.8567543406972115,-0.000686340030799315,-14.953012436481409,-1,-1,0,0,1,1,0
2018-04-19,0.8552591504270081,-0.0017451796847467727,-15.101434711426172,-1,-1,0,0,1,1,0
2018-04-20,0.8557690782238039,0.0005962260638089634,-15.050815974021125,-1,-1,0,0,1,1,0
2018-04-23,0.8570786164505347,0.0015302471894040326,-14.920822723923205,-1,-1,0,0,1,1,0
2018-04-24,0.8572205108869477,0.000165555917146315,-14.906737362699207,-1,-1,-1,0,1,1,0
2018-04-25,0.8575481810175797,0.00038224718899084744,-14.874210702254029,-1,0,-1,0,1,1,0
2018-04-26,0.8574767302057734,-8.331988031440307e-05,-14.88130337282999,-1,0,-1,0,1,1,0
2018-04-27,0.8590943858120512,0.0018865300355025982,-14.720724395059994,-1,0,-1,0,1,1,0
2018-04-30,0.8564822478566018,-0.00304057155836307,-14.980022134982176,-1,0,-1,0,1,1,0
2018-05-01,0.857785554841,0.0015216976039606478,-14.850647438376182,-1,0,-1,0,1,1,0
2018-05-02,0.8568971939273634,-0.0010356445251649138,-14.938831899177968,-1,0,-1,0,1,1,0
2018-05-03,0.8568985785099518,1.6158094554574731e-06,-14.93869445653825,-1,0,-1,0,1,1,0
2018-05-04,0.8566963064170922,-0.00023605138102966716,-14.958773295183972,-1,0,-1,0,1,1,0
2018-05-07,0.8567648162015755,7.996974420240721e-05,-14.951972570037725,-1,0,-1,0,1,1,0
2018-05-08,0.8582060859243758,0.0016822232840862927,-14.80890279802943,-1,0,-1,0,1,1,0
2018-05-09,0.859608825930434,0.0016345025152639248,-14.669657735374713,-1,0,-1,0,1,1,0
2018-05-10,0.8584810167443032,-0.0013120027995407735,-14.78161138331168,-1,0,-1,0,1,1,0
2018-05-11,0.8565211000013588,-0.0022830053370047065,-14.976165419334512,-1,0,-1,0,1,1,0
2018-05-14,0.8558060960434434,-0.0008347768174238324,-15.047141345370926,-1,0,-1,0,1,1,0
2018-05-15,0.8559777704180624,0.00020059961644661173,-15.030099834508755,-1,0,-1,0,1,1,0
2018-05-16,0.8557546421830204,-0.0002606705953742683,-15.052248988973785,-1,0,-1,0,1,1,0
2018-05-17,0.8547911059033848,-0.0011259492290660311,-15.147895843735542,-1,0,-1,0,1,1,0
2018-05-18,0.8539267211160441,-0.0010112234221567595,-15.233700278877638,-1,0,-1,0,1,1,0
2018-05-21,0.8519388056837095,-0.0023279695823739954,-15.431033646238815,-1,0,-1,0,1,1,0
2018-05-22,0.8491483529494657,-0.003275414519948311,-15.708032066570944,1,1,-1,0,1,1,-1
2018-05-23,0.8485909434308063,-0.0006564336098906683,-15.763364147366273,1,1,-1,0,0,0,-1
2018-05-24,0.8488334814469545,0.00028581263802748835,-15.739288252254674,1,1,-1,0,0,0,-1
2018-05-25,0.8474805978824472,-0.0015938150344883828,-15.873584241454921,1,1,-1,0,0,0,-1
2018-05-28,0.8459900350982631,-0.0017588164117367522,-16.021547162151638,1,1,-1,0,0,0,-1
2018-05-29,0.845208633229722,-0.0009236537501890463,-16.0991141750504,1,1,-1,0,0,0,-1
2018-05-30,0.8437065379206279,-0.0017771887910730255,-16.248221888899604,1,1,-1,0,0,0,-1
2018-05-31,0.8451029250705615,0.0016550626161736526,-16.10960745190986,1,1,-1,0,0,0,-1
2018-06-01,0.842520911159363,-0.003055265618661651,-16.365914883998073,1,1,-1,0,0,0,-1
2018-06-04,0.8441522568748796,0.0019362673304710587,-16.20397693727412,1,1,-1,0,0,0,-1
2018-06-05,0.8453512161804946,0.0014203116746423494,-16.08496046742954,1,1,-1,0,0,0,-1
2018-06-06,0.8434959014269919,-0.0021947265444124953,-16.269131032167092,1,1,-1,0,0,0,-1
2018-06-07,0.8446475292687439,0.001365303423293024,-16.154812990130004,1,1,-1,0,0,0,-1
2018-06-08,0.8421577508899354,-0.0029477128536255504,-16.40196452559363,1,1,-1,0,0,0,-1
2018-06-11,0.8424290429108143,0.00032213919612122943,-16.37503432164859,1,1,-1,0,0,0,-1
2018-06-12,0.8429920679137701,0.000668335223831168,-16.319144811494066,1,1,-1,0,0,0,-1
2018-06-13,0.8422158860503639,-0.000920746342640083,-16.396193652857878,1,1,-1,0,0,0,-1
2018-06-14,0.8416826141260972,-0.0006331772329389584,-16.449129679623933,1,1,-1,0,0,0,-1
2018-06-15,0.8409797075414829,-0.0008351207127453575,-16.518904741996383,1,1,-1,0,0,0,-1
2018-06-18,0.8397900941420302,-0.0014145566043803348,-16.636993476634494,1,1,-1,0,0,0,-1
2018-06-19,0.8380723840449548,-0.0020454040944961616,-16.8075045115069,1,1,-1,-1,-1,1,-1
2018-06-20,0.8389455296772487,0.0010418499033218534,-16.720830418125114,0,1,0,-1,-1,1,0
2018-06-21,0.8381153401076302,-0.0009895631364027213,-16.803240414373565,0,1,0,-1,-1,1,0
2018-06-22,0.8370689825595238,-0.0012484648568442391,-16.907108644919543,0,1,0,-1,-1,1,0
2018-06-25,0.8364725326281075,-0.0007125457326019324,-16.966316130064165,0,1,0,-1,-1,1,0
2018-06-26,0.8357434126773187,-0.0008716603622332952,-17.038693301023798,0,1,0,-1,-1,1,0
2018-06-27,0.8366594536377224,0.001096079187114657,-16.947761139415217,0,1,0,-1,-1,1,0
2018-06-28,0.839146229048745,0.002972267151479996,-16.70090769799303,0,1,0,-1,-1,1,0
2018-06-29,0.8405422844150573,0.001663661609842243,-16.56232619599548,0,1,0,-1,-1,1,0
2018-07-02,0.8376014502996582,-0.0034987342932374377,-16.854252446681514,0,1,0,-1,-1,1,0
2018-07-03,0.8383320053136853,0.0008721988408279258,-16.781732822045733,0,1,0,-1,-1,1,0
2018-07-04,0.8388250958111035,0.0005881804515309175,-16.73278546408139,0,1,0,-1,-1,1,0
2018-07-05,0.8380819000824555,-0.0008859960584862714,-16.806559887961342,0,1,0,-1,-1,1,0
2018-07-06,0.8374380213343825,-0.000768276642187038,-16.870475464782604,0,1,0,-1,-1,1,0
2018-07-09,0.8362265326427387,-0.0014466607208893922,-16.990735682673915,0,1,0,-1,-1,1,0
2018-07-10,0.8355778830505459,-0.0007756864520225837,-17.055124844397223,0,1,0,-1,-1,1,0
2018-07-11,0.8357920035061948,0.0002562543360614955,-17.033869860484515,0,1,0,-1,-1,1,0
2018-07-12,0.8343168246814711,-0.0017650071052787986,-17.180305669678255,0,1,0,-1,-1,1,0
2018-07-13,0.8343322119736423,1.8442984386690675e-05,-17.178778227348804,0,1,0,-1,-1,1,0
2018-07-16,0.8339876741620041,-0.00041295038917793514,-17.212979283112002,0,1,0,-1,-1,1,0
2018-07-17,0.8336667485744418,-0.00038480854994032976,-17.244836436507946,0,1,1,-1,-1,1,-1
2018-07-18,0.8339492319212788,0.00033884444512161105,-17.21679530902933,0,1,1,0,-1,0,-1
2018-07-19,0.8347173274233219,0.0009210338862876977,-17.14054917229345,0,1,1,0,-1,0,-1
2018-07-20,0.8355006619311407,0.0009384428501524322,-17.06279031309663,0,1,1,0,-1,0,-1
2018-07-23,0.8351581600866086,-0.0004099360540785746,-17.09678926557197,0,1,1,0,-1,0,-1
2018-07-24,0.8357442379406591,0.000701756723528485,-17.03861138003698,0,1,1,0,-1,0,-1
2018-07-25,0.8345591228609845,-0.0014180355973433811,-17.156253582305137,0,1,1,0,-1,0,-1
2018-07-26,0.8348877446030812,0.0003937668801343719,-17.123632458739593,0,1,1,0,-1,0,-1
2018-07-27,0.836963897710896,0.0024867452196244144,-16.917540047936527,0,1,1,0,-1,0,-1
2018-07-30,0.8367297066133579,-0.0002798102739898778,-16.940787373819465,0,1,1,0,-1,0,-1
2018-07-31,0.8373014533154588,0.0006833111070181919,-16.884032091291814,0,1,1,0,-1,0,-1
2018-08-01,0.8378322377058418,0.0006339226909033713,-16.83134299325809,0,1,1,0,-1,0,-1
2018-08-02,0.8380425444937692,0.0002510130053043069,-16.810466578715697,0,1,1,0,-1,0,-1
2018-08-03,0.8403324175953253,0.0027324067454586043,-16.58315893644383,0,1,1,0,-1,0,-1
2018-08-06,0.8406919995343598,0.00042790440009859987,-16.54746450311041,0,1,1,0,-1,0,-1
2018-08-07,0.8419301129837681,0.0014727313333468273,-16.424561339236902,0,1,1,0,-1,0,-1
2018-08-08,0.8409284269292636,-0.001189749646742705,-16.523995187859907,0,1,1,0,-1,0,-1
2018-08-09,0.8444608856991856,0.004200665189570546,-16.17334044028113,0,1,1,0,-1,0,-1
2018-08-10,0.8474831423970879,0.00357891851367384,-15.873331656443417,0,1,1,0,-1,0,-1
2018-08-13,0.8475207239026775,4.4344841460014495e-05,-15.869601072673165,0,1,1,0,-1,0,-1
2018-08-14,0.8483482010696081,0.0009763503635878412,-15.787460327091685,0,1,1,0,-1,1,-1
2018-08-15,0.8489945755514317,0.0007619212028842526,-15.72329700756617,0,0,1,0,-1,1,-1
2018-08-16,0.8513211702497441,0.0027404117356123747,-15.492344141646983,0,0,1,0,-1,1,-1
2018-08-17,0.8483811413212907,-0.003453489741821969,-15.784190464259225,0,0,1,0,-1,1,-1
2018-08-20,0.8479983187607861,-0.00045123888528270095,-15.822191912277306,0,0,1,0,-1,1,-1
2018-08-21,0.848585295816484,0.0006921912965058286,-15.763924766160036,0,0,1,0,-1,1,-1
2018-08-22,0.8458912718014252,-0.0031747238943926337,-16.03135104697476,0,0,1,0,-1,1,-1
2018-08-23,0.8454465791042688,-0.0005257090503006656,-16.075494125670893,0,0,1,0,-1,1,-1
2018-08-24,0.8471158804272418,0.0019744610295088227,-15.909788459401234,0,0,1,0,-1,1,-1
2018-08-27,0.8448902067454707,-0.002627354454326547,-16.130723251257677,0,0,1,0,-1,1,-1
2018-08-28,0.8451126734036897,0.0002633083641435108,-16.10863976919507,0,0,1,0,-1,1,-1
2018-08-29,0.84586583003254,0.000891190787397661,-16.03387656181512,0,0,1,0,-1,1,-1
2018-08-30,0.8434356354420883,-0.002873026080694424,-16.27511342434783,0,0,1,0,-1,1,-1
2018-08-31,0.8475864549152484,0.004921323333681893,-15.86307618643319,0,0,1,0,-1,1,-1
2018-09-03,0.8498523461971776,0.0026733453192757384,-15.638149134977928,0,0,1,0,-1,1,-1
2018-09-04,0.8508544744260532,0.0011791792225552267,-15.538671393261586,0,0,1,0,-1,1,-1
2018-09-05,0.8511248057450469,0.0003177174559444995,-15.511836554810957,0,0,1,0,-1,1,-1
2018-09-06,0.8493456948222246,-0.0020903055707146567,-15.68844263351989,0,0,1,0,-1,1,-1
2018-09-07,0.8527319652462988,0.003986916569681226,-15.35229948843983,0,0,1,0,-1,1,-1
2018-09-10,0.8526344361486276,-0.00011437251287171879,-15.36198085865615,0,0,1,0,-1,1,-1
2018-09-11,0.8498021223831337,-0.0033218383464401757,-15.6431346762066,-1,1,1,0,-1,1,-1
2018-09-12,0.8507644822663084,0.0011324517294400982,-15.547604598180516,-1,1,1,0,0,0,-1
2018-09-13,0.8491593401818808,-0.001886705566447433,-15.70694140268495,-1,1,1,0,0,0,-1
2018-09-14,0.8490367537597729,-0.00014436209590715232,-15.719110125294486,-1,1,1,0,0,0,-1
2018-09-17,0.8504704667236551,0.0016886347470040919,-15.576790486143649,-1,1,1,0,0,0,-1
2018-09-18,0.8503812740859843,-0.00010487446790993782,-15.585644325320668,-1,1,1,0,0,0,-1
2018-09-19,0.8484676973059909,-0.002250257429586705,-15.775598356341389,-1,1,1,0,0,0,-1
2018-09-20,0.8458369429071144,-0.003100594645181587,-16.036744085071337,-1,1,1,0,0,0,-1
2018-09-21,0.8458300245089664,-8.179352067816392e-06,-16.03743085010223,-1,1,1,0,0,0,-1
2018-09-24,0.8460095428687656,0.00021223928519611968,-16.019610694442623,-1,1,1,0,0,0,-1
2018-09-25,0.8461600559107838,0.0001779093903691853,-16.004669794578316,-1,1,1,0,0,0,-1
2018-09-26,0.845906668891273,-0.000299455189051695,-16.029822632064448,-1,1,1,0,0,0,-1
2018-09-27,0.8437975495179978,-0.0024933239692264964,-16.239187487996123,-1,1,1,0,0,0,-1
2018-09-28,0.8441980665432304,0.0004746600952579283,-16.199429572750297,-1,1,1,0,0,0,-1
2018-10-01,0.8457862278753547,0.001881266251446606,-16.041778387753528,-1,1,1,0,0,0,-1
2018-10-02,0.8462508146149671,0.0005492957017985967,-15.99566049749127,-1,1,1,0,0,0,-1
2018-10-03,0.8477301157361253,0.001748064634751717,-15.848815482441259,-1,1,1,0,0,0,-1
2018-10-04,0.8505718807218934,0.0033522048267689286,-15.566723475523172,-1,1,1,0,0,0,-1
2018-10-05,0.8510897386790626,0.0006088350307673351,-15.515317539012601,-1,1,1,0,0,0,-1
2018-10-08,0.8529189128316623,0.002149214200888705,-15.333741859709871,-1,1,1,0,0,0,-1
2018-10-09,0.8515670308025401,-0.0015850065097441912,-15.467938430017917,-1,1,1,0,0,0,-1
2018-10-10,0.8494939294836157,-0.0024344546511749776,-15.673727900480364,-1,1,1,0,0,0,-1
2018-10-11,0.8507839742567205,0.0015186038750024666,-15.54566969690553,-1,1,1,0,0,0,-1
2018-10-12,0.8467546591972404,-0.004736002535779271,-15.94564561937852,-1,1,1,0,0,0,-1
2018-10-15,0.8480529031375023,0.001533199641904126,-15.816773513341664,-1,1,1,0,0,0,-1
2018-10-16,0.8461568354701091,-0.002235789371604513,-16.004989476387905,-1,1,1,0,0,0,-1
2018-10-17,0.8459430449964109,-0.0002526605763095713,-16.026211704153933,-1,1,1,0,0,0,-1
2018-10-18,0.8455559007657031,-0.0004576481040865499,-16.064642149160495,-1,1,1,0,0,0,-1
2018-10-19,0.8451558992332281,-0.0004730633800944517,-16.104348893254848,-1,1,1,0,0,0,-1
2018-10-22,0.8423844099917166,-0.0032792639133513435,-16.379464874416307,-1,1,1,0,0,0,-1
2018-10-23,0.8449975458003215,0.0031020704771003715,-16.120068081123904,-1,1,1,0,0,0,-1
2018-10-24,0.8450325704080615,4.1449360313638994e-05,-16.116591311602722,-1,1,1,0,0,0,-1
2018-10-25,0.8473214475921297,0.002708625991733049,-15.889382530554164,-1,1,1,0,0,0,-1
2018-10-26,0.8452281731545284,-0.0024704608192674393,-16.09717451549682,-1,1,1,0,0,0,-1
2018-10-29,0.8447974235832549,-0.0005096251934738893,-16.139933509167363,-1,1,1,0,0,0,-1
2018-10-30,0.8444136721770926,-0.0004542525763568117,-16.17802716042428,-1,1,1,0,0,0,-1
2018-10-31,0.8418838245104046,-0.002995981412955512,-16.42915623304891,-1,1,1,0,0,0,-1
2018-11-01,0.8421244734038771,0.0002858457265318415,-16.405267864495475,-1,1,1,0,0,0,-1
2018-11-02,0.8367735334760119,-0.006354096213635252,-16.936436835437537,-1,1,1,0,0,0,-1
2018-11-05,0.8367865210095565,1.5520965978260692e-05,-16.935147608699623,-1,1,1,0,0,0,-1
2018-11-06,0.8354923049454696,-0.0015466502286933526,-17.06361988164701,-1,1,-1,0,1,-1,1
2018-11-07,0.8368765527608646,0.0016568049845597603,-16.926210473665574,0,0,-1,0,1,-1,1
2018-11-08,0.8388698292851414,0.002381804721020092,-16.72834492957872,0,0,-1,0,1,-1,1
2018-11-09,0.8383936198951604,-0.0005676797202099348,-16.77561655943051,0,0,-1,0,1,-1,1
2018-11-12,0.8355335377089305,-0.003411383529597467,-17.05952685036057,0,0,-1,0,1,-1,1
2018-11-13,0.8344773632631295,-0.0012640718751962265,-17.164369569784483,0,0,-1,0,1,-1,1
2018-11-14,0.8378720906824563,0.004068088085759564,-16.827386928554944,0,0,-1,0,1,-1,1
2018-11-15,0.8377262436115812,-0.0001740684198661413,-16.84186465388843,0,0,-1,0,1,-1,1
2018-11-16,0.8353311079520755,-0.0028590911145147113,-17.079621339756113,0,0,-1,0,1,-1,1
2018-11-19,0.8345104173210663,-0.0009824734445975092,-17.161088409805778,0,0,-1,0,1,-1,1
2018-11-20,0.832415757917886,-0.002510045842093356,-17.369017875406286,0,0,-1,0,1,-1,1
2018-11-21,0.8305989101979515,-0.0021826205266452237,-17.549369953128274,0,0,-1,0,1,-1,1
2018-11-22,0.8319828656970417,0.0016662139597080905,-17.411989562357444,0,0,-1,0,1,-1,1
2018-11-23,0.8329760042467961,0.0011937007247405929,-17.313404194443144,0,0,-1,0,1,-1,1
2018-11-26,0.8313649802709202,-0.0019340580853017542,-17.47332487360696,0,0,-1,0,1,-1,1
2018-11-27,0.8327334497543233,0.001646051392442699,-17.33748172510149,0,0,-1,0,1,-1,1
2018-11-28,0.8327813108344497,5.747466988442751e-05,-17.332730724151816,0,0,-1,0,1,-1,1
2018-11-29,0.8347783923257206,0.0023980863466660507,-17.134487474385228,0,0,-1,0,1,-1,1
2018-11-30,0.8343694081613826,-0.0004899314214382167,-17.1750858927251,0,0,-1,0,1,-1,1
2018-12-03,0.8363861307426615,0.0024170619890331313,-16.974892941091476,0,0,-1,0,1,-1,1
2018-12-04,0.8360205480045636,-0.0004370980396020685,-17.01118305262467,1,0,-1,0,-1,-1,1
2018-12-05,0.8347368226802577,-0.0015355188665756136,-17.138613946762156,1,0,-1,0,-1,0,1
2018-12-06,0.8309186684584067,-0.004574081456705598,-17.517628676185186,1,0,-1,0,-1,0,1
2018-12-07,0.8279321014650348,-0.0035942952141305995,-17.814094668684522,1,0,-1,0,-1,0,1
2018-12-10,0.8256793710378273,-0.002720912044866075,-18.037715288418724,1,0,-1,0,-1,0,1
2018-12-11,0.8292897941020949,0.004372669574788629,-17.67932129978024,1,0,-1,0,-1,0,1
2018-12-12,0.8322172034086115,0.0035300196955711516,-17.388727682615674,1,0,-1,0,-1,0,1
2018-12-13,0.8292171902544094,-0.0036048439540958543,-17.68652842816916,1,0,-1,0,-1,0,1
2018-12-14,0.8290253088788788,-0.00023140062433071873,-17.70557581688171,1,0,-1,0,-1,0,1
2018-12-17,0.8276095713105927,-0.0017077133268714184,-17.84611110178643,1,0,-1,0,-1,0,1
2018-12-18,0.8266693717507924,-0.0011360423953428178,-17.93944140251708,1,0,-1,0,-1,0,1
2018-12-19,0.8275929066513706,0.001117175659504921,-17.84776534384659,1,0,-1,0,-1,0,1
2018-12-20,0.8239545879587248,-0.004396266163477935,-18.208928433319542,1,0,-1,0,-1,0,1
2018-12-21,0.8217917472043541,-0.002624951406277054,-18.423626021649408,1,0,-1,0,-1,0,1
2018-12-24,0.8198770760384354,-0.0023298739278317104,-18.613688688508617,1,0,-1,0,-1,0,1
2018-12-25,0.8178568113421489,-0.0024641068220228046,-18.81423325343054,1,0,-1,0,-1,0,1
2018-12-26,0.817928059469428,8.71156494524905e-05,-18.807160702634125,1,0,-1,0,-1,0,1
2018-12-27,0.821382448416958,0.004223340803065995,-18.46425567151277,1,0,-1,0,-1,0,1
2018-12-28,0.8175320051825515,-0.004687759327980906,-18.846475617552507,1,0,-1,0,-1,0,1
2018-12-31,0.8165834788813099,-0.0011602313979497403,-18.940632484595305,1,0,-1,0,-1,0,1
2019-01-01,0.8162878532772214,-0.00036202741267002403,-18.969978197689574,1,-1,-1,0,-1,1,1
2019-01-02,0.8180551392359907,0.0021650278779403545,-18.794545941537454,0,-1,0,0,-1,1,1
2019-01-03,0.8236694356541702,0.0068629804384858495,-18.23723449883586,0,-1,0,0,-1,1,1
2019-01-04,0.8205873611426929,-0.003741882821024556,-18.543181186464118,0,-1,0,0,-1,1,1
2019-01-07,0.8175195002153893,-0.003738615865386402,-18.847716941624306,0,-1,0,0,-1,1,1
2019-01-08,0.815704551582259,-0.0022200676958190335,-19.027880503684173,0,-1,0,0,-1,1,1
2019-01-09,0.8150205530355948,-0.0008385371214827131,-19.09577863168697,0,-1,0,0,-1,1,1
2019-01-10,0.8161191027577176,0.0013478797780387408,-18.986729467746635,0,-1,0,0,-1,1,1
2019-01-11,0.8168889861264221,0.0009433468302641468,-18.910305855780702,0,-1,0,0,-1,1,1
2019-01-14,0.8165903151545908,-0.00036562002536924543,-18.93995387181089,0,-1,0,0,-1,1,1
2019-01-15,0.8168701296082934,0.0003426619793423791,-18.912177675959025,0,-1,0,0,-1,1,1
2019-01-16,0.8158225417256543,-0.0012824411674124125,-19.016168037483194,0,-1,0,0,-1,1,1
2019-01-17,0.8133687571106486,-0.003007743093020432,-19.259746598714777,0,-1,0,0,-1,1,1
2019-01-18,0.8116171245027182,-0.0021535528536316684,-19.433625001830055,0,-1,0,0,-1,1,1
2019-01-21,0.8119506307137996,0.0004109156904320288,-19.400519014222084,0,-1,0,0,-1,1,1
2019-01-22,0.8113192426808515,-0.0007776187480671715,-19.46319468172111,0,-1,0,0,-1,1,1
2019-01-23,0.8124573449914129,0.0014027798808281255,-19.350219271554465,0,-1,0,0,-1,1,1
2019-01-24,0.811285854377839,-0.0014419102994093214,-19.466509021031918,0,-1,0,0,-1,1,1
2019-01-25,0.809613123109167,-0.002061827233453606,-19.63255516593745,0,-1,0,0,-1,1,1
2019-01-28,0.8090325556726008,-0.0007170924235228027,-19.690186051725842,0,-1,0,0,-1,1,1
2019-01-29,0.810468100833771,0.0017743972737621627,-19.547684536799693,-1,-1,0,0,-1,1,1
2019-01-30,0.8112460089680108,0.0009598257271810296,-19.470464334606824,-1,-1,0,0,0,1,1
2019-01-31,0.809625733074707,-0.00199726824587404,-19.631303419046294,-1,-1,0,0,0,1,1
2019-02-01,0.8095935644690262,-3.97326868040726e-05,-19.634496683296394,-1,-1,0,0,0,1,1
2019-02-04,0.8082481009591796,-0.0016618999568370207,-19.768056109789605,-1,-1,0,0,0,1,1
2019-02-05,0.8079369842318966,-0.0003849272604708742,-19.798939572153518,-1,-1,0,0,0,1,1
2019-02-06,0.807962046606873,3.102021007261868e-05,-19.796451718410996,-1,-1,0,0,0,1,1
2019-02-07,0.8091178589694009,0.0014305280395062459,-19.681718293726295,-1,-1,0,0,0,1,1
2019-02-08,0.8107478687836766,0.002014551769196904,-19.51991295721606,-1,-1,0,0,0,1,1
2019-02-11,0.810300753256302,-0.0005514852947381965,-19.56429654173941,-1,-1,0,0,0,1,1
2019-02-12,0.8100248414625993,-0.00034050541430930004,-19.59168533427072,-1,-1,0,0,0,1,1
2019-02-13,0.8076516985132525,-0.0029297162603826032,-19.827258881216878,-1,-1,0,0,0,1,1
2019-02-14,0.8097260670631043,0.002568394957468023,-19.62134361720101,-1,-1,0,0,0,1,1
2019-02-15,0.8114206822828673,0.0020928253253714724,-19.453125129503768,-1,-1,0,0,0,1,1
2019-02-18,0.8102574928779137,-0.0014335220069583432,-19.568590847222342,-1,-1,0,0,0,1,1
2019-02-19,0.8102446549644607,-1.5844239104084723e-05,-19.56986522170043,-1,-1,0,0,0,1,1
2019-02-20,0.8095971673909255,-0.0007991260041866899,-19.634139033922,-1,-1,0,0,0,1,1
2019-02-21,0.8079252471107797,-0.0020651261485187533,-19.800104674851273,-1,-1,0,0,0,1,1
2019-02-22,0.8093004333666972,0.0017021206613300477,-19.663594775981828,-1,-1,0,0,0,1,1
2019-02-25,0.80782442320902,-0.0018238099188171708,-19.810113108671505,-1,-1,0,0,0,1,1
2019-02-26,0.8083271484500466,0.0006223199331230889,-19.76020934362415,-1,-1,0,0,1,1,-1
2019-02-27,0.8096909028921532,0.0016871318063752306,-19.624834240670896,-1,0,0,0,1,1,-1
2019-02-28,0.8125709391129035,0.0035569576124209745,-19.33894318297365,-1,0,0,0,1,1,-1
2019-03-01,0.8130895588613168,0.000638245503807422,-19.28746162612783,-1,0,0,0,1,1,-1
2019-03-04,0.8116926370628635,-0.001718041737505005,-19.426129135794117,-1,0,0,0,1,1,-1
2019-03-05,0.8112544284987203,-0.0005398700741316431,-19.46962855743065,-1,0,0,0,1,1,-1
2019-03-06,0.8115706556418617,0.00038980020574627683,-19.43823780207351,-1,0,0,0,1,1,-1
2019-03-07,0.814791973647852,0.003969239133520236,-19.11846890289215,-1,0,0,0,1,1,-1
2019-03-08,0.8139125973059385,-0.0010792648557601814,-19.20576149688533,-1,0,0,0,1,1,-1
2019-03-11,0.8115857323650633,-0.0028588634069274255,-19.436741188832453,-1,0,0,0,1,1,-1
2019-03-12,0.8132878841046377,0.0020973159971826028,-19.267774577342625,-1,0,0,0,1,1,-1
2019-03-13,0.8103336521839009,-0.0036324553438898954,-19.561030781003286,-1,0,0,0,1,1,-1
2019-03-14,0.8131327840207769,0.003454295436617072,-19.283170816703926,-1,0,0,0,1,1,-1
2019-03-15,0.8128801312452892,-0.00031071527363393803,-19.308250768370474,-1,0,0,0,1,1,-1
2019-03-18,0.8132051011307988,0.00039977589932199686,-19.275992151753535,-1,0,0,0,1,1,-1
2019-03-19,0.8124908044329908,-0.0008783721312307646,-19.346897870568686,-1,0,0,0,1,1,-1
2019-03-20,0.8125431693802145,6.444989523329836e-05,-19.341699786586204,-1,0,0,0,1,1,-1
2019-03-21,0.8097183189349267,-0.0034765542948844985,-19.62211274661123,-1,0,0,0,1,1,-1
2019-03-22,0.8101849133754859,0.0005762429102172395,-19.57579555894323,-1,0,0,0,1,1,-1
2019-03-25,0.8135060504717351,0.00409923344833979,-19.246117970042324,-1,0,0,0,1,1,-1
2019-03-26,0.811676194170188,-0.002249345656969548,-19.427761363869845,-1,0,-1,-1,1,1,1
2019-03-27,0.8112218197397341,-0.0005597976554165274,-19.472865514150016,0,0,-1,-1,1,0,1
2019-03-28,0.8077335769802795,-0.004299986359555474,-19.819131094013258,0,0,-1,-1,1,0,1
2019-03-29,0.806184651700645,-0.0019176190315440267,-19.97288745419311,0,0,-1,-1,1,0,1
2019-04-01,0.8070672980580655,0.0010948439114520647,-19.885270257271245,0,0,-1,-1,1,0,1
2019-04-02,0.807954104694523,0.0010988013497650884,-19.797240084093872,0,0,-1,-1,1,0,1
2019-04-03,0.8075551488447159,-0.0004937852874179471,-19.836843026950657,0,0,-1,-1,1,0,1
2019-04-04,0.8084819394226964,0.0011476498902971422,-19.744843788644665,0,0,-1,-1,1,0,1
2019-04-05,0.8069128778140066,-0.0019407503522098912,-19.900599011328506,0,0,-1,-1,1,0,1
2019-04-08,0.8056387810544844,-0.0015789768567999185,-20.02707411173316,0,0,-1,-1,1,0,1
2019-04-09,0.8054363013266753,-0.0002513281790432753,-20.04717356156942,0,0,-1,-1,1,0,1
2019-04-10,0.8056564407028681,0.0002733169287628956,-20.02532110060135,0,0,-1,-1,1,0,1
2019-04-11,0.8071240366363364,0.0018216150946275544,-19.879638018330215,0,0,-1,-1,1,0,1
2019-04-12,0.8055365210374931,-0.0019668793478870294,-20.037225103657203,0,0,-1,-1,1,0,1
2019-04-15,0.8064262949191348,0.0011045729875730492,-19.948900382495307,0,0,-1,-1,1,0,1
2019-04-16,0.8069414952540438,0.0006388684721158888,-19.89775825879148,0,0,-1,-1,1,0,1
2019-04-17,0.8054839501973721,-0.0018062586510225187,-20.04244362590284,0,0,-1,-1,1,0,1
2019-04-18,0.8062271208356461,0.0009226386672160358,-19.96867169265599,0,0,-1,-1,1,0,1
2019-04-19,0.8063324626877587,0.00013066026854008372,-19.95821477780774,0,0,-1,-1,1,0,1
2019-04-22,0.806047436554103,-0.000353484631767903,-19.98650831878305,0,0,-1,-1,1,0,1
2019-04-23,0.8056828212033754,-0.0004523497429461121,-20.02270240117727,1,1,-1,-1,1,-1,1
2019-04-24,0.8042909579165931,-0.001727557358990788,-20.160867770196308,1,1,-1,0,0,-1,0
2019-04-25,0.8014752772806765,-0.0035008234373419267,-20.44037047552345,1,1,-1,0,0,-1,0
2019-04-26,0.8006494430040909,-0.0010303927020524628,-20.522348137163473,1,1,-1,0,0,-1,0
2019-04-29,0.8016558452868373,0.0012569824303758637,-20.422446125164356,1,1,-1,0,0,-1,0
2019-04-30,0.8021912479325038,0.0006678709433908525,-20.36929858918523,1,1,-1,0,0,-1,0
2019-05-01,0.8025168025610265,0.00040583168834326666,-20.33698192718772,1,1,-1,0,0,-1,0
2019-05-02,0.8004963311184501,-0.002517668709400983,-20.537547015086083,1,1,-1,0,0,-1,0
2019-05-03,0.7999601841312922,-0.0006697682004472849,-20.59076843922492,1,1,-1,0,0,-1,0
2019-05-06,0.7971492986458172,-0.0035137817371842517,-20.869795146846997,1,1,-1,0,0,-1,0
2019-05-07,0.7984845783145559,0.0016750684859247744,-20.737246634412706,1,1,-1,0,0,-1,0
2019-05-08,0.7981400925241611,-0.0004314244755007357,-20.7714425262102,1,1,-1,0,0,-1,0
2019-05-09,0.797427587213243,-0.0008927070793608438,-20.8421704203546,1,1,-1,0,0,-1,0
2019-05-10,0.7959042254450609,-0.001910344954964227,-20.993389180737996,1,1,-1,0,0,-1,0
2019-05-13,0.795007808803436,-0.0011262870744574438,-21.082373305300425,1,1,-1,0,0,-1,0
2019-05-14,0.791449736908519,-0.004475518171667053,-21.43557057763739,1,1,-1,0,0,-1,0
2019-05-15,0.7930845142470654,0.0020655478956022044,-21.273291985774836,1,1,-1,0,0,-1,0
2019-05-16,0.7925612006401405,-0.0006598459527629164,-21.325239485432377,1,1,-1,0,0,-1,0
2019-05-17,0.7923447657281928,-0.0002730829010716973,-21.346724217274815,1,1,-1,0,0,-1,0
2019-05-20,0.7934759944937363,0.0014276976569712052,-21.23443111972671,1,1,-1,0,0,-1,0
2019-05-21,0.7936716899743735,0.00024663062524299395,-21.215005118226156,-1,1,1,0,0,1,-1
2019-05-23,0.7953149930095471,0.002070507309170444,-21.05188021047049,-1,0,1,0,0,1,-1
2019-05-24,0.7962559230613774,0.0011830910520996274,-20.95847739636741,-1,0,1,0,0,1,-1
2019-05-27,0.7947404054210245,-0.0019033046994815783,-21.10891749779309,-1,0,1,0,0,1,-1
2019-05-28,0.7948172143392871,9.66465499157021e-05,-21.101292946850133,-1,0,1,0,0,1,-1
2019-05-29,0.7943776871061373,-0.0005529915875250313,-21.144923268117136,-1,0,1,0,0,1,-1
2019-05-30,0.7949182307095771,0.0006804617151432713,-21.091265407356403,-1,0,1,0,0,1,-1
2019-05-31,0.7961201427214674,0.001511994524037108,-20.97195583275362,-1,0,1,0,0,1,-1
2019-06-03,0.7981736223559417,0.0025793589739542266,-20.768114137836783,-1,0,1,0,0,1,-1
2019-06-04,0.7969586358302407,-0.0015222083161740008,-20.888721573402318,-1,0,1,0,0,1,-1
2019-06-05,0.7954427479455899,-0.0019020910452544337,-21.039198427676176,-1,0,1,0,0,1,-1
2019-06-06,0.7950677389464818,-0.0004714468766944535,-21.07642425095873,-1,0,1,0,0,1,-1
2019-06-07,0.7955235125964272,0.0005732513440293574,-21.03118120508499,-1,0,1,0,0,1,-1
2019-06-10,0.7940469003665972,-0.0018561515862813849,-21.17775930335794,-1,0,1,0,0,1,-1
2019-06-11,0.7966780347190394,0.003313575496897647,-20.916575857974983,-1,0,1,0,0,1,-1
2019-06-12,0.796754939954331,9.653239067747288e-05,-20.9089417459796,-1,0,1,0,0,1,-1
2019-06-13,0.7972731004081637,0.0006503385518543126,-20.857505781690055,-1,0,1,0,0,1,-1
2019-06-14,0.7988741239196396,0.0020081243311185215,-20.69857781342486,-1,0,1,0,0,1,-1
2019-06-17,0.8001582283629626,0.001607392710409189,-20.57110928547708,-1,0,1,0,0,1,-1
2019-06-18,0.8010206751115203,0.0010778452535847027,-20.485497232622933,-1,0,1,0,0,1,-1
2019-06-19,0.798638391934775,-0.0029740595352468757,-20.721978097768663,-1,1,1,0,-1,1,-1
2019-06-20,0.7998607826794792,0.0015305935164759605,-20.600635671446064,0,1,0,0,-1,1,-1
2019-06-21,0.8010066822030999,0.0014326237120690921,-20.486886259385777,0,1,0,0,-1,1,-1
2019-06-24,0.7996138903267204,-0.0017388018194165467,-20.625143806225427,0,1,0,0,-1,1,-1
2019-06-25,0.7992494503106766,-0.0004557699915578306,-20.66132048376277,0,1,0,0,-1,1,-1
2019-06-26,0.8000764081341233,0.0010346679914828016,-20.579231291580808,0,1,0,0,-1,1,-1
2019-06-27,0.7983417696725391,-0.0021680910022451594,-20.75142274560892,0,1,0,0,-1,1,-1
2019-06-28,0.7984269712940991,0.000106723241594886,-20.74296508055255,0,1,0,0,-1,1,-1
2019-07-01,0.7964149656823312,-0.0025199619803760454,-20.942689795226897,0,1,0,0,-1,1,-1
2019-07-02,0.7980199770406251,0.002015295326499661,-20.78336596744559,0,1,0,0,-1,1,-1
2019-07-03,0.8002274141341552,0.002766142649355985,-20.564241457509723,0,1,0,0,-1,1,-1
2019-07-04,0.8002097213856975,-2.2109650513413293e-05,-20.565997754369363,0,1,0,0,-1,1,-1
2019-07-05,0.8008023235717395,0.0007405585938345116,-20.507172221363696,0,1,0,0,-1,1,-1
2019-07-08,0.8018880560284347,0.0013558058271517515,-20.399395382244652,0,1,0,0,-1,1,-1
2019-07-09,0.8012656943044357,-0.0007761204563656865,-20.461175039827573,0,1,0,0,-1,1,-1
2019-07-10,0.8022727096414863,0.001256780795944018,-20.361212172085672,0,1,0,0,-1,1,-1
2019-07-11,0.8020255502355472,-0.0003080740538333737,-20.38574681629419,0,1,0,0,-1,1,-1
2019-07-12,0.8008430014654847,-0.0014744527399597473,-20.50313427004075,0,1,0,0,-1,1,-1
2019-07-15,0.8010657788247648,0.00027817856792466955,-20.481019945777497,0,1,0,0,-1,1,-1
2019-07-16,0.8007152772897508,-0.00043754401233844775,-20.515812999367487,0,1,0,0,-1,1,-1
2019-07-17,0.8018974114609867,0.0014763477165532501,-20.398466701387022,-1,1,1,0,-1,1,-1
2019-07-18,0.8020067353066359,0.00013633146096601415,-20.3876145080573,-1,0,1,0,-1,1,0
2019-07-19,0.8004568566131979,-0.001932500844703533,-20.541465510269347,-1,0,1,0,-1,1,0
2019-07-22,0.8008023659737071,0.0004316402035347833,-20.50716801226963,-1,0,1,0,-1,1,0
2019-07-23,0.8016440778793295,0.0010510856877887775,-20.423614234285534,-1,0,1,0,-1,1,0
2019-07-24,0.8019881350755129,0.0004291894690890974,-20.389460887526713,-1,0,1,0,-1,1,0
2019-07-25,0.8019720935471619,-2.0002201590541002e-05,-20.391053273578773,-1,0,1,0,-1,1,0
2019-07-26,0.8011198229025539,-0.0010627185801918848,-20.475655180414453,-1,0,1,0,-1,1,0
2019-07-29,0.8032710296285636,0.0026852496524371605,-20.262112461127362,-1,0,1,0,-1,1,0
2019-07-30,0.8059671383578472,0.0033564122566829002,-19.994479238069886,-1,0,1,0,-1,1,0
2019-07-31,0.8085460890927704,0.003199821198886482,-19.738475876707923,-1,0,1,0,-1,1,0
2019-08-01,0.8082073327286745,-0.0004189697639573886,-19.772103028524718,-1,0,1,0,-1,1,0
2019-08-02,0.8133396297291752,0.006350223256664789,-19.262637971343146,-1,0,1,0,-1,1,0
2019-08-05,0.8163821393328979,0.003740761537386117,-18.96061875283633,-1,0,1,0,-1,1,0
2019-08-06,0.8215666295908747,0.006350567960995923,-18.445972654709163,-1,0,1,0,-1,1,0
2019-08-07,0.8188742260186718,-0.003277157902023875,-18.71323807986566,-1,0,1,0,-1,1,0
2019-08-08,0.8201002738193892,0.001497235792459195,-18.59153263046573,-1,0,1,0,-1,1,0
2019-08-09,0.8191076013194033,-0.0012104282021060397,-18.690071735260048,-1,0,1,0,-1,1,0
2019-08-12,0.8236950551301951,0.0056005508963687944,-18.23469134363328,-1,0,1,0,-1,1,0
2019-08-13,0.8238705028137556,0.00021300077312322307,-18.217275269674815,-1,0,1,0,-1,1,0
2019-08-14,0.8190746728810196,-0.0058210967820267745,-18.6933404254279,-1,0,1,0,-1,1,0
2019-08-15,0.8222521218296313,0.0038793153467132913,-18.377926253150257,-1,0,1,0,-1,1,0
2019-08-16,0.8202278455463659,-0.0024618681174833623,-18.5788690341905,-1,0,1,0,-1,1,0
2019-08-19,0.8173351896205397,-0.0035266492615831924,-18.866012805588344,-1,0,1,0,-1,1,0
2019-08-20,0.8180751086492669,0.0009052822368638969,-18.79256364817531,-1,0,1,0,-1,1,0
2019-08-21,0.8182680365454075,0.0002358315197477645,-18.77341237504564,-1,0,1,0,-1,1,0
2019-08-22,0.8170046481088606,-0.0015439787210566325,-18.898824497922607,-1,0,1,0,-1,1,0
2019-08-23,0.8157498033304387,-0.0015359089832922557,-19.023388521931814,-1,0,1,0,-1,1,0
2019-08-26,0.8224258299543108,0.008183914475512005,-18.360682859078533,-1,0,1,0,-1,1,0
2019-08-27,0.817722755855122,-0.005718538897848291,-18.827540469742658,-1,0,1,0,-1,1,0
2019-08-28,0.8172455336557208,-0.0005835990205532438,-18.874912637620415,-1,0,1,0,-1,1,0
2019-08-29,0.8180399782983373,0.0009721003173461529,-18.796050914450706,-1,0,1,0,-1,1,0
2019-08-30,0.8170557184057319,-0.001203192898533989,-18.893754929323354,-1,0,1,0,-1,1,0
2019-09-02,0.8176341105857979,0.0007078980870418861,-18.836339973590672,-1,0,1,0,-1,1,0
2019-09-03,0.8193137999245266,0.0020543288458516884,-18.669603125563523,-1,0,1,0,-1,1,0
2019-09-04,0.8187078603322991,-0.0007395696157969645,-18.729752615932576,-1,0,1,0,-1,1,0
2019-09-05,0.8152936656570746,-0.004170223397926998,-19.06866770312893,-1,0,1,0,-1,1,0
2019-09-06,0.8111538797924285,-0.005077662244940523,-19.47960967356549,-1,0,1,0,-1,1,0
2019-09-09,0.8106653869909919,-0.0006022196448861317,-19.52810063443397,-1,0,1,0,-1,1,0
2019-09-10,0.8074494277693898,-0.00396706122305171,-19.84733758595242,-1,0,1,0,-1,1,0
2019-09-11,0.8071615787361494,-0.0003564917174263271,-19.875911346232698,-1,1,1,0,-1,1,-1
2019-09-12,0.8058211169995353,-0.0016607105342067812,-20.00897426430372,0,1,1,0,-1,0,-1
2019-09-13,0.8067129656846187,0.0011067576491469167,-19.920443584707627,0,1,1,0,-1,0,-1
2019-09-16,0.8052307724121698,-0.001837324222489778,-20.06757569343568,0,1,1,0,-1,0,-1
2019-09-17,0.8060247816212767,0.0009860641648460344,-19.988757194217715,0,1,1,0,-1,0,-1
2019-09-18,0.804323792785619,-0.002110343099173906,-20.157608368329225,0,1,1,0,-1,0,-1
2019-09-19,0.8044417392328641,0.00014664050510873605,-20.145900239691265,0,1,1,0,-1,0,-1
2019-09-20,0.8057218910970092,0.0015913543538476904,-20.018824070365106,0,1,1,0,-1,0,-1
2019-09-23,0.807659041985988,0.002404242593361028,-19.826529920527975,0,1,1,0,-1,0,-1
2019-09-24,0.8076793134698056,2.5099061316397053e-05,-19.8245176416865,0,1,1,0,-1,0,-1
2019-09-25,0.8072932921537034,-0.0004779388423900577,-19.862836618912905,0,1,1,0,-1,0,-1
2019-09-26,0.8094944978449697,0.002726649301635964,-19.64433067834477,0,1,1,0,-1,0,-1
2019-09-27,0.808479122394366,-0.0012543327388967462,-19.745123425130878,0,1,1,0,-1,0,-1
2019-09-30,0.8105095369223209,0.0025114000741807696,-19.543571322147383,0,1,1,0,-1,0,-1
2019-10-01,0.8098704199017681,-0.0007885373230518411,-19.607014219039332,0,1,1,0,-1,0,-1
2019-10-02,0.8118073964558609,0.002391711694233356,-19.41473737481267,0,1,1,0,-1,0,-1
2019-10-03,0.8083441202470711,-0.004266130394856599,-19.758524613075483,0,1,1,0,-1,0,-1
2019-10-04,0.8061159670099016,-0.0027564414478434274,-19.979705541668107,0,1,1,0,-1,0,-1
2019-10-07,0.807140427421497,0.0012708598433988916,-19.878010962784067,0,1,1,0,-1,0,-1
2019-10-08,0.8086007070663334,0.0018092014663436684,-19.733054142731557,0,1,1,0,-1,0,-1
2019-10-09,0.8096558402273618,0.0013048877546207038,-19.62831478798161,-1,1,1,0,-1,1,-1
2019-10-10,0.8097088637731489,6.548899316553373e-05,-19.62305132723806,-1,0,1,0,0,1,-1
2019-10-11,0.8051438021513487,-0.005637904963183282,-20.076208925085755,-1,0,1,0,0,1,-1
2019-10-14,0.8026656824957574,-0.0030778596928519864,-20.322203140135162,-1,0,1,0,0,1,-1
2019-10-15,0.8041692655804752,0.001873237036922576,-20.17294774003687,-1,0,1,0,0,1,-1
2019-10-16,0.8041895841242318,2.526650125328489e-05,-20.170930789720902,-1,0,1,0,0,1,-1
2019-10-17,0.8054594478730925,0.0015790601792531056,-20.044875885384105,-1,0,1,0,0,1,-1
2019-10-18,0.8028529816588521,-0.003235999305890691,-20.303610611521407,-1,0,1,0,0,1,-1
2019-10-21,0.8020212151608606,-0.0010360134632282358,-20.386177143898557,-1,0,1,0,0,1,-1
2019-10-22,0.7999741158030472,-0.0025524254460060625,-20.589385491210294,-1,0,1,0,0,1,-1
2019-10-23,0.799775768429608,-0.0002479422390312125,-20.609074736774453,-1,0,1,0,0,1,-1
2019-10-24,0.7993419950689735,-0.0005423687210306671,-20.652133891370905,-1,0,1,0,0,1,-1
2019-10-25,0.8013035727028276,0.0024539904646006805,-20.457414984553925,-1,0,1,0,0,1,-1
2019-10-28,0.8010784261736953,-0.0002809753217158928,-20.479764487968758,-1,0,1,0,0,1,-1
2019-10-29,0.8002366089806539,-0.001050854904509596,-20.56332871746433,-1,0,1,0,0,1,-1
2019-10-30,0.8001102304885793,-0.00015792640658557344,-20.5758738655111,-1,0,1,0,0,1,-1
2019-10-31,0.7982441309736001,-0.0023323030300957948,-20.761114995557282,-1,0,1,0,0,1,-1
2019-11-01,0.8002296940329966,0.002487413289183421,-20.564015139977148,-1,0,1,0,0,1,-1
2019-11-04,0.7985784068582928,-0.0020635164965968344,-20.727932605159225,-1,0,1,0,0,1,-1
2019-11-05,0.799030188725525,0.0005657326360845039,-20.683085809504067,-1,0,1,0,0,1,-1
2019-11-06,0.7982351848359491,-0.0009949610174852797,-20.76200304715084,1,0,-1,0,1,-1,-1
2019-11-07,0.797491607205016,-0.0009315270048963597,-20.83581538112632,1,0,-1,0,1,-1,0
2019-11-08,0.7969139072706926,-0.0007243962558403927,-20.893161620060887,1,0,-1,0,1,-1,0
2019-11-11,0.7975086471468961,0.0007463037986631116,-20.834123886077716,1,0,-1,0,1,-1,0
2019-11-12,0.7970781316650748,-0.0005398254719386486,-20.876859642512354,1,0,-1,0,1,-1,0
2019-11-13,0.7966390357047769,-0.0005508819560519351,-20.92044715284146,1,0,-1,0,1,-1,0
2019-11-14,0.795575043319998,-0.0013356016176606922,-21.02606593154801,1,0,-1,0,1,-1,0
2019-11-15,0.7937775115223358,-0.00225941199734081,-21.204500585659478,1,0,-1,0,1,-1,0
2019-11-18,0.7956153038028079,0.0023152486103411585,-21.022069415139296,1,0,-1,0,1,-1,0
2019-11-19,0.795712408875696,0.00012205028287418096,-21.01243013637059,1,0,-1,0,1,-1,0
2019-11-20,0.7958047449127756,0.00011604197201092736,-21.003264262999256,1,0,-1,0,1,-1,0
2019-11-21,0.7950869502951291,-0.000901973282058266,-21.07451720800385,1,0,-1,0,1,-1,0
2019-11-22,0.7953569131463651,0.0003395387776591319,-21.04771894605049,1,0,-1,0,1,-1,0
2019-11-25,0.795652068315168,0.0003710977599166998,-21.018419931411056,1,0,-1,0,1,-1,0
2019-11-26,0.7961789125980029,0.000662154104557916,-20.96612195398417,1,0,-1,0,1,-1,0
2019-11-27,0.796349606207497,0.00021439102040157754,-20.949177800223595,1,0,-1,0,1,-1,0
2019-11-28,0.7974455747401608,0.0013762404402798967,-20.84038486187488,1,0,-1,0,1,-1,0
2019-11-29,0.7974780080066578,4.0671448340107164e-05,-20.83716532567717,1,0,-1,0,1,-1,0
2019-12-02,0.7977450653399205,0.0003348773641171643,-20.810655484265386,1,0,-1,0,1,-1,0
2019-12-03,0.7970814421077224,-0.0008318738166251394,-20.876531026523732,1,0,-1,0,1,-1,0
2019-12-04,0.797243902512686,0.0002038190784294791,-20.860404153995418,1,-1,-1,0,1,-1,1
2019-12-05,0.7984729288798784,0.0015415939379640475,-20.73840303278628,0,-1,0,0,1,-1,1
2019-12-06,0.798578949264497,0.00013277893436838828,-20.727878762404643,0,-1,0,0,1,-1,1
2019-12-09,0.7996606416762126,0.001354521569485151,-20.620502964329475,0,-1,0,0,1,-1,1
2019-12-10,0.7991637664089883,-0.0006213576626490358,-20.669826023069806,0,-1,0,0,1,-1,1
2019-12-11,0.7990705404485509,-0.00011665438844460363,-20.679080236000285,0,-1,0,0,1,-1,1
2019-12-12,0.7999297917925885,0.001075313505557729,-20.593785379704794,0,-1,0,0,1,-1,1
2019-12-13,0.806580175353538,0.00831370906444992,-19.9336252134424,0,-1,0,0,1,-1,1
2019-12-16,0.8043533617356049,-0.0027608087651758706,-20.15467316274898,0,-1,0,0,1,-1,1
2019-12-17,0.8031752714580125,-0.0014646426976452354,-20.271618037642256,0,-1,0,0,1,-1,1
2019-12-18,0.7999897383224742,-0.003966174319280896,-20.58783469869918,0,-1,0,0,1,-1,1
2019-12-19,0.7992976011021685,-0.0008651826231635129,-20.65654072418565,0,-1,0,0,1,-1,1
2019-12-20,0.7989163645895784,-0.0004769644148368002,-20.694384730810263,0,-1,0,0,1,-1,1
2019-12-23,0.7991446371649658,0.00028572775011884155,-20.6717249157876,0,-1,0,0,1,-1,1
2019-12-24,0.7988489960157323,-0.0003699469851693449,-20.70107217199369,0,-1,0,0,1,-1,1
2019-12-25,0.7991883810784516,0.00042484257276648174,-20.667382611477617,0,-1,0,0,1,-1,1
2019-12-26,0.7997426127276357,0.0006934931266594502,-20.61236598659876,0,-1,0,0,1,-1,1
2019-12-27,0.8005569114229684,0.001018200959125276,-20.531533421503624,0,-1,0,0,1,-1,1
2019-12-30,0.8022102923593722,0.0020652884420983564,-20.36740811596777,0,-1,0,0,1,-1,1
2019-12-31,0.8021630547915533,-5.888427045747102e-05,-20.372097223045493,0,-1,0,0,1,-1,1
2020-01-01,0.8047115008802307,0.003176967666928543,-20.119121950537775,0,-1,0,-1,1,-1,1
2020-01-02,0.8030967724086556,-0.0020065930085612525,-20.27941036194956,0,0,0,-1,1,-1,1
2020-01-03,0.8010854875483262,-0.0025044115845430925,-20.479063530165696,0,0,0,-1,1,-1,1
2020-01-06,0.7977336891598623,-0.004184070789650524,-20.811784757614785,0,0,0,-1,1,-1,1
2020-01-07,0.7996997107067848,0.002464508611881522,-20.616624719190398,0,0,0,-1,1,-1,1
2020-01-08,0.7977473417247056,-0.0024413776270516274,-20.81042951556081,0,0,0,-1,1,-1,1
2020-01-09,0.8009098523764406,0.003964301084222688,-20.49649821543022,0,0,0,-1,1,-1,1
2020-01-10,0.7998909148646487,-0.0012722249686011322,-20.59764455549177,0,0,0,-1,1,-1,1
2020-01-13,0.8004215481350146,0.0006633820443576466,-20.544970458610187,0,0,0,-1,1,-1,1
2020-01-14,0.7996447711475386,-0.0009704598649122875,-20.62207837584553,0,0,0,-1,1,-1,1
2020-01-15,0.799492229933058,-0.00019076122296371456,-20.637220605250867,0,0,0,-1,1,-1,1
2020-01-16,0.799703929148724,0.00026479208645180385,-20.616205969308314,0,0,0,-1,1,-1,1
2020-01-17,0.8016423021820585,0.0024238633357696326,-20.423790501503042,0,0,0,-1,1,-1,1
2020-01-20,0.8008073204315672,-0.0010415889333913464,-20.506676200677912,0,0,0,-1,1,-1,1
2020-01-21,0.8003995420272596,-0.0005092091367094875,-20.547154927463936,0,0,0,-1,1,-1,1
2020-01-22,0.8003621625952291,-4.67009662898088e-05,-20.550865452103288,0,0,0,-1,1,-1,1
2020-01-23,0.8013549052881739,0.001240366848085206,-20.452319379501027,0,0,0,-1,1,-1,1
2020-01-24,0.8019553196937622,0.0007492490551017084,-20.39271835496058,0,0,0,-1,1,-1,1
2020-01-27,0.798954145281154,-0.003742321222776096,-20.690634374548324,0,0,0,-1,1,-1,1
2020-01-28,0.7984272347287112,-0.0006595003675178845,-20.742938930325916,0,0,0,-1,1,-1,1
2020-01-29,0.7980474166189623,-0.00047570785818451533,-20.78064213709337,-1,0,1,-1,1,-1,1
2020-01-30,0.7978600590694722,-0.00023476994673295634,-20.799240461519066,-1,0,1,-1,0,0,1
2020-01-31,0.7984347117807676,0.0007202424845850763,-20.742196709688045,-1,0,1,-1,0,0,1
2020-02-03,0.7982277399147724,-0.0002592220289792946,-20.762742078269397,-1,0,1,-1,0,0,1
2020-02-04,0.7983710459516117,0.00017953026395023386,-20.748516592440012,-1,0,1,-1,0,0,1
2020-02-05,0.7976961117560166,-0.0008453891195296381,-20.815514934219355,-1,0,1,-1,0,0,1
2020-02-06,0.7967235376095468,-0.0012192288919759264,-20.912058946207793,-1,0,1,-1,0,0,1
2020-02-07,0.7967729636394495,6.203661316572795e-05,-20.90715259820257,-1,0,1,-1,0,0,1
2020-02-10,0.7968133119344917,5.0639638747129734e-05,-20.90314736498266,-1,0,1,-1,0,0,1
2020-02-11,0.7965025415436312,-0.0003900165649918519,-20.93399644774904,-1,0,1,-1,0,0,1
2020-02-12,0.7963390621088887,-0.00020524659522819233,-20.95022447577644,-1,0,1,-1,0,0,1
2020-02-13,0.7982251802370413,0.002368486261565106,-20.762996168467513,-1,0,1,-1,0,0,1
2020-02-14,0.7981195211863528,-0.00013236747387140868,-20.77348457050183,-1,0,1,-1,0,0,1
2020-02-17,0.7976158033675921,-0.0006311308085936995,-20.823486865246903,-1,0,1,-1,0,0,1
2020-02-18,0.7980882166492439,0.0005922817472488462,-20.77659206170638,-1,0,1,-1,0,0,1
2020-02-19,0.7975012601174254,-0.000735453198748931,-20.83485717049039,-1,0,1,-1,0,0,1
2020-02-20,0.7973190216846792,-0.00022851178030658392,-20.852947338216595,-1,0,1,-1,0,0,1
2020-02-21,0.797978760471699,0.0008274464412322546,-20.787457391157567,-1,0,1,-1,0,0,1
2020-02-24,0.7979566398852033,-2.7720771017425427e-05,-20.789653223912932,-1,0,1,-1,0,0,1
2020-02-25,0.7980862201407685,0.0001623900962637037,-20.77679024807488,-1,0,1,-1,0,0,1
2020-02-26,0.7977679043036989,-0.00039884893265465515,-20.808388340725912,-1,1,1,-1,0,0,-1
2020-02-27,0.7991356076256194,0.0017144125685455204,-20.67262124637388,-1,1,1,0,0,0,-1
2020-02-28,0.7982821105759711,-0.0010680253032200604,-20.757344894120873,-1,1,1,0,0,0,-1
2020-03-02,0.8034982712121026,0.00653423215555704,-20.239554989036318,-1,1,1,0,0,0,-1
2020-03-03,0.8038391860758991,0.0004242882355953159,-20.205713570552316,-1,1,1,0,0,0,-1
2020-03-04,0.802384862092849,-0.0018092225512788274,-20.350079193023674,-1,1,1,0,0,0,-1
2020-03-05,0.7997236796753215,-0.0033165910066975945,-20.614245404056266,-1,1,1,0,0,0,-1
2020-03-06,0.8018066785752845,0.002604648271523735,-20.407473435564327,-1,1,1,0,0,0,-1
2020-03-09,0.8019524590498884,0.0001818149916921752,-20.393002321008254,-1,1,1,0,0,0,-1
2020-03-10,0.8013188595902381,-0.0007900710977318814,-20.455897509051642,-1,1,1,0,0,0,-1
2020-03-11,0.8037572991295673,0.0030430327579911987,-20.21384219946668,-1,1,1,0,0,0,-1
2020-03-12,0.8034294338438135,-0.00040791578018492536,-20.246388232273844,-1,1,1,0,0,0,-1
2020-03-13,0.8109382727212014,0.009345984303143734,-19.501012228573654,-1,1,1,0,0,0,-1
2020-03-16,0.8179364018632582,0.008629669331765177,-18.806332582564437,-1,1,1,0,0,0,-1
2020-03-17,0.8173682952602286,-0.0006945608506180034,-18.86272652527069,-1,1,1,0,0,0,-1
2020-03-18,0.8183242563759009,0.0011695598192587309,-18.767831630370445,-1,1,1,0,0,0,-1
2020-03-19,0.8276770879940353,0.01142924891357261,-17.83940895828471,-1,1,1,0,0,0,-1
2020-03-20,0.8263359250366327,-0.0016203939638502196,-17.972541484075066,-1,1,1,0,0,0,-1
2020-03-23,0.8294129597940529,0.003723709286007293,-17.667095075091748,-1,1,1,0,0,0,-1
2020-03-24,0.821078410735892,-0.010048732612316952,-18.494436421877467,-1,1,1,0,0,0,-1
2020-03-25,0.8154687309340785,-0.006832087810938636,-19.051289589323247,-1,1,1,0,0,1,-1
2020-03-26,0.8213261111780985,0.0071828385587644926,-18.46984807090318,-1,0,1,0,0,1,-1
2020-03-27,0.8159285455487651,-0.0065717691862872685,-19.005645411104133,-1,0,1,0,0,1,-1
2020-03-30,0.8154405100612037,-0.0005981350820778442,-19.054090976034004,-1,0,1,0,0,1,-1
2020-03-31,0.8142572827926003,-0.0014510283141495883,-19.17154578194235,-1,0,1,0,0,1,-1
2020-04-01,0.8179695884547391,0.004559131051805776,-18.803038266447338,-1,0,1,0,0,1,-1
2020-04-02,0.8194749534674982,0.0018403679476677592,-18.653605980624903,-1,0,1,0,0,1,-1
2020-04-03,0.8180994744391776,-0.0016784881862470236,-18.790144941980223,-1,0,1,0,0,1,-1
2020-04-06,0.8205728677152248,0.003023340502379096,-18.544619897990966,-1,0,1,0,0,1,-1
2020-04-07,0.8120292707257086,-0.01041174687301652,-19.392712697058425,-1,0,1,0,0,1,-1
2020-04-08,0.8131625454596476,0.0013956082308783646,-19.28021650342966,-1,0,1,0,0,1,-1
2020-04-09,0.8075293661954925,-0.006927494749491808,-19.839402379782264,-1,0,1,0,0,1,-1
2020-04-10,0.8040557983908849,-0.0043014755252463455,-20.18421122853475,-1,0,1,0,0,1,-1
2020-04-13,0.8046626190060834,0.0007546996320564048,-20.123974282116635,-1,0,1,0,0,1,-1
2020-04-14,0.8028827311855238,-0.0022119678216916683,-20.300657480729207,-1,0,1,0,0,1,-1
2020-04-15,0.8042187678324859,0.001664049549290031,-20.168033825731293,-1,0,1,0,0,1,-1
2020-04-16,0.8095812591136698,0.006667950930362848,-19.635718192606873,-1,0,1,0,0,1,-1
2020-04-17,0.8064096174478919,-0.003917632269860527,-19.950555896359678,-1,0,1,0,0,1,-1
2020-04-20,0.8072285340535804,0.001015509473064502,-19.869264927558895,-1,0,1,0,0,1,-1
2020-04-21,0.8060473195187088,-0.0014632963095842222,-19.986519936474664,-1,0,1,0,0,1,-1
2020-04-22,0.8099038088634806,0.0047844453438223855,-19.603699814341706,-1,-1,1,0,0,1,-1
2020-04-23,0.8101730020624442,0.0003323767539030742,-19.57697795306019,0,-1,1,0,0,1,-1
2020-04-24,0.8051970070092601,-0.006141891966921553,-20.070927466125855,0,-1,1,0,0,1,-1
2020-04-27,0.8061820324446879,0.001223334695550471,-19.973147458512,0,-1,1,0,0,1,-1
2020-04-28,0.8049709951071641,-0.0015021884497368743,-20.09336287206862,0,-1,1,0,0,1,-1
2020-04-29,0.8038720891944092,-0.0013651497003424606,-20.202447393799183,0,-1,1,0,0,1,-1
2020-04-30,0.800398764981358,-0.004320742391407034,-20.54723206207533,0,-1,1,0,0,1,-1
2020-05-01,0.8025127069649074,0.002641111001212698,-20.337388482597667,0,-1,1,0,0,1,-1
2020-05-04,0.8103581982994552,0.00977615839158405,-19.558594174516315,0,-1,1,0,0,1,-1
2020-05-05,0.8079485335611793,-0.002973579761804762,-19.7977931108901,0,-1,1,0,0,1,-1
2020-05-06,0.806227637747522,-0.002129957221497919,-19.96862038063363,0,-1,1,0,0,1,-1
2020-05-07,0.8094384860693078,0.003982557991631636,-19.649890770149213,0,-1,1,0,0,1,-1
2020-05-08,0.8037972126213108,-0.006969366474519206,-20.209880127639693,0,-1,1,0,0,1,-1
2020-05-11,0.8009437956176046,-0.0035499214962448344,-20.49312878936254,0,-1,1,0,0,1,-1
2020-05-12,0.8028101801068368,0.0023302315336532764,-20.307859370925396,0,-1,1,0,0,1,-1
2020-05-13,0.8053984599583143,0.003224024701745848,-20.050929941002256,0,-1,1,0,0,1,-1
2020-05-14,0.8078417855743343,0.003033685483017412,-19.808389607783543,0,-1,1,0,0,1,-1
2020-05-15,0.8054846617458501,-0.0029178037959602388,-20.042372992990128,0,-1,1,0,0,1,-1
2020-05-18,0.8094109290285826,0.004874415950047312,-19.65262626057922,0,-1,1,0,0,1,-1
2020-05-19,0.8033741095154309,-0.007458287622081894,-20.251880083606732,0,-1,1,0,0,1,-1
2020-05-20,0.8011521912179446,-0.0027657330142571435,-20.472442091684442,0,-1,1,0,-1,1,-1
2020-05-21,0.8007927702968755,-0.0004486300168794033,-20.50812054133123,0,-1,1,0,-1,1,0
2020-05-22,0.8003152997048909,-0.0005962473809642266,-20.555517366266383,0,-1,1,0,-1,1,0
2020-05-25,0.8011794105036747,0.0010797129570088437,-20.469740129003874,0,-1,1,0,-1,1,0
2020-05-26,0.8007653814836448,-0.0005167744135731456,-20.510839332410022,0,-1,1,0,-1,1,0
2020-05-27,0.797455704708364,-0.004133141681460728,-20.839379295589563,0,-1,1,0,-1,1,0
2020-05-28,0.7970684307444927,-0.0004856369596263066,-20.877822618750592,0,-1,1,0,-1,1,0
2020-05-29,0.7975454546093426,0.0005984729120486199,-20.830470138845595,0,-1,1,0,-1,1,0
2020-06-01,0.7977556728586226,0.00026358152762975817,-20.80960251322307,0,-1,1,0,-1,1,0
2020-06-02,0.7928363181184257,-0.00616649295964164,-21.297929541796503,0,-1,1,0,-1,1,0
2020-06-03,0.7878716618159538,-0.006261893141139285,-21.79075349699219,0,-1,1,0,-1,1,0
2020-06-04,0.7874421859237013,-0.00054510894739207,-21.833386057029767,0,-1,1,0,-1,1,0
2020-06-05,0.7879368817374014,0.0006282312816651425,-21.784279344968947,0,-1,1,0,-1,1,0
2020-06-08,0.7825397440279035,-0.006849708186773995,-22.320034207074144,0,-1,1,0,-1,1,0
2020-06-09,0.7849514864423087,0.0030819423969336013,-22.080629027104568,0,-1,1,0,-1,1,0
2020-06-10,0.7885489065053614,0.004582983948928504,-21.723525800625186,0,-1,1,0,-1,1,0
2020-06-11,0.7916960668960296,0.0039910782510821086,-21.411118266876663,0,-1,1,0,-1,1,0
2020-06-12,0.797061469652627,0.0067770991684136805,-20.878513621836554,0,-1,1,0,-1,1,0
2020-06-15,0.7956614612527478,-0.0017564622719616618,-21.01748752756133,0,-1,1,0,-1,1,0
2020-06-16,0.7923404995428579,-0.0041738375824577345,-21.347147706475727,0,-1,1,0,-1,1,0
2020-06-17,0.7927949691701808,0.0005735786919703056,-21.302034106337477,1,-1,-1,0,-1,-1,1
2020-06-18,0.7919137780679012,-0.001111499361811023,-21.3895068452041,1,0,-1,0,0,-1,1
2020-06-19,0.791687611334625,-0.0002855951487900632,-21.41195762069311,1,0,-1,0,0,-1,1
2020-06-22,0.7896348747899392,-0.002592861774387528,-21.615725551702365,1,0,-1,0,0,-1,1
2020-06-23,0.7946974267321666,0.006411256776841429,-21.11318384094791,1,0,-1,0,0,-1,1
2020-06-24,0.7937175592724088,-0.0012330069618912143,-21.21045183447345,1,0,-1,0,0,-1,1
2020-06-25,0.7902762933812977,-0.004335630289275416,-21.55205418597823,1,0,-1,0,0,-1,1
2020-06-26,0.7921992566969596,0.0024332797678066898,-21.36116838660298,1,0,-1,0,0,-1,1
2020-06-29,0.7911046425552172,-0.0013817409351107313,-21.469826879332484,1,0,-1,0,0,-1,1
2020-06-30,0.7930406530649576,0.0024472243058608623,-21.277645930928127,1,0,-1,0,0,-1,1
2020-07-01,0.7944830499012244,0.0018188182796078645,-21.134464274333528,1,0,-1,0,0,-1,1
2020-07-02,0.7943024245713243,-0.0002273495072331877,-21.152394315018437,1,0,-1,0,0,-1,1
2020-07-03,0.7955863224733684,0.0016163842162978115,-21.02494628969637,1,0,-1,0,0,-1,1
2020-07-06,0.7973495066196711,0.002216207212840493,-20.84992120602913,1,0,-1,0,0,-1,1
2020-07-07,0.797719712622044,0.00046429576904410963,-20.81317215932558,1,0,-1,0,0,-1,1
2020-07-08,0.7969474299056808,-0.000968112864886822,-20.889833946087712,1,0,-1,0,0,-1,1
2020-07-09,0.7975991158071934,0.0008177275903752945,-20.825143380626248,1,0,-1,0,0,-1,1
2020-07-10,0.796992580574983,-0.0007604512344483727,-20.885351998079717,1,0,-1,0,0,-1,1
2020-07-13,0.7963367293990861,-0.0008229075048901968,-20.95045603566724,1,0,-1,0,0,-1,1
2020-07-14,0.7958800263406683,-0.0005735049528135527,-20.995791340648438,1,0,-1,0,0,-1,1
2020-07-15,0.7968916979496268,0.0012711358188118305,-20.895366261184662,1,0,-1,0,-1,-1,1
2020-07-16,0.7980752726026559,0.0014852390306918871,-20.777876971647192,1,0,0,0,-1,-1,1
2020-07-17,0.7974204557987358,-0.0008204950415073575,-20.84287833076964,1,0,0,0,-1,-1,1
2020-07-20,0.7982777149865181,0.0010750403774426043,-20.757781228813077,1,0,0,0,-1,-1,1
2020-07-21,0.7982087406016232,-8.640399650411412e-05,-20.764628073206755,1,0,0,0,-1,-1,1
2020-07-22,0.8015421238555251,0.004176079619711559,-20.43373485134302,1,0,0,0,-1,-1,1
2020-07-23,0.8026588874417202,0.001393268741539444,-20.322877661230354,1,0,0,0,-1,-1,1
2020-07-24,0.8002126450003598,-0.003047673774792703,-20.565707537433166,1,0,0,0,-1,-1,1
2020-07-27,0.7978136978213353,-0.0029978871166468912,-20.80384257942666,1,0,0,0,-1,-1,1
2020-07-28,0.797983951727712,0.00021340058066393608,-20.786942073446763,1,0,0,0,-1,-1,1
2020-07-29,0.7963717563528959,-0.002020335586104871,-20.94697903325996,1,0,0,0,-1,-1,1
2020-07-30,0.7955235410929593,-0.0010650996261107049,-21.03117837633456,1,0,0,0,-1,-1,1
2020-07-31,0.7948772802015616,-0.000812371800474776,-21.095330420138346,1,0,0,0,-1,-1,1
2020-08-03,0.794002142995455,-0.001100971468054296,-21.18220221004203,1,0,0,0,-1,-1,1
2020-08-04,0.7932038809566933,-0.0010053650935377412,-21.261442872689564,1,0,0,0,-1,-1,1
2020-08-05,0.7948612162013106,0.002089418980928792,-21.096925036896817,1,0,0,0,-1,-1,1
2020-08-06,0.7948177669079461,-5.466274172000185e-05,-21.101238095304435,1,0,0,0,-1,-1,1
2020-08-07,0.7966664090042809,0.0023258691152896194,-20.917729901755706,1,0,0,0,-1,-1,1
2020-08-10,0.7939526905125089,-0.003406342304759169,-21.187111183947753,1,0,0,0,-1,-1,1
2020-08-11,0.7936350677873906,-0.00040005245767646413,-21.2186404738152,1,0,0,0,-1,-1,1
2020-08-12,0.7939422003993495,0.00038699475920991877,-21.188152500555134,1,-1,0,0,-1,-1,1
2020-08-13,0.7942288824463342,0.00036108679805724186,-21.159694582892588,1,-1,0,0,0,-1,1
2020-08-14,0.7928462596915176,-0.0017408366597773395,-21.29694267683073,1,-1,0,0,0,-1,1
2020-08-17,0.7936422634263566,0.0010039824557521448,-21.21792618806421,1,-1,0,0,0,-1,1
2020-08-18,0.7931716176898211,-0.0005930200018626763,-21.264645533622918,1,-1,0,0,0,-1,1
2020-08-19,0.7934490151001156,0.00034973189169634766,-21.237109269162016,1,-1,0,0,0,-1,1
2020-08-20,0.7925722806319557,-0.0011049663576042645,-21.32413961364725,1,-1,0,0,0,-1,1
2020-08-21,0.7911070550332567,-0.0018486964968426611,-21.469587401129594,1,-1,0,0,0,-1,1
2020-08-24,0.7902880430169913,-0.0010352733060015329,-21.550887841002492,1,-1,0,0,0,-1,1
2020-08-25,0.7910091510222415,0.0009124622492038548,-21.479305987673854,1,-1,0,0,0,-1,1
2020-08-26,0.79249010567961,0.0018722345442586108,-21.332296831904817,1,-1,0,0,0,-1,1
2020-08-27,0.7947742988877945,0.002882298708607456,-21.105553012654298,1,-1,0,0,0,-1,1
2020-08-28,0.7970201921517169,0.0028258252274455387,-20.8826110940521,1,-1,0,0,0,-1,1
2020-08-31,0.8001348339038905,0.003907858022724531,-20.573431571078967,1,-1,0,0,0,-1,1
2020-09-01,0.8001646228899942,3.722995780405802e-05,-20.570474523287842,1,-1,0,0,0,-1,1
2020-09-02,0.8012382238192225,0.0013417250632135613,-20.46390193819659,1,-1,0,0,0,-1,1
2020-09-03,0.8003787319683341,-0.0010727045032768168,-20.54922066876055,1,-1,0,0,0,-1,1
2020-09-04,0.7972243785525196,-0.003941076005427091,-20.862342228795374,1,-1,0,0,0,-1,1
2020-09-07,0.7981038941179618,0.0011032221155090616,-20.775035814572583,1,-1,0,0,0,-1,1
2020-09-08,0.7977155685747803,-0.00048656014090819877,-20.813583524310097,1,-1,0,0,0,-1,1
2020-09-09,0.7949420515002577,-0.0034768245522372176,-21.08890080131646,1,-1,0,1,0,-1,1
2020-09-10,0.7979289084791908,0.003757326679720041,-20.79240602297122,1,-1,0,1,0,-1,0
2020-09-11,0.7982544941372521,0.00040803842873909923,-20.760086280780637,1,-1,0,1,0,-1,0
2020-09-14,0.7989510501854243,0.0008725989684843782,-20.69094161380645,1,-1,0,1,0,-1,0
2020-09-15,0.7986533274924992,-0.00037264196956254825,-20.720495497527637,1,-1,0,1,0,-1,0
2020-09-16,0.7981302367953377,-0.00065496590216918,-20.772420869717617,1,-1,0,1,0,-1,0
2020-09-17,0.7966271972209527,-0.001883200892651371,-20.92162231745837,1,-1,0,1,0,-1,0
2020-09-18,0.7966961744839638,8.65866282894201e-05,-20.91477518736423,1,-1,0,1,0,-1,0
2020-09-21,0.7965179219458417,-0.0002237396686855797,-20.93246968936173,1,-1,0,1,0,-1,0
2020-09-22,0.7953455344170651,-0.001471890959983152,-21.04884847245415,1,-1,0,1,0,-1,0
2020-09-23,0.7933836924802189,-0.0024666536139970607,-21.243593615698796,1,-1,0,1,0,-1,0
2020-09-24,0.791415600968248,-0.002480630154898189,-21.438959132267104,1,-1,0,1,0,-1,0
2020-09-25,0.7911038323245468,-0.0003939379553799527,-21.469907308079055,1,-1,0,1,0,-1,0
2020-09-28,0.7906996789633874,-0.0005108727130949398,-21.510026189592168,1,-1,0,1,0,-1,0
2020-09-29,0.7923444457862261,0.0020801410024534617,-21.34675597678763,1,-1,0,1,0,-1,0
2020-09-30,0.7956007393137068,0.004109694394651142,-21.0235151807043,1,-1,0,1,0,-1,0
2020-10-01,0.7943926683902451,-0.0015184386637244196,-21.143436128778962,1,-1,0,1,0,-1,0
2020-10-02,0.7950205060947034,0.0007903367307385833,-21.081112889891696,1,-1,0,1,0,-1,0
2020-10-05,0.7944914676013377,-0.0006654400601116828,-21.133628678874196,1,-1,0,1,0,-1,0
2020-10-06,0.7960154638365047,0.0019182034009352367,-20.982346937186588,1,-1,0,1,0,-1,0
2020-10-07,0.793625507063789,-0.003002399929766364,-21.219589533192686,1,-1,0,1,1,-1,-1
2020-10-08,0.7949277789328116,0.0016409148363195625,-21.090317588846354,0,0,0,1,1,-1,-1
2020-10-09,0.7949092542599075,-2.3303592345119695e-05,-21.09215646791735,0,0,0,1,1,-1,-1
2020-10-12,0.7941636989491072,-0.0009379124809592576,-21.166165119211662,0,0,0,1,1,-1,-1
2020-10-13,0.7945686830795854,0.0005099504434841751,-21.12596377015264,0,0,0,1,1,-1,-1
2020-10-14,0.7914061444987949,-0.003980195353953719,-21.43989784270226,0,0,0,1,1,-1,-1
2020-10-15,0.7919688923282427,0.000711073363985848,-21.384035846586194,0,0,0,1,1,-1,-1
2020-10-16,0.7917883864821932,-0.00022792037389113284,-21.40195402652985,0,0,0,1,1,-1,-1
2020-10-19,0.7918838255020736,0.00012053601885278487,-21.3924801309786,0,0,0,1,1,-1,-1
2020-10-20,0.7939254054271107,0.0025781306036180285,-21.189819678329762,0,0,0,1,1,-1,-1
2020-10-21,0.7954188993796418,0.001881151481388621,-21.041565790869154,0,0,0,1,1,-1,-1
2020-10-22,0.795058318782624,-0.0004533216363089565,-21.077359357465227,0,0,0,1,1,-1,-1
2020-10-23,0.7932936768877571,-0.0022195125227655044,-21.252529146701054,0,0,0,1,1,-1,-1
2020-10-26,0.7926690739467026,-0.0007873539891366244,-21.314531282011824,0,0,0,1,1,-1,-1
2020-10-27,0.7918969335412345,-0.0009741018425552528,-21.39117894207235,0,0,0,1,1,-1,-1
2020-10-28,0.7904981720369412,-0.0017663428724723762,-21.530029072861478,0,0,0,1,1,-1,-1
2020-10-29,0.7903387323921395,-0.00020169514673359923,-21.545856085161812,0,0,0,1,1,-1,-1
2020-10-30,0.7893254352165537,-0.001282104917873339,-21.646442528902572,0,0,0,1,1,-1,-1
2020-11-02,0.7896070976235463,0.00035683939022607136,-21.618482893232542,0,0,0,1,1,-1,-1
2020-11-03,0.7888338764429405,-0.00097924801199617,-21.695237838036583,0,0,0,1,1,-1,-1
2020-11-04,0.7906631749913616,0.0023189908585949937,-21.51364981039854,0,0,0,-1,-1,1,1
2020-11-05,0.792846053767924,0.0027608200882585088,-21.296963118140994,0,0,0,-1,-1,1,1
2020-11-06,0.7922892529568636,-0.0007022811155006359,-21.35223477467568,0,0,0,-1,-1,1,1
2020-11-09,0.7920289132247513,-0.00032859177521421534,-21.3780777834677,0,0,0,-1,-1,1,1
2020-11-10,0.790545478869307,-0.0018729548008600272,-21.525333090136005,0,0,0,-1,-1,1,1
2020-11-11,0.7891661048530096,-0.0017448382833967768,-21.662258693237142,0,0,0,-1,-1,1,1
2020-11-12,0.7922205605617104,0.0038704851740555546,-21.359053626940312,0,0,0,-1,-1,1,1
2020-11-13,0.7921588463036345,-7.790034890300945e-05,-21.36517978410084,0,0,0,-1,-1,1,1
2020-11-16,0.7916877328499867,-0.0005947209399302933,-21.41194555829089,0,0,0,-1,-1,1,1
2020-11-17,0.7927368792032271,0.0013252022353100745,-21.307800492876066,0,0,0,-1,-1,1,1
2020-11-18,0.7923640460116982,-0.00047031140004949457,-21.344810331399234,0,0,0,-1,-1,1,1
2020-11-19,0.7940542565034816,0.0021331236573530477,-21.177029085543563,0,0,0,-1,-1,1,1
2020-11-20,0.7935341376832739,-0.0006550167270660545,-21.228659449969566,0,0,0,-1,-1,1,1
2020-11-23,0.7938703649526593,0.0004237086388836908,-21.19528335248208,0,0,0,-1,-1,1,1
2020-11-24,0.7921149215496152,-0.0022112469246145516,-21.369540039814016,0,0,0,-1,-1,1,1
2020-11-25,0.7920343258704197,-0.00010174745734847779,-21.37754048918511,0,0,0,-1,-1,1,1
2020-11-26,0.792304376087856,0.0003409577194012914,-21.350733554696582,0,0,0,-1,-1,1,1
2020-11-27,0.793109374021941,0.0010160210625868304,-21.270824243431143,0,0,0,-1,-1,1,1
2020-11-30,0.7937225084395433,0.0007730767504272595,-21.209960548073443,0,0,0,-1,-1,1,1
2020-12-01,0.7933307143774537,-0.0004936159147858887,-21.248852565473523,0,0,0,-1,-1,1,1
2020-12-02,0.7912191698646451,-0.002661619516982433,-21.458458156470016,0,0,-1,-1,1,-1,1
2020-12-03,0.789473402696276,-0.0022064267839564168,-21.631754318046816,0,0,-1,0,1,-1,1
2020-12-04,0.7887108790578933,-0.0009658636196970272,-21.70744735549049,0,0,-1,0,1,-1,1
2020-12-07,0.7881930633561182,-0.0006565342453417888,-21.758849097456835,0,0,-1,0,1,-1,1
2020-12-08,0.7866486001876124,-0.0019594985547442545,-21.912162519571893,0,0,-1,0,1,-1,1
2020-12-09,0.7865820360111493,-8.461742186696708e-05,-21.918770111058652,0,0,-1,0,1,-1,1
2020-12-10,0.7863665716496324,-0.00027392484401178585,-21.94015849977623,0,0,-1,0,1,-1,1
2020-12-11,0.7866913370299281,0.00041299489577020787,-21.907920183672,0,0,-1,0,1,-1,1
2020-12-14,0.7871353873668403,0.0005644530656568614,-21.86384086981616,0,0,-1,0,1,-1,1
2020-12-15,0.7866695429745296,-0.0005918224485739754,-21.910083602834753,0,0,-1,0,1,-1,1
2020-12-16,0.7874070370000542,0.0009374889775647932,-21.836875166953448,0,0,-1,0,1,-1,1
2020-12-17,0.7886043647528839,0.0015205956977363821,-21.718020655610683,0,0,-1,0,1,-1,1
2020-12-18,0.7898193350694767,0.0015406588790229936,-21.59741482906626,0,0,-1,0,1,-1,1
2020-12-21,0.7869749590446289,-0.0036012995612440257,-21.87976602464274,0,0,-1,0,1,-1,1
2020-12-22,0.7872231637152493,0.00031539081106427,-21.855127620688723,0,0,-1,0,1,-1,1
2020-12-23,0.7862104832242948,-0.0012863956977272883,-21.95565284831691,0,0,-1,0,1,-1,1
2020-12-24,0.7889912189561895,0.0035368845763679713,-21.67961900060342,0,0,-1,0,1,-1,1
2020-12-25,0.7916610309493379,0.003383829793036891,-21.414596161975666,0,0,-1,0,1,-1,1
2020-12-28,0.7907953063454238,-0.0010935546528997586,-21.500533595992746,0,0,-1,0,1,-1,1
2020-12-29,0.7890802380425235,-0.0021687891786136004,-21.670782389256697,0,0,-1,0,1,-1,1
2020-12-30,0.7895187281412909,0.0005556977321534706,-21.627255020669047,1,0,-1,0,1,-1,1
2020-12-31,0.7930489242674662,0.004471326645393603,-21.276824877770334,1,0,-1,0,0,-1,1
2021-01-01,0.7963326057043006,0.004140578640677767,-20.950865380332885,1,0,-1,0,0,-1,1
2021-01-04,0.7936714644015556,-0.0033417460037209468,-21.215027510045765,1,0,-1,0,0,-1,1
2021-01-05,0.79141671066498,-0.0028409157160207976,-21.438848976578736,1,0,-1,0,0,-1,1
2021-01-06,0.7944829000005189,0.003874304515205984,-21.134479154448904,1,0,-1,0,0,-1,1
2021-01-07,0.7977673303973851,0.004134047940948876,-20.808445310385494,1,0,-1,0,0,-1,1
2021-01-08,0.7985100354407054,0.0009309795162334711,-20.734719595110775,1,0,-1,0,0,-1,1
2021-01-11,0.7964809246583207,-0.0025411212036489106,-20.93614227986081,1,0,-1,0,0,-1,1
2021-01-12,0.7960619239602547,-0.0005260649503260606,-20.977735004244938,1,0,-1,0,0,-1,1
2021-01-13,0.7978087891205805,0.0021943835118197197,-20.804329848871607,1,0,-1,0,0,-1,1
2021-01-14,0.7963796480078237,-0.0017913328760543745,-20.94619565645448,1,0,-1,0,0,-1,1
2021-01-15,0.7981604580325,0.002236132012076286,-20.76942091388546,1,0,-1,0,0,-1,1
2021-01-18,0.7943303225733939,-0.004798703594697834,-21.149624978555984,1,0,-1,0,0,-1,1
2021-01-19,0.7934171010423468,-0.0011496747701743582,-21.24027726533693,1,0,-1,0,0,-1,1
2021-01-20,0.7941419714941741,0.0009136057829796929,-21.168321927180653,1,0,-1,0,0,-1,1
2021-01-21,0.7965059395814615,0.002976757522133777,-20.93365913649496,1,0,-1,0,0,-1,1
2021-01-22,0.796487238577154,-2.3478800820264656e-05,-20.93551551936368,1,0,-1,0,0,-1,1
2021-01-25,0.7949473317479748,-0.0019333728835758124,-21.08837664971243,1,0,-1,0,0,-1,1
2021-01-26,0.7960488758953415,0.0013856819230332051,-20.979030239718735,1,0,-1,0,0,-1,1
2021-01-27,0.7973539764371512,0.0016394728782725965,-20.84947750298196,1,0,-1,0,0,-1,1
2021-01-28,0.7936602137043466,-0.004632525630974632,-21.216144327154428,1,0,-1,0,0,-1,1
2021-01-29,0.7952429345298732,0.001994204570416047,-21.059033202096643,1,0,-1,0,0,-1,1
2021-02-01,0.7950115609358416,-0.0002909470603071618,-21.082000844324302,1,0,-1,0,0,-1,1
2021-02-02,0.7969560764735001,0.0024458959255504176,-20.88897563173684,1,0,-1,0,0,-1,1
2021-02-03,0.7976400900547644,0.0008582826600572468,-20.821076011302203,1,0,-1,0,0,-1,1
2021-02-04,0.7991301061648931,0.0018680306177017991,-20.673167357014638,1,0,-1,0,0,-1,1
2021-02-05,0.7989724547679128,-0.00019727876069750017,-20.68881685624851,1,0,-1,0,0,-1,1
2021-02-08,0.8009581057138632,0.0024852558234027544,-20.491708276479535,1,0,-1,0,0,-1,1
2021-02-09,0.8017594008849168,0.0010004208276778725,-20.41216652546623,1,0,-1,0,0,-1,1
2021-02-10,0.8003910231876991,-0.001706718618712022,-20.548000562680173,1,0,-1,0,0,-1,1
2021-02-11,0.7988845307071617,-0.0018821956230063164,-20.69754476826019,1,0,-1,0,0,-1,1
2021-02-12,0.8001964153279794,0.0016421454795931822,-20.567318599880753,1,0,-1,0,0,-1,1
2021-02-15,0.801106578166992,0.0011374242893097686,-20.476969938691248,1,0,-1,0,0,-1,1
2021-02-16,0.8022579039314814,0.0014371692804266423,-20.362681882800683,1,0,-1,0,0,-1,1
2021-02-17,0.8019158060249044,-0.00042641886717537103,-20.396640737777112,1,0,-1,0,0,-1,1
2021-02-18,0.8032733199777371,0.0016928385032860538,-20.2618851062271,1,0,-1,0,0,-1,1
2021-02-19,0.8032194653393987,-6.704397743456658e-05,-20.26723106660272,1,0,-1,0,0,-1,1
2021-02-22,0.8088838852352654,0.007052144700543661,-19.70494404270939,1,0,-1,0,0,-1,1
2021-02-23,0.8087999405195733,-0.0001037784498176264,-19.713276939144656,1,0,-1,0,0,-1,1
2021-02-24,0.8115534572958032,0.003404447303076097,-19.439945021347313,1,0,-1,0,1,-1,1
2021-02-25,0.8169133715610292,0.006604511652363532,-18.90788519952576,1,0,-1,0,1,-1,0
2021-02-26,0.8127534628328023,-0.005092227490753137,-19.320824695796045,1,0,-1,0,1,-1,0
2021-03-01,0.809847389581743,-0.0035755901192107697,-19.609300357839828,1,0,-1,0,1,-1,0
2021-03-02,0.8120546375481213,0.0027255109972242064,-19.390194621890572,1,0,-1,0,1,-1,0
2021-03-03,0.8136606945432373,0.0019777696239322295,-19.23076699742266,1,0,-1,0,1,-1,0
2021-03-04,0.8131181297151269,-0.0006668195130342947,-19.28462549804159,1,0,-1,0,1,-1,0
2021-03-05,0.81530908185932,0.002694506571831956,-19.067137390998177,1,0,-1,0,1,-1,0
2021-03-08,0.8156182342333979,0.0003791842639268017,-19.03644892306228,1,0,-1,0,1,-1,0
2021-03-09,0.815982548848906,0.00044667296563147274,-19.00028469359469,1,0,-1,0,1,-1,0
2021-03-10,0.816234394286221,0.000308640715013242,-18.975284883546653,1,0,-1,0,1,-1,0
2021-03-11,0.8172811827062038,0.001282460561954274,-18.87137388186622,1,0,-1,0,1,-1,0
2021-03-12,0.8187261334061648,0.0017679970254258215,-18.72793871221247,1,0,-1,0,1,-1,0
2021-03-15,0.8192637901435191,0.0006566991273595779,-18.67456742048607,1,0,-1,0,1,-1,0
2021-03-16,0.8181417380026876,-0.0013695859066771288,-18.785949586801397,1,0,-1,0,1,-1,0
2021-03-17,0.817250586914299,-0.0010892380219645337,-18.8744110184292,1,0,-1,0,1,-1,0
2021-03-18,0.819285324160876,0.002489734824491885,-18.672429814384365,1,0,-1,0,1,-1,0
2021-03-19,0.8181835504737194,-0.0013447985148337394,-18.78179900998501,1,0,-1,0,1,-1,0
2021-03-22,0.8164879515673994,-0.0020723942755122016,-18.950115144784117,1,0,-1,0,1,-1,0
2021-03-23,0.8158466700720218,-0.0007854145234434395,-19.01377290147282,1,0,-1,0,1,-1,0
2021-03-24,0.812184949707624,-0.004488245768135085,-19.377258992525007,1,1,-1,0,1,-1,0
2021-03-25,0.8122322399780687,5.822598714952942e-05,-19.372564653843146,0,1,-1,0,1,-1,0
2021-03-26,0.8142054545194867,0.0024293723448741977,-19.17669059217506,0,1,-1,0,1,-1,0
2021-03-29,0.816253872410827,0.0025158488928931633,-18.973351358681427,0,1,-1,0,1,-1,0
2021-03-30,0.8158595875920629,-0.00048304189675651976,-19.01249062472895,0,1,-1,0,1,-1,0
2021-03-31,0.8164192438374805,0.0006859712797755435,-18.956935519276964,0,1,-1,0,1,-1,0
2021-04-01,0.8192231330827859,0.0034343742709029013,-18.67860330378925,0,1,-1,0,1,-1,0
2021-04-02,0.8196044494493762,0.00046546093633292873,-18.64075137033914,0,1,-1,0,1,-1,0
2021-04-05,0.8193487964463275,-0.0003119224196750925,-18.66612914403464,0,1,-1,0,1,-1,0
2021-04-06,0.8190869642953172,-0.00031956128103921566,-18.692120299997246,0,1,-1,0,1,-1,0
2021-04-07,0.8152689839418874,-0.004661263723949677,-19.071117770114135,0,1,-1,0,1,-1,0
2021-04-08,0.8129618814357814,-0.0028298666471413547,-19.300135714726924,0,1,-1,0,1,-1,0
2021-04-09,0.8115386061866594,-0.0017507281480508563,-19.441419238675035,0,1,-1,0,1,-1,0
2021-04-12,0.81263973059968,0.0013568355277571997,-19.332114494232375,0,1,-1,0,1,-1,0
2021-04-13,0.811503838777969,-0.0013977803188046367,-19.444870476951923,0,1,-1,0,1,-1,0
2021-04-14,0.8106656478749836,-0.0010328859371111498,-19.52807473739844,0,1,-1,0,1,-1,0
2021-04-15,0.8117939443675439,0.0013918148567388933,-19.416072716267564,0,1,-1,0,1,-1,0
2021-04-16,0.810893883249041,-0.0011087310083399415,-19.505418615220858,0,1,-1,0,1,-1,0
2021-04-19,0.811561354686303,0.0008231304379650584,-19.439161075191787,0,1,-1,0,1,-1,0
2021-04-20,0.8116069214959979,5.614709156834263e-05,-19.434637818391852,0,1,-1,0,1,-1,0
2021-04-21,0.8096961579625869,-0.002354296744893458,-19.624312588327175,0,1,-1,0,1,-1,0
2021-04-22,0.8113469454717045,0.002038774042440239,-19.460444723188974,0,1,-1,0,1,-1,0
2021-04-23,0.8099804271510775,-0.0016842589082929627,-19.59609418663389,0,1,-1,0,1,-1,0
2021-04-26,0.8097172338534832,-0.0003249378488319743,-19.62222045882657,0,1,-1,0,1,-1,0
2021-04-27,0.8124202762061384,0.003338254688974973,-19.35389895938384,0,1,-1,0,1,-1,0
2021-04-28,0.8132591914346731,0.0010326123720744707,-19.270622797689732,0,1,-1,0,1,-1,0
2021-04-29,0.8140899408665149,0.0010215063544209424,-19.188157225889125,0,1,-1,0,1,-1,0
2021-04-30,0.8152886261129889,0.0014724236061657847,-19.06916796093076,0,1,-1,0,1,-1,0
2021-05-03,0.8148745386482762,-0.0005079029087979303,-19.110272965934843,0,1,-1,0,1,-1,0
2021-05-04,0.815425747430518,0.000676433924608949,-19.055556410416642,0,1,-1,0,1,-1,0
2021-05-05,0.8157296686692738,0.0003727147931169572,-19.025387218870186,0,1,-1,0,1,-1,0
2021-05-06,0.8163274842783698,0.0007328599560087468,-18.96604416770958,0,1,-1,0,1,-1,0
2021-05-07,0.8165045627576495,0.0002169208837018155,-18.94846621040059,0,1,-1,0,1,-1,0
2021-05-10,0.8167564575656535,0.0003085038583902633,-18.923461499498043,0,1,-1,0,1,-1,0
2021-05-11,0.8189035889126318,0.0026288513878149344,-18.710323328741765,0,1,-1,0,1,-1,0
2021-05-12,0.8194999842250451,0.0007282851369660448,-18.651121265433307,0,1,-1,0,1,-1,0
2021-05-13,0.8208566838286343,0.0016555212076936332,-18.516446471466132,0,1,-1,0,1,-1,0
2021-05-14,0.8189849399936973,-0.002280232191333248,-18.70224789328611,0,1,-1,0,1,-1,0
2021-05-17,0.8194241593960483,0.0005362972881459149,-18.658648129298918,0,1,-1,0,1,-1,0
2021-05-18,0.821110261344849,0.0020576668743125803,-18.491274724042768,0,1,-1,0,1,-1,0
2021-05-19,0.8194359106920953,-0.0020391301041730314,-18.657481619505745,-1,1,1,0,1,-1,0
2021-05-20,0.8185531687584415,-0.0010772556122275346,-18.745108303943848,-1,1,1,0,0,-1,0
2021-05-21,0.8191898433268288,0.0007778047812738165,-18.68190786068076,-1,1,1,0,0,-1,0
2021-05-24,0.8202559096961585,0.0013013666832101811,-18.576083204828432,-1,1,1,0,0,-1,0
2021-05-25,0.8199601147226826,-0.00036061303549211887,-18.605445730625597,-1,1,1,0,0,-1,0
2021-05-26,0.8198851307705228,-9.144829219545625e-05,-18.61288912360754,-1,1,1,0,0,-1,0
2021-05-27,0.8193227757086244,-0.0006858949391725655,-18.66871213107154,-1,1,1,0,0,-1,0
2021-05-28,0.8216176495386787,0.0028009398714315126,-18.440908084084583,-1,1,1,0,0,-1,0
2021-05-31,0.8218329063130619,0.00026199141961485983,-18.419540301811033,-1,1,1,0,0,-1,0
2021-06-01,0.8208484239477609,-0.0011979106187382516,-18.51726640076505,-1,1,1,0,0,-1,0
2021-06-02,0.820703498408475,-0.00017655578674188876,-18.531652648901538,-1,1,1,0,0,-1,0
2021-06-03,0.8214510036950683,0.0009108104060026323,-18.457450430374315,-1,1,1,0,0,-1,0
2021-06-04,0.822408018051412,0.0011650291399470936,-18.362450983980107,-1,1,1,0,0,-1,0
2021-06-07,0.8206299658538618,-0.002162007371672936,-18.53895196675806,-1,1,1,0,0,-1,0
2021-06-08,0.8198409773363845,-0.0009614424896808582,-18.617272079591157,-1,1,1,0,0,-1,0
2021-06-09,0.8204580231195986,0.0007526408172701393,-18.55602011673746,-1,1,1,0,0,-1,0
2021-06-10,0.821141358970474,0.0008328711909930397,-18.48818777221287,-1,1,1,0,0,-1,0
2021-06-11,0.8208575190326458,-0.00034566513393508025,-18.516363563703887,-1,1,1,0,0,-1,0
2021-06-14,0.8206568444546227,-0.00024446944003084226,-18.536283822675152,-1,1,1,0,0,-1,0
2021-06-15,0.8211641429788814,0.000618161571047271,-18.485926083899635,-1,1,1,0,0,-1,0
2021-06-16,0.8213164300832938,0.00018545269629044459,-18.47080907910628,-1,1,1,0,0,-1,0
2021-06-17,0.8206323626313031,-0.0008328914739004489,-18.538714047098292,-1,1,1,0,0,-1,0
2021-06-18,0.8182606484780187,-0.0028901055591808167,-18.774145762488793,-1,1,1,0,0,-1,0
2021-06-21,0.8166688671183211,-0.001945323122477416,-18.93215629488,-1,1,1,0,0,-1,0
2021-06-22,0.8183203470180173,0.0020222148366246806,-18.768219698566334,-1,1,1,0,0,-1,0
2021-06-23,0.819307879529196,0.0012067798567851618,-18.670190822367765,-1,1,1,0,0,-1,0
2021-06-24,0.8196548938961229,0.00042354574586311866,-18.635743927678703,-1,1,1,0,0,-1,0
2021-06-25,0.8189597238531321,-0.00084812528805428,-18.70475101079737,-1,1,1,0,0,-1,0
2021-06-28,0.8192558458481443,0.00036158309912837083,-18.675356022723438,-1,1,1,0,0,-1,0
2021-06-29,0.8182180940738621,-0.001266700481346944,-18.77836998839482,-1,1,1,0,0,-1,0
2021-06-30,0.8182605103684152,5.183983935366787e-05,-18.774159472142976,-1,1,1,0,0,-1,0
2021-07-01,0.8189396738023518,0.0008300088117789706,-18.706741308760698,-1,1,1,0,0,-1,0
2021-07-02,0.8196326890958117,0.0008462348517591922,-18.63794812004309,-1,1,1,0,0,-1,0
2021-07-05,0.8201737503778115,0.0006601265288683766,-18.58423887115397,-1,1,1,0,0,-1,0
2021-07-06,0.8188277074094844,-0.001641168066774945,-18.717855818450808,-1,1,1,0,0,-1,0
2021-07-07,0.8170381363553144,-0.002185528210606913,-18.8955002375782,-1,1,1,0,0,-1,0
2021-07-08,0.8168401749008061,-0.00024229157208183194,-18.91515117432855,-1,1,1,0,0,-1,0
2021-07-09,0.8183091617077648,0.0017983772739106063,-18.769330024941986,-1,1,1,0,0,-1,0
2021-07-12,0.8190026550343625,0.0008474710525670504,-18.7004893835575,-1,1,1,0,0,-1,0
2021-07-13,0.8191008630884721,0.0001199117652498638,-18.690740615725527,-1,1,1,0,0,-1,0
2021-07-14,0.8187496941131339,-0.00042872494849297005,-18.725599923767053,-1,1,1,0,0,-1,-1
2021-07-15,0.8155706125161727,-0.003882849202654981,-19.04117616329932,-1,1,1,0,0,0,-1
2021-07-16,0.816043874979191,0.0005802838598587268,-18.99419706451373,-1,1,1,0,0,0,-1
2021-07-19,0.8167953360351294,0.0009208586437312039,-18.919602170688204,-1,1,1,0,0,0,-1
2021-07-20,0.8178818159225353,0.0013301739609336005,-18.811751136753525,-1,1,1,0,0,0,-1
2021-07-21,0.8187868802787248,0.00110659552342382,-18.721908584006847,-1,1,1,0,0,0,-1
2021-07-22,0.8198520688100646,0.0013009350259460262,-18.61617106804173,-1,1,1,0,0,0,-1
2021-07-23,0.8182167453482039,-0.0019946567485452094,-18.778503871643302,-1,1,1,0,0,0,-1
2021-07-26,0.818333207283113,0.00014233628872944992,-18.766943105319346,-1,1,1,0,0,0,-1
2021-07-27,0.8185165138624722,0.00022399992781396705,-18.748746906438832,-1,1,1,0,0,0,-1
2021-07-28,0.819734063000991,0.0014875071154928643,-18.62788508931944,-1,1,1,0,0,0,-1
2021-07-29,0.8217956981978163,0.002515004914249497,-18.423233820436202,-1,1,1,0,0,0,-1
2021-07-30,0.8217949971890134,-8.530207745161e-07,-18.423303407112464,-1,1,1,0,0,0,-1
2021-08-02,0.8240201386513518,0.0027076600246407068,-18.202421446805655,-1,1,1,0,0,0,-1
2021-08-03,0.8227226060370663,-0.0015746370184704928,-18.33122294201676,-1,1,1,0,0,0,-1
2021-08-04,0.8197880667999562,-0.0035668635036605334,-18.622524322293465,-1,1,1,0,0,0,-1
2021-08-05,0.8194450098982846,-0.00041847023098387504,-18.656578373337197,-1,1,1,0,0,0,-1
2021-08-06,0.8194550754111606,1.2283329270806886e-05,-18.655579205305337,-1,1,1,0,0,0,-1
2021-08-09,0.8196926687841806,0.0002899406936991422,-18.63199414751157,-1,1,1,0,0,0,-1
2021-08-10,0.8187619079198807,-0.0011354998034574515,-18.724387502164788,-1,1,1,0,0,0,-1
2021-08-11,0.8183526920756942,-0.0004997983421410057,-18.765008918547696,-1,1,1,-1,1,1,-1
2021-08-12,0.8178985061561352,-0.0005550002144025472,-18.810094356014893,-1,0,0,-1,1,1,0
2021-08-13,0.8180305093267914,0.0001613930942074293,-18.7969908659246,-1,0,0,-1,1,1,0
2021-08-16,0.8185650395083162,0.0006534355081261323,-18.743929936389694,-1,0,0,-1,1,1,0
2021-08-17,0.8198062484045148,0.0015163228775861293,-18.620719498409503,-1,0,0,-1,1,1,0
2021-08-18,0.8214497965631136,0.0020048007218747554,-18.45757025811427,-1,0,0,-1,1,1,0
2021-08-19,0.8217396284117013,0.0003528296553246546,-18.428799670734115,-1,0,0,-1,1,1,0
2021-08-20,0.8230674089903868,0.0016158166562466325,-18.296995566572065,-1,0,0,-1,1,1,0
2021-08-23,0.8226635722970996,-0.0004906483829587582,-18.337083013580198,-1,0,0,-1,1,1,0
2021-08-24,0.821632298468539,-0.0012535790610989639,-18.439453936382645,-1,0,0,-1,1,1,0
2021-08-25,0.8202796939081594,-0.0016462407367636156,-18.57372222982526,-1,0,0,-1,1,1,0
2021-08-26,0.8192752535187073,-0.0012245096360564978,-18.67342949158305,-1,0,0,-1,1,1,0
2021-08-27,0.8195753407563424,0.00036628378111785986,-18.643640887831882,-1,0,0,-1,1,1,0
2021-08-30,0.8178843545036744,-0.00206324686526993,-18.81149914073984,-1,0,0,-1,1,1,0
2021-08-31,0.818427888094718,0.0006645604455577103,-18.75754447443465,-1,0,0,-1,1,1,0
2021-09-01,0.8171343419284098,-0.001580525523536963,-18.88595024898762,-1,0,0,-1,1,1,0
2021-09-02,0.8154027474968057,-0.002119106177226132,-19.05783953287482,-1,0,0,-1,1,1,0
2021-09-03,0.8151689024203965,-0.0002867847540704571,-19.081052510458314,-1,0,0,-1,1,1,0
2021-09-06,0.8144139726077898,-0.0009261023210835329,-19.15599173554802,-1,0,0,-1,1,1,0
2021-09-07,0.8144332172399628,2.36300368366138e-05,-19.154081388654713,-1,0,0,-1,1,1,0
2021-09-08,0.8145885901016648,0.00019077421992760857,-19.138658071597302,-1,-1,0,-1,1,1,1
2021-09-09,0.8157876894023625,0.0014720305627507109,-19.019627704933665,-1,-1,0,0,0,1,1
2021-09-10,0.8160939905995632,0.0003754668048806531,-18.98922226329,-1,-1,0,0,0,1,1
2021-09-13,0.8165219775745949,0.000524433435316829,-18.946737502823837,-1,-1,0,0,0,1,1
2021-09-14,0.8158714652406001,-0.0007966868643598524,-19.011311572368854,-1,-1,0,0,0,1,1
2021-09-15,0.8178679458172143,0.0024470528283832838,-18.81312797328496,-1,-1,0,0,0,1,1
2021-09-16,0.8177029643191521,-0.0002017214379239629,-18.829505105850743,-1,-1,0,0,0,1,1
2021-09-17,0.8177685966246858,8.02642382352059e-05,-18.822990017910893,-1,-1,0,0,0,1,1
2021-09-20,0.8182762292179833,0.0006207533468424453,-18.772599117277846,-1,-1,0,0,0,1,1
2021-09-21,0.819547108091244,0.0015531171844931635,-18.646443445115175,-1,-1,0,0,0,1,1
2021-09-22,0.8206815642505492,0.001384247651056103,-18.53382997554901,-1,-1,0,0,0,1,1
2021-09-23,0.818508807674939,-0.0026475026005906843,-18.7495118725489,-1,-1,0,0,0,1,1
2021-09-24,0.8158876643976303,-0.003202339733831855,-19.00970353907267,-1,-1,0,0,0,1,1
2021-09-27,0.8144107665870366,-0.0018101729870914074,-19.156309985942766,-1,-1,0,0,0,1,1
2021-09-28,0.8130113993819186,-0.0017182572511686978,-19.295220242520653,-1,-1,0,0,0,1,1
2021-09-29,0.8124228942885329,-0.000723858354056417,-19.353639071560387,-1,-1,0,0,0,1,1
2021-09-30,0.812150677486056,-0.0003350678623049441,-19.38066107531936,-1,-1,0,0,0,1,1
2021-10-01,0.8111727061182155,-0.001204174785481571,-19.477740850474653,-1,-1,0,0,0,1,1
2021-10-04,0.8112554841949081,0.00010204741366209857,-19.469523762186213,-1,-1,0,0,0,1,1
2021-10-05,0.8108280125548655,-0.0005269260404037468,-19.511957367162033,-1,-1,0,0,0,1,1
2021-10-06,0.8095920574921274,-0.0015243122383546415,-19.634646275588473,-1,1,0,-1,0,1,1
2021-10-07,0.8094793637519443,-0.0001391981790585195,-19.645832986486298,-1,1,0,-1,0,0,1
2021-10-08,0.8097052740005267,0.00027908092373762905,-19.62340767133,-1,1,0,-1,0,0,1
2021-10-11,0.8107374919001035,0.0012748069362038539,-19.52094303392098,-1,1,0,-1,0,0,1
2021-10-12,0.8101612665408092,-0.0007107422131716334,-19.57814289698301,-1,1,0,-1,0,0,1
2021-10-13,0.8104275618262126,0.00032869417040931603,-19.551708701379763,-1,1,0,-1,0,0,1
2021-10-14,0.8098740495240874,-0.0006829880031201663,-19.606653919208235,-1,1,0,-1,0,0,1
2021-10-15,0.8121143028268866,0.0027661749430243354,-19.384271859693662,-1,1,0,-1,0,0,1
2021-10-18,0.8131427172329805,0.001266341945356908,-19.28218478169411,-1,1,0,-1,0,0,1
2021-10-19,0.8132946123808792,0.00018680010861507612,-19.267106685044155,-1,1,0,-1,0,0,1
2021-10-20,0.813455817535067,0.00019821249487417258,-19.251104416841777,-1,1,0,-1,0,0,1
2021-10-21,0.8137273299080046,0.0003337764228674711,-19.224152339323535,-1,1,0,-1,0,0,1
2021-10-22,0.8136803501335057,-5.773405018139055e-05,-19.22881585616582,-1,1,0,-1,0,0,1
2021-10-25,0.8131088913435712,-0.000702313617184841,-19.285542558666176,-1,1,0,-1,0,0,1
2021-10-26,0.8133002312689972,0.00023531894370226736,-19.26654891779957,-1,1,0,-1,0,0,1
2021-10-27,0.8128117193042796,-0.0006006539109859876,-19.315041780939495,-1,1,0,-1,0,0,1
2021-10-28,0.8133465617761607,0.0006580152071858358,-19.261949851440203,-1,1,0,-1,0,0,1
2021-10-29,0.8123220765867447,-0.0012595924511917267,-19.363646889931267,-1,1,0,-1,0,0,1
2021-11-01,0.8137575308950905,0.0017670999591409553,-19.221154393645183,-1,1,0,-1,0,0,1
2021-11-02,0.8131679276299757,-0.0007245441580937539,-19.279682234326824,-1,1,0,-1,0,0,1
2021-11-03,0.8136530712854437,0.0005966094320541404,-19.23152373138941,1,1,0,-1,-1,-1,1
2021-11-04,0.8144228679719623,0.0009460994048757776,-19.155108724058945,1,0,0,0,-1,-1,1
2021-11-05,0.8132597466474523,-0.001428154058844583,-19.270567683671533,1,0,0,0,-1,-1,1
2021-11-08,0.8124891209443428,-0.0009475763509583235,-19.347064984560774,1,0,0,0,-1,-1,1
2021-11-09,0.8130322486473079,0.0006684738157896608,-19.29315060933638,1,0,0,0,-1,-1,1
2021-11-10,0.8103675452391138,-0.003277487962657838,-19.557666336718313,1,0,0,0,-1,-1,1
2021-11-11,0.8115173246792785,0.0014188369794912725,-19.443531779000285,1,0,0,0,-1,-1,1
2021-11-12,0.8100689302458322,-0.0017847979203879094,-19.58730879595492,1,0,0,0,-1,-1,1
2021-11-15,0.8108709288466917,0.0009900374781886545,-19.507697217940912,1,0,0,0,-1,-1,1
2021-11-16,0.8115694197572602,0.0008614082534220413,-19.438360483987505,1,0,0,0,-1,-1,1
2021-11-17,0.8100595182478576,-0.0018604711718366862,-19.58824309186294,1,0,0,0,-1,-1,1
2021-11-18,0.8072079805298317,-0.003520158277003832,-19.87130520351154,1,0,0,0,-1,-1,1
2021-11-19,0.8086434204497372,0.0017782776614316265,-19.728814135515265,1,0,0,0,-1,-1,1
2021-11-22,0.8065938673538425,-0.002534557314217478,-19.932266056769006,1,0,0,0,-1,-1,1
2021-11-23,0.8069859806125447,0.00048613468881017474,-19.893342353844787,1,0,0,0,-1,-1,1
2021-11-24,0.8078597242650106,0.0010827246983928784,-19.806608897105598,1,0,0,0,-1,-1,1
2021-11-25,0.8061923813000005,-0.00206390158455666,-19.972120164073843,1,0,0,0,-1,-1,1
2021-11-26,0.8041499328226405,-0.0025334504824599258,-20.174866834854413,1,0,0,0,-1,-1,1
2021-11-29,0.7999613870521515,-0.005208662712669565,-20.590649029505588,1,0,0,0,-1,-1,1
2021-11-30,0.8007118728523319,0.0009381525312689987,-20.51615094588619,1,0,0,0,-1,-1,1
2021-12-01,0.799354880549816,-0.001694732335717708,-20.650854795045504,1,1,1,-1,-1,-1,-1
2021-12-02,0.7986177697991873,-0.0009221320449331248,-20.72402518457704,0,1,1,-1,0,0,-1
2021-12-03,0.7989793978472131,0.0004528174324455181,-20.688127641206513,0,1,1,-1,0,0,-1
2021-12-06,0.8009035320083414,0.0024082400200965692,-20.497125616123274,0,1,1,-1,0,0,-1
2021-12-07,0.800799166364319,-0.00013030988109224984,-20.507485626230732,0,1,1,-1,0,0,-1
2021-12-08,0.8019746807552155,0.0014679265916738848,-20.390796450542457,0,1,1,-1,0,0,-1
2021-12-09,0.8009514361752942,-0.0012759063402821569,-20.49237033809602,0,1,1,-1,0,0,-1
2021-12-10,0.8005371903566196,-0.0005171921791570777,-20.533491062340477,0,1,1,-1,0,0,-1
2021-12-13,0.8006135758642986,9.541781268768146e-05,-20.52590854187572,0,1,1,-1,0,0,-1
2021-12-14,0.8007182948157389,0.00013079837089607915,-20.515513460184557,0,1,1,-1,0,0,-1
2021-12-15,0.8003351915174521,-0.0004784495380798781,-20.553542776054055,0,1,1,-1,0,0,-1
2021-12-16,0.7989519286379364,-0.0017283544372115323,-20.690854412917798,0,1,1,-1,0,0,-1
2021-12-17,0.7997533519955536,0.0010030933387739638,-20.611299937275547,0,1,1,-1,0,0,-1
2021-12-20,0.8004496085284698,0.000870589077468592,-20.542185002126516,0,1,1,-1,0,0,-1
2021-12-21,0.8001550070247796,-0.00036804503437981584,-20.57142905637916,0,1,1,-1,0,0,-1
2021-12-22,0.7983206985703412,-0.0022924413873993965,-20.7535143997523,0,1,1,-1,0,0,-1
2021-12-23,0.7983076111560646,-1.6393680259019217e-05,-20.754813541298883,0,1,1,-1,0,0,-1
2021-12-24,0.7984614788838742,0.0001927424036289871,-20.7395396335848,0,1,1,-1,0,0,-1
2021-12-27,0.7988360540554391,0.0004691211554607999,-20.702356874835356,0,1,1,-1,0,0,-1
2021-12-28,0.7994266731046056,0.0007393495150451179,-20.643728200846546,0,1,1,-1,0,0,-1
2021-12-29,0.79971031601914,0.00035480791932157585,-20.61557196716437,1,1,1,-1,0,-1,-1
2021-12-30,0.7999658571244176,0.0003195420893775854,-20.59020530116671,1,0,1,-1,0,-1,0
2021-12-31,0.8005145482295506,0.0006858931543719804,-20.53573866659269,1,0,1,-1,0,-1,0
2022-01-03,0.8006818943626866,0.00020904820968736804,-20.519126805026826,1,0,1,-1,0,-1,0
2022-01-04,0.7989400086525416,-0.0021755028088044914,-20.692037667908732,1,0,1,-1,0,-1,0
2022-01-05,0.8023179718427877,0.004228056116432732,-20.356719152688715,1,0,1,-1,0,-1,0
2022-01-06,0.8009507072843738,-0.0017041430036442984,-20.492442692531938,1,0,1,-1,0,-1,0
2022-01-07,0.7983048850811592,-0.0033033521028844604,-20.75508414915877,1,0,1,-1,0,-1,0
2022-01-10,0.7978862346305334,-0.0005244242625211948,-20.796642105712397,1,0,1,-1,0,-1,0
2022-01-11,0.7959654340773031,-0.002407361438087424,-20.98731321527414,1,0,1,-1,0,-1,0
2022-01-12,0.7970189503994506,0.0013235704429409578,-20.882734358428518,1,0,1,-1,0,-1,0
2022-01-13,0.7986026931471537,0.0019870829255809186,-20.725521790753508,1,0,1,-1,0,-1,0
2022-01-14,0.7980390808958231,-0.0007057479973046066,-20.781469594987044,1,0,1,-1,0,-1,0
2022-01-17,0.7966211536700686,-0.0017767641456390981,-20.922222239480895,1,0,1,-1,0,-1,0
2022-01-18,0.7970530669367115,0.0005421815183454526,-20.879347729867316,1,0,1,-1,0,-1,0
2022-01-19,0.7971063657954528,6.686989982498948e-05,-20.87405693977592,1,0,1,-1,0,-1,0
2022-01-20,0.7976415703977131,0.0006714343596117556,-20.820929062868604,1,0,1,-1,0,-1,0
2022-01-21,0.7972761873898133,-0.0004580791942897511,-20.857199347888095,1,0,1,-1,0,-1,0
2022-01-24,0.796534256041717,-0.0009305826008992879,-20.930848261161394,1,0,1,-1,0,-1,0
2022-01-25,0.7959926404102382,-0.0006799652712618787,-20.984612538371945,1,0,1,-1,0,-1,0
2022-01-26,0.7954260441605838,-0.0007118109149380769,-21.04085655361519,-1,0,1,-1,0,1,-1
2022-01-27,0.7955595231940814,0.0001678082261418634,-21.027606559815776,-1,0,1,0,0,1,-1
2022-01-28,0.7977107114460501,0.0027039940937818308,-20.814065674381702,-1,0,1,0,0,1,-1
2022-01-31,0.7998576626413076,0.002691390706495267,-20.600945386652597,-1,0,1,0,0,1,-1
2022-02-01,0.7981714918749414,-0.002108088532649821,-20.768325623186232,-1,0,1,0,0,1,-1
2022-02-02,0.7965183822901688,-0.002071120807496385,-20.932423992600828,-1,0,1,0,0,1,-1
2022-02-03,0.7986936245011825,0.0027309378658147143,-20.716495355324035,-1,0,1,0,0,1,-1
2022-02-04,0.7950644202103266,-0.004543925454672887,-21.076753690214655,-1,0,1,0,0,1,-1
2022-02-07,0.7967700916803422,0.0021453248650774026,-20.90743768747365,-1,0,1,0,0,1,-1
2022-02-08,0.7955551799712247,-0.0015247958247972537,-21.0280376962603,-1,0,1,0,0,1,-1
2022-02-09,0.7935385473491529,-0.0025348746043546144,-21.228221717960103,-1,0,1,0,0,1,-1
2022-02-10,0.791820472687066,-0.002165080282269999,-21.398768941917893,-1,0,1,0,0,1,-1
2022-02-11,0.7915505745452704,-0.00034085774630152055,-21.42556078039288,-1,0,1,0,0,1,-1
2022-02-14,0.7936156471945371,0.0026088953955381577,-21.22056828770586,-1,0,1,0,0,1,-1
2022-02-15,0.7949518385495623,0.001683675668125606,-21.08792927538311,-1,0,1,0,0,1,-1
2022-02-16,0.7934236190651205,-0.0019224051198247771,-21.23963024416009,-1,0,1,0,0,1,-1
2022-02-17,0.7922130160715446,-0.0015257965158667064,-21.359802541921923,-1,0,1,0,0,1,-1
2022-02-18,0.7933902621620138,0.001486022151348937,-21.24294146651277,-1,0,1,0,0,1,-1
2022-02-21,0.7934753030811214,0.00010718674423329522,-21.234499753823176,-1,0,1,0,0,1,-1
2022-02-22,0.7946647705467573,0.0014990604761322968,-21.116425505521345,-1,0,1,0,0,1,-1
2022-02-23,0.7900312737040955,-0.005830756583651953,-21.576376426847027,1,0,1,0,1,-1,-1
2022-02-24,0.7893095276748767,-0.0009135664033082192,-21.648021614569146,1,0,0,0,1,-1,-1
2022-02-25,0.7885118436346038,-0.001010609922095812,-21.727204901341292,1,0,0,0,1,-1,-1
2022-02-28,0.7891024725697786,0.0007490425666307476,-21.66857524600323,1,0,0,0,1,-1,-1
2022-03-01,0.7887975729262013,-0.0003863878953316857,-21.698841560352257,1,0,0,0,1,-1,-1
2022-03-02,0.7871220712009519,-0.0021241212989967784,-21.86516271873003,1,0,0,0,1,-1,-1
2022-03-03,0.7896185132663172,0.003171607247089814,-21.61734970255857,1,0,0,0,1,-1,-1
2022-03-04,0.7892669407408807,-0.0004452435189014614,-21.652249069597833,1,0,0,0,1,-1,-1
2022-03-07,0.7859982740067721,-0.004141395724797714,-21.976718110348525,1,0,0,0,1,-1,-1
2022-03-08,0.7845040314212296,-0.001901076166395843,-22.125046311972927,1,0,0,0,1,-1,-1
2022-03-09,0.7842525689057457,-0.00032053693214087464,-22.1500081107187,1,0,0,0,1,-1,-1
2022-03-10,0.7862001160004932,0.002483316181501244,-21.956681966130308,1,0,0,0,1,-1,-1
2022-03-11,0.7857123648802569,-0.0006203905472790816,-22.005099302916808,1,0,0,0,1,-1,-1
2022-03-14,0.7870854186930272,0.0017475273066111519,-21.86880108417223,1,0,0,0,1,-1,-1
2022-03-15,0.7868543501707722,-0.00029357489894632494,-21.891738442998502,1,0,0,0,1,-1,-1
2022-03-16,0.7869061850949024,6.58761359315918e-05,-21.886592972542793,1,0,0,0,1,-1,-1
2022-03-17,0.7899724817584705,0.003896648319263424,-21.58221249633731,1,0,0,0,1,-1,-1
2022-03-18,0.7903386404795779,0.0004635081975163935,-21.54586520899826,1,0,0,0,1,-1,-1
2022-03-21,0.7922257496142547,0.0023877222218714744,-21.358538527960082,1,0,0,0,1,-1,-1
2022-03-22,0.793051682387998,0.0010425472463439778,-21.276551088853935,1,0,0,0,1,-1,-1
2022-03-23,0.7967272348388555,0.0046346947273220584,-20.91169193526883,1,0,0,-1,1,-1,1
2022-03-24,0.7971214904054005,0.000494843842792192,-20.87255557298614,1,0,0,-1,0,-1,1
2022-03-25,0.7991395481047997,0.002531681460968882,-20.672230088876425,1,0,0,-1,0,-1,1
2022-03-28,0.7993935675028435,0.0003178661332005339,-20.647014477399342,1,0,0,-1,0,-1,1
2022-03-29,0.7994971753292076,0.00012960803110739771,-20.636729693183252,1,0,0,-1,0,-1,1
2022-03-30,0.7982814146540628,-0.0015206566235136942,-20.757413975839018,1,0,0,-1,0,-1,1
2022-03-31,0.7956907264101621,-0.003245332029962522,-21.01458247840029,1,0,0,-1,0,-1,1
2022-04-01,0.7955120598545584,-0.0002245427144912937,-21.032318078455823,1,0,0,-1,0,-1,1
2022-04-04,0.796448901780478,0.001177658986201785,-20.939321078221393,1,0,0,-1,0,-1,1
2022-04-05,0.8007617833413613,0.005415139064466917,-20.51119650732879,1,0,0,-1,0,-1,1
2022-04-06,0.8044848933380654,0.0046494601442748085,-20.14161648357352,1,0,0,-1,0,-1,1
2022-04-07,0.8015609900199169,-0.003634503695919361,-20.43186207361412,1,0,0,-1,0,-1,1
2022-04-08,0.801295707159787,-0.0003309577978878875,-20.458195769324277,1,0,0,-1,0,-1,1
2022-04-11,0.7990936696919029,-0.0027480959253974313,-20.67678427742935,1,0,0,-1,0,-1,1
2022-04-12,0.7996007942952392,0.0006346247287029039,-20.626443803171576,1,0,0,-1,0,-1,1
2022-04-13,0.8026683296114466,0.003836333503033973,-20.321940370278735,1,0,0,-1,0,-1,1
2022-04-14,0.799575503579586,-0.0038531805949760523,-20.62895432348932,1,0,0,-1,0,-1,1
2022-04-15,0.8006135703932892,0.00129827240711608,-20.525909084963565,1,0,0,-1,0,-1,1
2022-04-18,0.8002932786838634,-0.00040005780724963746,-20.557703315508196,1,0,0,-1,0,-1,1
2022-04-19,0.7999746486405948,-0.0003981415960316592,-20.58933259830258,1,0,0,-1,0,-1,1
2022-04-20,0.8044896338173109,0.005643910321893875,-20.14114591288565,1,0,0,-1,0,-1,1
2022-04-21,0.8039251502632345,-0.0007016666596408871,-20.19718020827571,1,0,0,-1,0,-1,1
2022-04-22,0.8007502576466894,-0.00394923907468947,-20.512340622467587,1,0,0,-1,0,-1,1
2022-04-25,0.7951668132647456,-0.006972766263420138,-21.066589492133474,1,0,0,-1,0,-1,1
2022-04-26,0.7938075695850199,-0.001709381801467652,-21.20151682758339,1,0,0,-1,0,-1,1
2022-04-27,0.7921820251139151,-0.002047781519587455,-21.36287890519538,1,0,0,-1,0,-1,1
2022-04-28,0.7939999154114895,0.002294788621734989,-21.182423334461024,1,0,0,-1,0,-1,1
2022-04-29,0.7966648352330441,0.003356322550958385,-20.91788612448659,1,0,0,-1,0,-1,1
2022-05-02,0.7924882780399515,-0.005242552461689753,-21.33247825526029,1,0,0,-1,0,-1,1
2022-05-03,0.7922875928795848,-0.0002532342318842251,-21.352399564703546,1,0,0,-1,0,-1,1
2022-05-04,0.7931941475699584,0.0011442242671990677,-21.262409071728502,1,0,0,-1,0,-1,1
2022-05-05,0.7978139074238018,0.005824248537380783,-20.80382177292763,1,0,0,-1,0,-1,1
2022-05-06,0.7937585879915459,-0.005083039283372337,-21.20637905794879,1,0,0,-1,0,-1,1
2022-05-09,0.791206507994857,-0.0032151841067274145,-21.459715055713176,1,0,0,-1,0,-1,1
2022-05-10,0.7854645585811398,-0.007257207006889893,-22.02969816193399,1,0,0,-1,0,-1,1
2022-05-11,0.7843880594014044,-0.001370525465439143,-22.13655844615104,1,0,0,-1,0,-1,1
2022-05-12,0.7835883649223404,-0.0010195138356317301,-22.215941302105087,1,0,0,-1,0,-1,1
2022-05-13,0.7814207089705574,-0.0027663197270646755,-22.431116878132233,1,0,0,-1,0,-1,1
2022-05-16,0.7857145705082998,0.005494942082350379,-22.004880357984955,1,0,0,-1,0,-1,1
2022-05-17,0.7856714828284815,-5.483884534618344e-05,-22.009157520288756,1,0,0,-1,0,-1,1
2022-05-18,0.7876027837461252,0.002458153261068907,-21.81744407651374,1,1,0,-1,-1,-1,1
2022-05-19,0.7849498839751635,-0.003368321983758841,-22.080788098377273,1,1,0,0,-1,-1,0
2022-05-20,0.7862904759811169,0.001707869551065222,-21.94771224892749,1,1,0,0,-1,-1,0
2022-05-23,0.7864522459974111,0.000205738236994768,-21.931653908852162,1,1,0,0,-1,-1,0
2022-05-24,0.7864753682287183,2.940068061957346e-05,-21.929358646342234,1,1,0,0,-1,-1,0
2022-05-25,0.7850427711255693,-0.0018215409674881833,-22.071567517926002,1,1,0,0,-1,-1,0
2022-05-26,0.7846111590428527,-0.0005497943533672167,-22.114412130071408,1,1,0,0,-1,-1,0
2022-05-27,0.7849439515241533,0.0004241495643607651,-22.081376991906396,1,1,0,0,-1,-1,0
2022-05-30,0.7876729695218939,0.0034767042824415673,-21.810476981612208,1,1,0,0,-1,-1,0
2022-05-31,0.7901069413311314,0.0030900791361607727,-21.568865167866726,1,1,0,0,-1,-1,0
2022-06-01,0.7920705931948677,0.0024852988386964148,-21.373940359550765,1,1,0,0,-1,-1,0
2022-06-02,0.7954950272972038,0.004323395075839731,-21.034008840468577,1,1,0,0,-1,-1,0
2022-06-03,0.7978074706958126,0.002906923763515812,-20.804460724257364,1,1,0,0,-1,-1,0
2022-06-06,0.7983925207077313,0.0007333223031973368,-20.746384868992727,1,1,0,0,-1,-1,0
2022-06-07,0.7997384248840635,0.0016857675158822027,-20.612781699088654,1,1,0,0,-1,-1,0
2022-06-08,0.8013110665337614,0.0019664450284800905,-20.456671098335956,1,1,0,0,-1,-1,0
2022-06-09,0.8032264532041763,0.002390316008863136,-20.266537405864035,1,1,0,0,-1,-1,0
2022-06-10,0.7991165490420492,-0.0051167440336808145,-20.674513124877294,1,1,0,0,-1,-1,0
2022-06-13,0.7994600624820053,0.0004298665074173591,-20.64041375488511,1,1,0,0,-1,-1,0
2022-06-14,0.7970856521345825,-0.0029700174641009436,-20.876113111976927,1,1,0,0,-1,-1,0
2022-06-15,0.7985011697616777,0.0017758663994320578,-20.735599659860018,1,1,0,1,-1,-1,-1
2022-06-16,0.7975235037331941,-0.0012243764511645772,-20.832649125052168,0,1,0,1,0,-1,-1
2022-06-17,0.7933054969116516,-0.005288880894165626,-21.251355814536385,0,1,0,1,0,-1,-1
2022-06-20,0.7968314889709835,0.004444683760617546,-20.9013429945546,0,1,0,1,0,-1,-1
2022-06-21,0.7970248150408187,0.00024261851158108305,-20.882152196123872,0,1,0,1,0,-1,-1
2022-06-22,0.8003632795435923,0.004188658169448106,-20.55075457657101,0,1,0,1,0,-1,-1
2022-06-23,0.8015907586582711,0.0015336524626400616,-20.42890704567246,0,1,0,1,0,-1,-1
2022-06-24,0.7981517314986626,-0.004290253003122024,-20.77028716618147,0,1,0,1,0,-1,-1
2022-06-27,0.7998529351065825,0.002131428825851961,-20.601414672383495,0,1,0,1,0,-1,-1
2022-06-28,0.8017589470080821,0.002382952937774352,-20.41221158022193,0,1,0,1,0,-1,-1
2022-06-29,0.8033272516900286,0.0019560800509913767,-20.256531494991467,0,1,0,1,0,-1,-1
2022-06-30,0.8028813379366321,-0.0005550835633404694,-20.300795783642346,0,1,0,1,0,-1,-1
2022-07-01,0.8019515366149755,-0.0011580806250225395,-20.393093887875022,0,1,0,1,0,-1,-1
2022-07-04,0.8008323437854966,-0.0013955866138782025,-20.504192220417362,0,1,0,1,0,-1,-1
2022-07-05,0.8022165352472564,0.0017284410057877009,-20.366788406462923,0,1,0,1,0,-1,-1
2022-07-06,0.7972459288293599,-0.006196090705565593,-20.86020300867198,0,1,0,1,0,-1,-1
2022-07-07,0.7968785211313417,-0.00046084612631089317,-20.896674277552467,0,1,0,1,0,-1,-1
2022-07-08,0.7967416415575356,-0.0001717696865662921,-20.91026183101816,0,1,0,1,0,-1,-1
2022-07-11,0.79730257441297,0.0007040335614163784,-20.854580000983567,0,1,0,1,0,-1,-1
2022-07-12,0.7978763132154447,0.0007195998368587364,-20.79762696966415,0,1,0,1,0,-1,-1
2022-07-13,0.7960363097179103,-0.0023061262341768085,-20.98027763991847,-1,1,1,1,0,-1,-1
2022-07-14,0.7979614012834476,0.002418346427212059,-20.789180576669683,-1,1,1,0,0,0,-1
2022-07-15,0.7945065160081206,-0.004329639591301199,-21.132134876504345,-1,1,1,0,0,0,-1
2022-07-18,0.79383338496461,-0.0008472316210730857,-21.19895422572349,-1,1,1,0,0,0,-1
2022-07-19,0.795180358401667,0.0016967961571899282,-21.06524491407115,-1,1,1,0,0,0,-1
2022-07-20,0.7935109959625934,-0.0020993506962735387,-21.230956647120973,-1,1,1,0,0,0,-1
2022-07-21,0.7933508984701421,-0.0002017583792360833,-21.246848961641824,-1,1,1,0,0,0,-1
2022-07-22,0.7928887470529846,-0.0005825309053644201,-21.292725106016494,-1,1,1,0,0,0,-1
2022-07-25,0.7936741137042522,0.0009905130501431103,-21.214764523092803,-1,1,1,0,0,0,-1
2022-07-26,0.792433362781231,-0.0015633002281382202,-21.33792949968777,-1,1,1,0,0,0,-1
2022-07-27,0.7931517913699253,0.0009066107289739112,-21.26661362260889,-1,1,1,0,0,0,-1
2022-07-28,0.7929061504044228,-0.0003097023396723686,-21.29099753658029,-1,1,1,0,0,0,-1
2022-07-29,0.7925565027576368,-0.0004409697750579755,-21.32570582769163,-1,1,1,0,0,0,-1
2022-08-01,0.7940639185398903,0.0019019663292253464,-21.176069969200338,-1,1,1,0,0,0,-1
2022-08-02,0.7910935721303795,-0.0037406893074461156,-21.470925801437424,-1,1,1,0,0,0,-1
2022-08-03,0.7958901905424401,0.006063275674385277,-20.994782376117282,-1,1,1,0,0,0,-1
2022-08-04,0.7929798023088606,-0.0036567710824479405,-21.2836863712868,-1,1,1,0,0,0,-1
2022-08-05,0.7926843616652769,-0.0003725702000523523,-21.313013724002836,-1,1,1,0,0,0,-1
2022-08-08,0.7932873956499795,0.0007607491882843653,-21.253152663064824,-1,1,1,0,0,0,-1
2022-08-09,0.7921387224552834,-0.0014479912336878287,-21.36717740768925,-1,1,1,0,0,0,-1
2022-08-10,0.792825119240278,0.0008665108339448446,-21.29904121500936,-1,1,1,0,-1,-1,-1
2022-08-11,0.7869477017212895,-0.0074132584555601415,-21.88247176318289,0,1,1,0,-1,-1,0
2022-08-12,0.787837364257961,0.001130523076343648,-21.79415809484424,0,1,1,0,-1,-1,0
2022-08-15,0.7890167760474691,0.0014970244405948796,-21.67708203811491,0,1,1,0,-1,-1,0
2022-08-16,0.7871932842703038,-0.0023110937973968293,-21.858093648010644,0,1,1,0,-1,-1,0
2022-08-17,0.7883063540873382,0.0014139727043863126,-21.74760312536022,0,1,1,0,-1,-1,0
2022-08-18,0.7886919686635051,0.0004891684231231597,-21.709324523775443,0,1,1,0,-1,-1,0
2022-08-19,0.7902391862747994,0.0019617514476736875,-21.555737677820602,0,1,1,0,-1,-1,0
2022-08-22,0.7926698077857103,0.003075804836215279,-21.3144584363967,0,1,1,0,-1,-1,0
2022-08-23,0.7923857725357214,-0.00035832732267473966,-21.34265361583839,0,1,1,0,-1,-1,0
2022-08-24,0.7914736498951426,-0.0011511093108852455,-21.43319681963072,0,1,1,0,-1,-1,0
2022-08-25,0.7920484577125444,0.0007262501000229737,-21.3761376709625,0,1,1,0,-1,-1,0
2022-08-26,0.7918337249315666,-0.0002711106610800429,-21.397453438255187,0,1,1,0,-1,-1,0
2022-08-29,0.792512722269794,0.0008574998978302939,-21.33005176260929,0,1,1,0,-1,-1,0
2022-08-30,0.7947741653414467,0.002853510118015462,-21.105566269330147,0,1,1,0,-1,-1,0
2022-08-31,0.7933090552374662,-0.0018434294518760164,-21.25100259205834,0,1,1,0,-1,-1,0
2022-09-01,0.7933277833191286,2.3607548078258267e-05,-21.249143521315926,0,1,1,0,-1,-1,0
2022-09-02,0.7947806774777554,0.0018313920036284737,-21.104919832481983,0,1,1,0,-1,-1,0
2022-09-05,0.7962524553340927,0.0018518037718380231,-20.958821625448305,0,1,1,0,-1,-1,0
2022-09-06,0.7957932145533517,-0.0005767527342170897,-21.004408841191566,0,1,1,0,-1,-1,0
2022-09-07,0.7989020171492447,0.0039065457445974505,-20.69580895070816,0,1,1,-1,-1,-1,0
2022-09-08,0.7998240034562418,0.0011540668157117074,-20.604286615471302,0,1,1,-1,0,-1,0
2022-09-09,0.8015855412542843,0.002202406767526921,-20.4294249590006,0,1,1,-1,0,-1,0
2022-09-12,0.8013379723316668,-0.0003088490371597197,-20.454000254488246,0,1,1,-1,0,-1,0
2022-09-13,0.8023280914709253,0.0012355824551500416,-20.355714612825324,0,1,1,-1,0,-1,0
2022-09-14,0.8034190693691446,0.0013597653002765664,-20.247417077190516,0,1,1,-1,0,-1,0
2022-09-15,0.8010031474424083,-0.0030070507644700817,-20.487237142637017,0,1,1,-1,0,-1,0
2022-09-16,0.8002464884668303,-0.0009446392039707541,-20.562348015648098,0,1,1,-1,0,-1,0
2022-09-19,0.7982621035701163,-0.0024797170938117286,-20.75933091916597,0,1,1,-1,0,-1,0
2022-09-20,0.7987970019662212,0.0006700786542572779,-20.706233438265834,0,1,1,-1,0,-1,0
2022-09-21,0.7987883453070216,-1.0837120292456204e-05,-20.70709275435251,0,1,1,-1,0,-1,0
2022-09-22,0.7999927676669037,0.001507811633655376,-20.58753398634117,0,1,1,-1,0,-1,0
2022-09-23,0.7954325722938527,-0.00570029574936079,-21.040208528805096,0,1,1,-1,0,-1,0
2022-09-26,0.7972375745852246,0.002269208420981189,-20.861032305079743,0,1,1,-1,0,-1,0
2022-09-27,0.7960678668010805,-0.0014672010219194676,-20.977145079355385,0,1,1,-1,0,-1,0
2022-09-28,0.7969059657683292,0.0010527983884294767,-20.893949945045836,0,1,1,-1,0,-1,0
2022-09-29,0.7983924871124143,0.00186536606317389,-20.746388203881583,0,1,1,-1,0,-1,0
2022-09-30,0.7958129920360028,-0.0032308609087002838,-21.002445600106974,0,1,1,-1,0,-1,0
2022-10-03,0.7932965614034146,-0.003162087899759136,-21.252242810985432,0,1,1,-1,0,-1,0
2022-10-04,0.7930275381282855,-0.0003391206872916386,-21.278947804526037,0,1,1,-1,0,-1,0
2022-10-05,0.7935590097996104,0.0006701806000069532,-21.2261904825325,0,1,1,1,0,-1,-1
2022-10-06,0.7905462402039478,-0.0037965287501723786,-21.525257515126167,0,0,1,1,0,-1,-1
2022-10-07,0.7911372831787097,0.0007476387144784713,-21.466586759535748,0,0,1,1,0,-1,-1
2022-10-10,0.7916180219247201,0.000607655278334146,-21.418865516454588,0,0,1,1,0,-1,-1
2022-10-11,0.7916056265008745,-1.5658339631297036e-05,-21.420095966546945,0,0,1,1,0,-1,-1
2022-10-12,0.791607865298095,2.828172445373811e-06,-21.419873729027596,0,0,1,1,0,-1,-1
2022-10-13,0.792036614980169,0.0005416187747358803,-21.37731325731813,0,0,1,1,0,-1,-1
2022-10-14,0.7918953526802669,-0.00017835324432013966,-21.391335868575855,0,0,1,1,0,-1,-1
2022-10-17,0.7952056998489401,0.0041802836163502,-21.062729357804088,0,0,1,1,0,-1,-1
2022-10-18,0.7965975434837715,0.0017502938360425546,-20.92456593956503,0,0,1,1,0,-1,-1
2022-10-19,0.7962919125995602,-0.00038367038250541885,-20.954904841597784,0,0,1,1,0,-1,-1
2022-10-20,0.7940560261336254,-0.0028078728799789954,-21.17685342058842,0,0,1,1,0,-1,-1
2022-10-21,0.7947480879985276,0.0008715529410083245,-21.10815487536759,0,0,1,1,0,-1,-1
2022-10-24,0.7910879530083892,-0.004605402699811412,-21.47148359189768,0,0,1,1,0,-1,-1
2022-10-25,0.7947598339318153,0.004641558387360634,-21.10698889791666,0,0,1,1,0,-1,-1
2022-10-26,0.7947083762945426,-6.474614729601313e-05,-21.1120969164341,0,0,1,1,0,-1,-1
2022-10-27,0.7933549896393811,-0.0017029978486849395,-21.246442845672675,0,0,1,1,0,-1,-1
2022-10-28,0.7904246984362667,-0.003693543547821365,-21.53732253856802,0,0,1,1,0,-1,-1
2022-10-31,0.7919281593054232,0.001902092472731154,-21.388079270378295,0,0,1,1,0,-1,-1
2022-11-01,0.7900101067802566,-0.0024220031863101954,-21.578477592867408,0,0,1,1,0,-1,-1
2022-11-02,0.788313347324311,-0.002147769302421776,-21.746908931342627,-1,0,1,1,0,-1,-1
2022-11-03,0.7890765574519049,0.0009681557849859912,-21.67114774853146,-1,0,1,1,0,-1,0
2022-11-04,0.7880223490454473,-0.0013360026939106262,-21.775795306150357,-1,0,1,1,0,-1,0
2022-11-07,0.7881333569735277,0.00014086900988891093,-21.764775939885784,-1,0,1,1,0,-1,0
2022-11-08,0.7901047017179492,0.002501283224442541,-21.56908748638371,-1,0,1,1,0,-1,0
2022-11-09,0.7893642443881619,-0.0009371635533585998,-21.642590079048134,-1,0,1,1,0,-1,0
2022-11-10,0.791862387422756,0.0031647532205243967,-21.394608213648855,-1,0,1,1,0,-1,0
2022-11-11,0.7875236438711837,-0.005479163577516877,-21.82530001332108,-1,0,1,1,0,-1,0
2022-11-14,0.7886912606228479,0.0014826434237892872,-21.70939480847913,-1,0,1,1,0,-1,0
2022-11-15,0.7896864938503391,0.001261879365450691,-21.61060150927931,-1,0,1,1,0,-1,0
2022-11-16,0.7865623417983897,-0.003956192838903361,-21.92072508623424,-1,0,1,1,0,-1,0
2022-11-17,0.7883368630494724,0.0022560465417469644,-21.74457460808292,-1,0,1,1,0,-1,0
2022-11-18,0.7889895924088536,0.0008279827951420959,-21.679780462231893,-1,0,1,1,0,-1,0
2022-11-21,0.7882545687329456,-0.0009316012314736499,-21.752743675202563,-1,0,1,1,0,-1,0
2022-11-22,0.7903298877823308,0.0026328030711208206,-21.54673405844385,-1,0,1,1,0,-1,0
2022-11-23,0.7905393990858698,0.00026509348409803346,-21.525936608836542,-1,0,1,1,0,-1,0
2022-11-24,0.7892899313242031,-0.001580525604557459,-21.649966875319937,-1,0,1,1,0,-1,0
2022-11-25,0.7869699054359981,-0.002939383610674834,-21.880267678582452,-1,0,1,1,0,-1,0
2022-11-28,0.7876345202652233,0.0008445238180446735,-21.81429370397773,-1,0,1,1,0,-1,0
2022-11-29,0.7881412732381899,0.0006433859358983274,-21.763990120158592,-1,0,1,1,0,-1,0
2022-11-30,0.7856868676666242,-0.0031141695720127704,-22.00763032156208,-1,-1,1,1,1,-1,0
2022-12-01,0.7845852589235518,-0.001402096418314865,-22.116983143744108,-1,-1,0,1,1,0,0
2022-12-02,0.789490064859781,0.006251463280050107,-21.630100323727696,-1,-1,0,1,1,0,0
2022-12-05,0.7904642120664458,0.0012338941932572567,-21.53340015959099,-1,-1,0,1,1,0,0
2022-12-06,0.7930399898226173,0.0032585634072385405,-21.277711768660595,-1,-1,0,1,1,0,0
2022-12-07,0.7927037055170892,-0.0004240445751080846,-21.311093527925188,-1,-1,0,1,1,0,0
2022-12-08,0.7939986326555701,0.001633557569453048,-21.18255066912575,-1,-1,0,1,1,0,0
2022-12-09,0.7930489567283957,-0.0011960674592072507,-21.276821655488128,-1,-1,0,1,1,0,0
2022-12-12,0.79308960858663,5.1260212738879485e-05,-21.2727862886187,-1,-1,0,1,1,0,0
2022-12-13,0.7944085046405079,0.001662984913178206,-21.141864119960122,-1,-1,0,1,1,0,0
2022-12-14,0.7937034198302336,-0.00088755949383168,-21.211855407126322,-1,-1,0,1,1,0,0
2022-12-15,0.795113628169296,0.0017767446930793684,-21.071868989343358,-1,-1,0,1,1,0,0
2022-12-16,0.7967361994732466,0.0020406785224980906,-20.910802047568996,-1,-1,0,1,1,0,0
2022-12-19,0.7962142752736786,-0.000655077803560361,-20.96261162564903,-1,-1,0,1,1,0,0
2022-12-20,0.7953861097827796,-0.0010401289158177007,-21.04482069872791,-1,-1,0,1,1,0,0
2022-12-21,0.7961400314714246,0.0009478688141172087,-20.969981546555204,-1,-1,0,1,1,0,0
2022-12-22,0.793349720708204,-0.003504798971185663,-21.24696587392361,-1,-1,0,1,1,0,0
2022-12-23,0.7941049247611114,0.0009519182186554787,-21.1719994259646,-1,-1,0,1,1,0,0
2022-12-26,0.7939298249635788,-0.0002204995738884774,-21.18938096650166,-1,-1,0,1,1,0,0
2022-12-27,0.7923861737899224,-0.001944316896933862,-21.3426137847463,-1,-1,0,1,1,0,0
2022-12-28,0.7913596501767522,-0.0012954840040436122,-21.444513170388042,-1,-1,0,1,1,1,1
2022-12-29,0.7920683001039757,0.0008954840281092021,-21.374167986611774,-1,-1,0,0,0,1,1
2022-12-30,0.7933486466248244,0.001616459743030485,-21.24707249439985,-1,-1,0,0,0,1,1
2023-01-02,0.7953668946974611,0.0025439610708646865,-21.046728112608974,-1,-1,0,0,0,1,1
2023-01-03,0.7948975430725608,-0.0005901070663480446,-21.093318996261033,-1,-1,0,0,0,1,1
2023-01-04,0.795658472552696,0.0009572673695705802,-21.017784205295037,-1,-1,0,0,0,1,1
2023-01-05,0.7895903472067514,-0.007626545251854522,-21.620145648145094,-1,-1,0,0,0,1,1
2023-01-06,0.7895241867027405,-8.379092303362201e-05,-21.626713168488475,-1,-1,0,0,0,1,1
2023-01-09,0.7898790687944831,0.0004494885625032641,-21.59148527245192,-1,-1,0,0,0,1,1
2023-01-10,0.7893396958025611,-0.0006828551524288295,-21.645026930727916,-1,-1,0,0,0,1,1
2023-01-11,0.789853805084256,0.000651315630556204,-21.593993112036074,-1,-1,0,0,0,1,1
2023-01-12,0.7895202242123319,-0.0004223324237685455,-21.627106510963078,-1,-1,0,0,0,1,1
2023-01-13,0.7918963252917929,0.003009550618961576,-21.391239320853334,-1,-1,0,0,0,1,1
2023-01-16,0.7937207243290287,0.0023038357155699962,-21.21013765044402,-1,-1,0,0,0,1,1
2023-01-17,0.7936399462565372,-0.00010177140399084128,-21.218156205355573,-1,-1,0,0,0,1,1
2023-01-18,0.7942942948656747,0.0008244905164161431,-21.153201322281117,-1,-1,0,0,0,1,1
2023-01-19,0.7971034914982927,0.003536720143625244,-20.874342261137265,-1,-1,0,0,0,1,1
2023-01-20,0.7962073102522034,-0.0011242972282116959,-20.96330301881349,-1,-1,0,0,0,1,1
2023-01-23,0.7942463154120434,-0.00246291991408476,-21.157964073751938,-1,-1,0,0,0,1,1
2023-01-24,0.7910532981267576,-0.004020185203666121,-21.474923660009544,-1,-1,0,0,0,1,1
2023-01-25,0.7912695772828451,0.0002734065537678132,-21.45345438950308,-1,-1,0,0,-1,1,1
2023-01-26,0.7898874307475092,-0.001746745451887688,-21.590655210809697,0,-1,0,0,-1,1,1
2023-01-27,0.7882425643054404,-0.0020824061480661793,-21.753935312464552,0,-1,0,0,-1,1,1
2023-01-30,0.7882467028900713,5.250394762096322e-06,-21.753524489736364,0,-1,0,0,-1,1,1
2023-01-31,0.788524031520439,0.0003518297372521739,-21.72599505281667,0,-1,0,0,-1,1,1
2023-02-01,0.7877086445025174,-0.0010340674289270602,-21.806935651864237,0,-1,0,0,-1,1,1
2023-02-02,0.7906207919576226,0.00369698552304748,-21.517857024966457,0,-1,0,0,-1,1,1
2023-02-03,0.7925233177993831,0.0024063696036248083,-21.328999981684007,0,-1,0,0,-1,1,1
2023-02-06,0.7871652154028335,-0.006760813563729123,-21.86087994567997,0,-1,0,0,-1,1,1
2023-02-07,0.7865713276008273,-0.0007544639808585996,-21.919833097256937,0,-1,0,0,-1,1,1
2023-02-08,0.7881522750171448,0.0020099225090491335,-21.762898012288804,0,-1,0,0,-1,1,1
2023-02-09,0.7879333721636839,-0.00027774182781634127,-21.78462772799793,0,-1,0,0,-1,1,1
2023-02-10,0.7874525218949388,-0.0006102676771066184,-21.832360041548394,0,-1,0,0,-1,1,1
2023-02-13,0.786634458181397,-0.001038873698154169,-21.91356634674801,0,-1,0,0,-1,1,1
2023-02-14,0.7850080005032226,-0.0020676156011961433,-22.075019075211245,0,-1,0,0,-1,1,1
2023-02-15,0.7829953731764369,-0.0025638303373923255,-22.274805505346926,0,-1,0,0,-1,1,1
2023-02-16,0.7828356236851052,-0.0002040235444606131,-22.290663275021615,0,-1,0,0,-1,1,1
2023-02-17,0.7837586387341089,0.0011790662318848233,-22.199038820187013,0,-1,0,0,-1,1,1
2023-02-20,0.7823701468676876,-0.0017715809406118888,-22.33686952017446,0,-1,0,0,-1,1,1
2023-02-21,0.7824276466005731,7.349428287328763e-05,-22.33116172409415,0,-1,0,0,-1,1,1
2023-02-22,0.7802470615393925,-0.0027869478675179304,-22.547620727299787,0,-1,1,1,-1,1,-1
2023-02-23,0.7797781871672935,-0.0006009306477538686,-22.594164235746213,0,-1,1,1,0,0,-1
2023-02-24,0.7788798620670642,-0.0011520264544623293,-22.683337806276395,0,-1,1,1,0,0,-1
2023-02-27,0.7795319356153614,0.0008371940013530699,-22.618608760483173,0,-1,1,1,0,0,-1
2023-02-28,0.7812585455656936,0.00221493164224143,-22.447214268506094,0,-1,1,1,0,0,-1
2023-03-01,0.7796349975496464,-0.002078118729404388,-22.608378165052194,0,-1,1,1,0,0,-1
2023-03-02,0.7788150273778661,-0.0010517359717783226,-22.689773717650272,0,-1,1,1,0,0,-1
2023-03-03,0.7782410731848515,-0.0007369582928401508,-22.746748130030397,0,-1,1,1,0,0,-1
2023-03-06,0.7802632392908984,0.0025983800851983596,-22.54601481885466,0,-1,1,1,0,0,-1
2023-03-07,0.783225243767454,0.0037961604845658803,-22.251987060937832,0,-1,1,1,0,0,-1
2023-03-08,0.782938474352294,-0.0003661391374218115,-22.28045365133159,0,-1,1,1,0,0,-1
2023-03-09,0.7838152763448365,0.001119886199573733,-22.193416603938584,0,-1,1,1,0,0,-1
2023-03-10,0.7870337627260662,0.004106179706318741,-21.873928790179693,0,-1,1,1,0,0,-1
2023-03-13,0.7890864177947932,0.002608090231881688,-21.67016894700206,0,-1,1,1,0,0,-1
2023-03-14,0.7889392614936814,-0.00018648946147492573,-21.684776635012557,0,-1,1,1,0,0,-1
2023-03-15,0.7874316002004135,-0.0019109979270311994,-21.834436864518032,0,-1,1,1,0,0,-1
2023-03-16,0.7844638725362828,-0.0037688704179200117,-22.129032743119403,0,-1,1,1,0,0,-1
2023-03-17,0.7835372828199213,-0.0011811757670441292,-22.221012042599522,0,-1,1,1,0,0,-1
2023-03-20,0.7829079398926182,-0.0008032073790261718,-22.283484699660097,0,-1,1,1,0,0,-1
2023-03-21,0.7835282479958385,0.0007923129548352559,-22.22190889778298,0,-1,1,1,0,0,-1
2023-03-22,0.7882746838999982,0.006057772538897388,-21.7507469133761,0,-1,1,1,1,0,-1
2023-03-23,0.790322503801986,0.0025978506525874854,-21.547467040180535,0,-1,0,1,1,0,-1
2023-03-24,0.7892569976140448,-0.0013481916341941402,-21.653236088798305,0,-1,0,1,1,0,-1
2023-03-27,0.7889310277729945,-0.0004130084903088971,-21.685593967481854,0,-1,0,1,1,0,-1
2023-03-28,0.7894720650591599,0.0006857852804859621,-21.63188710057475,0,-1,0,1,1,0,-1
2023-03-29,0.7881128591629951,-0.0017216643328132886,-21.76681068538357,0,-1,0,1,1,0,-1
2023-03-30,0.7885006821667303,0.0004920906938976344,-21.728312860967915,0,-1,0,1,1,0,-1
2023-03-31,0.7886523537627144,0.0001923544258290999,-21.713256955529612,0,-1,0,1,1,0,-1
2023-04-03,0.7863420099439833,-0.0029294831971378443,-21.942596653837036,0,-1,0,1,1,0,-1
2023-04-04,0.7870490706541271,0.0008991770771527019,-21.872409226046102,0,-1,0,1,1,0,-1
2023-04-05,0.7887747010552151,0.0021925321627708216,-21.701111970474418,0,-1,0,1,1,0,-1
2023-04-06,0.787333516549422,-0.00182711806535521,-21.844173283290388,0,-1,0,1,1,0,-1
2023-04-07,0.7901181577177557,0.0035367999834907404,-21.567751756649017,0,-1,0,1,1,0,-1
2023-04-10,0.7897200263076989,-0.0005038884452507886,-21.607272860273884,0,-1,0,1,1,0,-1
2023-04-11,0.7891562385875576,-0.0007139083489843823,-21.6632380826786,0,-1,0,1,1,0,-1
2023-04-12,0.7910723546545503,0.0024280566677419013,-21.47303198557593,0,-1,0,1,1,0,-1
2023-04-13,0.7924741398010163,0.0017720062371263112,-21.333881708471754,0,-1,0,1,1,0,-1
2023-04-14,0.789777221368075,-0.003403162699565754,-21.601595307961112,0,-1,0,1,1,0,-1
2023-04-17,0.7901539811320415,0.0004770456196670214,-21.56419569241389,0,-1,0,1,1,0,-1
2023-04-18,0.7896576455691339,-0.0006281504298649709,-21.613465176606507,0,-1,0,1,1,0,-1
2023-04-19,0.7903065993907972,0.0008218166762579138,-21.549045815094566,-1,-1,1,1,1,0,-1
2023-04-20,0.792270136383917,0.0024845256190869636,-21.354132409580366,-1,0,1,1,0,0,-1
2023-04-21,0.7921351410114182,-0.0001703905856086374,-21.3675329250148,-1,0,1,1,0,0,-1
2023-04-24,0.7952672080959388,0.003953955483557342,-21.056623650638024,-1,0,1,1,0,0,-1
2023-04-25,0.7961587537287054,0.001121064245690695,-20.96812305397865,-1,0,1,1,0,0,-1
2023-04-26,0.796562411623359,0.0005070067907476383,-20.92805335568149,-1,0,1,1,0,0,-1
2023-04-27,0.7997379085832,0.003986501137267534,-20.612832950457957,-1,0,1,1,0,0,-1
2023-04-28,0.7972762309953608,-0.003078105416060961,-20.85719501931889,-1,0,1,1,0,0,-1
2023-05-01,0.7963963191948787,-0.0011036473511615574,-20.94454076639931,-1,0,1,1,0,0,-1
2023-05-02,0.7953275854750244,-0.0013419621538869608,-21.05063020074896,-1,0,1,1,0,0,-1
2023-05-03,0.7933891779701877,-0.0024372441497534925,-21.243049090418914,-1,0,1,1,0,0,-1
2023-05-04,0.7979166328897869,0.005706474256659433,-20.79362457752039,-1,0,1,1,0,0,-1
2023-05-05,0.7924347753338369,-0.006870213415775761,-21.337789280562873,-1,0,1,1,0,0,-1
2023-05-08,0.7892217824370479,-0.004054583414055096,-21.656731775458805,-1,0,1,1,0,0,-1
2023-05-09,0.7868904598409782,-0.0029539511553657583,-21.888153963145818,-1,0,1,1,0,0,-1
2023-05-10,0.7866746546509475,-0.00027425061179953136,-21.909576184710218,-1,0,1,1,0,0,-1
2023-05-11,0.7857725588885336,-0.001146720257326983,-21.999124055602458,-1,0,1,1,0,0,-1
2023-05-12,0.7882010521245636,0.003090580357584749,-21.7580560805343,-1,0,1,1,0,0,-1
2023-05-15,0.790812985060997,0.003313790218108681,-21.498778692128166,-1,0,1,1,0,0,-1
2023-05-16,0.7886498166632318,-0.0027353728866734706,-21.713508804464475,-1,0,1,1,0,0,-1
2023-05-17,0.7898239367656288,0.0014887724280019388,-21.596958034887543,-1,0,1,1,1,-1,-1
2023-05-18,0.7901180023445472,0.00037231788659471593,-21.5677671800005,-1,0,1,0,1,-1,0
2023-05-19,0.7898596030656129,-0.00032703884504298175,-21.593417566836088,-1,0,1,0,1,-1,0
2023-05-22,0.7898485447031608,-1.4000415275272626e-05,-21.59451529155047,-1,0,1,0,1,-1,0
2023-05-23,0.791132882051173,0.0016260552185925758,-21.46702364397402,-1,0,1,0,1,-1,0
2023-05-24,0.7911680673805365,4.4474613761752435e-05,-21.463530920183025,-1,0,1,0,1,-1,0
2023-05-25,0.7928637862029104,0.0021433104953138826,-21.295202881739357,-1,0,1,0,1,-1,0
2023-05-26,0.7942398153584669,0.0017355177263755905,-21.158609311189817,-1,0,1,0,1,-1,0
2023-05-29,0.7948932170669122,0.0008226755896773852,-21.09374842361391,-1,0,1,0,1,-1,0
2023-05-30,0.7945482244235124,-0.0004340113061635509,-21.127994628925055,-1,0,1,0,1,-1,0
2023-05-31,0.7946637243889016,0.0001453655824012745,-21.116529353929124,-1,0,1,0,1,-1,0
2023-06-01,0.7937298694899521,-0.001175157327922255,-21.209229842510798,-1,0,1,0,1,-1,0
2023-06-02,0.7932067646063317,-0.0006590464888974745,-21.261156622940618,-1,0,1,0,1,-1,0
2023-06-05,0.7921908291442731,-0.0012807952571645131,-21.36200496009257,-1,0,1,0,1,-1,0
2023-06-06,0.791496893172401,-0.0008759707211224432,-21.4308895413153,-1,0,1,0,1,-1,0
2023-06-07,0.7893964382862216,-0.0026537752760603106,-21.6393943041126,-1,0,1,0,1,-1,0
2023-06-08,0.7902787711317835,0.0011177309685833636,-21.551808228409364,-1,0,1,0,1,-1,0
2023-06-09,0.7913896357748761,0.0014056617533856897,-21.44153660561377,-1,0,1,0,1,-1,0
2023-06-12,0.7905086228766695,-0.0011132479607772472,-21.528991654789365,-1,0,1,0,1,-1,0
2023-06-13,0.7882562632035741,-0.00284925376892034,-21.752575471067935,-1,0,1,0,1,-1,0
2023-06-14,0.7908945681683587,0.0033470142743454445,-21.49068022423883,-1,1,1,0,1,-1,-1
2023-06-15,0.7906791544968861,-0.00027236711458459667,-21.512063581134147,0,1,0,0,1,-1,-1
2023-06-16,0.7932158029747608,0.0032081893944563844,-21.26025941592237,0,1,0,0,1,-1,-1
2023-06-19,0.7966097242958292,0.00427868596205519,-20.923356793229413,0,1,0,0,1,-1,-1
2023-06-20,0.7968743671154934,0.0003322113848133468,-20.897086632083287,0,1,0,0,1,-1,-1
2023-06-21,0.7965228942264914,-0.00044106436786806036,-20.931976108564427,0,1,0,0,1,-1,-1
2023-06-22,0.7967991765994714,0.0003468605547721215,-20.904550529932717,0,1,0,0,1,-1,-1
2023-06-23,0.7992881200236602,0.0031236772040992566,-20.657481877475085,0,1,0,0,1,-1,-1
2023-06-26,0.8005414837443305,0.0015681000245983678,-20.53306487285545,0,1,0,0,1,-1,-1
2023-06-27,0.7999061933708047,-0.0007935758313914743,-20.596127911967116,0,1,0,0,1,-1,-1
2023-06-28,0.800469478274756,0.0007041887018996162,-20.540212602355634,0,1,0,0,1,-1,-1
2023-06-29,0.8014521636188022,0.0012276362443753575,-20.442664887375937,0,1,0,0,1,-1,-1
2023-06-30,0.801826154049598,0.0004666409896594559,-20.405540173784313,0,1,0,0,1,-1,-1
2023-07-03,0.8003841538485645,-0.0017983950682459726,-20.548682457795486,0,1,0,0,1,-1,-1
2023-07-04,0.7998894317964979,-0.0006181057554523472,-20.5977917744466,0,1,0,0,1,-1,-1
2023-07-05,0.7990354459240419,-0.001067629897969713,-20.68256394591302,0,1,0,0,1,-1,-1
2023-07-06,0.7986863047003446,-0.0004369533610532883,-20.717221966186983,0,1,0,0,1,-1,-1
2023-07-07,0.7977885133647267,-0.0011240850510823852,-20.806342551783082,0,1,0,0,1,-1,-1
2023-07-10,0.796792429643181,-0.0012485561083659391,-20.905220276533893,0,1,0,0,1,-1,-1
2023-07-11,0.7959467497392688,-0.001061355344817716,-20.98916794374058,0,1,0,0,1,-1,-1
2023-07-12,0.7962745658883558,0.00041185688514258634,-20.95662678855737,-1,1,1,0,1,-1,-1
2023-07-13,0.7932649929586199,-0.003779566821123274,-21.255376499376997,-1,0,1,0,1,-1,0
2023-07-14,0.7938692173011122,0.0007616929372348813,-21.19539727581135,-1,0,1,0,1,-1,0
2023-07-17,0.794982703985276,0.0014026072051885607,-21.084865372228386,-1,0,1,0,1,-1,0
2023-07-18,0.7959208199000923,0.0011800456917031021,-20.991741907600712,-1,0,1,0,1,-1,0
2023-07-19,0.7962898197120551,0.0004636137197782664,-20.955112595173297,-1,0,1,0,1,-1,0
2023-07-20,0.7968884549390896,0.0007517805856803172,-20.89568818342506,-1,0,1,0,1,-1,0
2023-07-21,0.7940765273048722,-0.0035286339220866603,-21.174818341484354,-1,0,1,0,1,-1,0
2023-07-24,0.7979659534731999,0.0048980495387876966,-20.788728696817014,-1,0,1,0,1,-1,0
2023-07-25,0.7959597962687859,-0.002514088722309682,-20.987872860680152,-1,0,1,0,1,-1,0
2023-07-26,0.7959824656188395,2.8480521453211338e-05,-20.985622554098093,-1,0,1,0,1,-1,0
2023-07-27,0.7972227234257004,0.001558147145737404,-20.862506527408545,-1,0,1,0,1,-1,0
2023-07-28,0.7927502124272603,-0.005610114798561688,-21.30647695066021,-1,0,1,0,1,-1,0
2023-07-31,0.7976358828457086,0.006162938012327174,-20.82149364613549,-1,0,1,0,1,-1,0
2023-08-01,0.797423376200006,-0.0002664206190730045,-20.842588432815564,-1,0,1,0,1,-1,0
2023-08-02,0.8005089569380263,0.003869438531792252,-20.53629369442056,-1,0,1,0,1,-1,0
2023-08-03,0.8009236311655941,0.000518013226427777,-20.495130443533295,-1,0,1,0,1,-1,0
2023-08-04,0.8000243915989981,-0.0011227531959411285,-20.584394789920708,-1,0,1,0,1,-1,0
2023-08-07,0.7991385174520633,-0.0011073089223744281,-20.672332398145592,-1,0,1,0,1,-1,0
2023-08-08,0.8009466287116291,0.002262575536129491,-20.492847558091427,-1,0,1,0,1,-1,0
2023-08-09,0.8019532306254452,0.0012567652796482143,-20.39292572941874,-1,0,1,0,1,-1,-1
2023-08-10,0.8017110713827734,-0.0003019618020404513,-20.416964025020647,0,0,1,0,1,-1,-1
2023-08-11,0.8040740292751927,0.002947393364973211,-20.18240151282356,0,0,1,0,1,-1,-1
2023-08-14,0.8054184191987175,0.0016719728216277596,-20.048948657465406,0,0,1,0,1,-1,-1
2023-08-15,0.806138714915994,0.0008943124469304731,-19.977447437104598,0,0,1,0,1,-1,-1
2023-08-16,0.8070716967962719,0.0011573465744975364,-19.884833610013377,0,0,1,0,1,-1,-1
2023-08-17,0.8090323519002397,0.00242934439622991,-19.690206279490834,0,0,1,0,1,-1,-1
2023-08-18,0.8091460528579889,0.00014053944503225613,-19.678919585650696,0,0,1,0,1,-1,-1
2023-08-21,0.8074900347644498,-0.002046624447700013,-19.843306672492382,0,0,1,0,1,-1,-1
2023-08-22,0.8098537446846399,0.0029272310721203676,-19.608669509145678,0,0,1,0,1,-1,-1
2023-08-23,0.8080468385556275,-0.002231151168802653,-19.788034720131947,0,0,1,0,1,-1,-1
2023-08-24,0.8057574272200165,-0.002833265630620252,-20.0152965245239,0,0,1,0,1,-1,-1
2023-08-25,0.8057526581064312,-5.9187956874817704e-06,-20.015769937641895,0,0,1,0,1,-1,-1
2023-08-28,0.806720549721773,0.0012012267109567099,-19.919690744035684,0,0,1,0,1,-1,-1
2023-08-29,0.8073680015293162,0.0008025725981154475,-19.855420482178246,0,0,1,0,1,-1,-1
2023-08-30,0.8061130675963414,-0.0015543518328664518,-19.979993356246084,0,0,1,0,1,-1,-1
2023-08-31,0.808146786189466,0.0025228701467260584,-19.77811327034373,0,0,1,0,1,-1,-1
2023-09-01,0.8046797941170757,-0.004290052415771711,-20.122269369306064,0,0,1,0,1,-1,-1
2023-09-04,0.8048746100635218,0.00024210368878452293,-20.102930676068638,0,0,1,0,1,-1,-1
2023-09-05,0.8063412406007465,0.0018221851191318472,-19.95734342528433,0,0,1,0,1,-1,-1
2023-09-06,0.8075304149986887,0.001474778094019108,-19.83929826878084,-1,0,1,0,1,-1,-1
2023-09-07,0.8066807416440084,-0.0010521874333137894,-19.92364235178805,-1,0,1,0,1,-1,0
2023-09-08,0.805661946812585,-0.0012629467629871605,-20.024774528471667,-1,0,1,0,1,-1,0
2023-09-11,0.8051056206961905,-0.00069052053233426,-20.079999063737812,-1,0,1,0,1,-1,0
2023-09-12,0.8039195978268906,-0.0014731270516710193,-20.19773137908659,-1,0,1,0,1,-1,0
2023-09-13,0.8043803093873942,0.0005730816386974313,-20.151998164213545,-1,0,1,0,1,-1,0
2023-09-14,0.8043995265877751,2.389068971045405e-05,-20.150090540377676,-1,0,1,0,1,-1,0
2023-09-15,0.8021178453964379,-0.0028365024044905707,-20.376585000558237,-1,0,1,0,1,-1,0
2023-09-18,0.8022118056866688,0.00011714025659720351,-20.36725789329406,-1,0,1,0,1,-1,0
2023-09-19,0.8015762409921734,-0.0007922654465941092,-20.430348163282748,-1,0,1,0,1,-1,0
2023-09-20,0.801086106058572,-0.00061146389892347,-20.479002132830797,-1,0,1,0,1,-1,0
2023-09-21,0.8013286357911574,0.00030275114092126465,-20.45492705999931,-1,0,1,0,1,-1,0
2023-09-22,0.7995036514944521,-0.0022774479972295647,-20.636086827055998,-1,0,1,0,1,-1,0
2023-09-25,0.7981572377851701,-0.0016840619886667185,-20.769740576502397,-1,0,1,0,1,-1,0
2023-09-26,0.7976939010435513,-0.0005805081000136714,-20.81573438386392,-1,0,1,0,1,-1,0
2023-09-27,0.7969966310631952,-0.0008741071975653103,-20.884949920372907,-1,0,1,0,1,-1,0
2023-09-28,0.7977585941357594,0.0009560430281215782,-20.8093125283248,-1,0,1,0,1,-1,0
2023-09-29,0.7974810078807381,-0.00034795771184664703,-20.836867538736996,-1,0,1,0,1,-1,0
2023-10-02,0.797116600597306,-0.0004569479145345723,-20.873040967023197,-1,0,1,0,1,-1,0
2023-10-03,0.7976462329613839,0.0006644352453342162,-20.820466226585566,-1,0,1,0,1,-1,0
2023-10-04,0.7975771862478755,-8.656307853666112e-05,-20.827320250786098,-1,1,1,0,-1,-1,0
2023-10-05,0.7963975077987635,-0.0014790774729423583,-20.944422777875644,0,1,1,0,-1,-1,0
2023-10-06,0.7963342436237323,-7.943793697456902e-05,-20.9507027898365,0,1,1,0,-1,-1,0
2023-10-09,0.7982241795663999,0.002373294829150302,-20.763095501519647,0,1,1,0,-1,-1,0
2023-10-10,0.7986575454893164,0.0005429125476404395,-20.72007679183124,0,1,1,0,-1,-1,0
2023-10-11,0.7984127999171563,-0.0003064462028091741,-20.74437182325739,0,1,1,0,-1,-1,0
2023-10-12,0.7991822386194964,0.0009637103794177537,-20.66799235175619,0,1,1,0,-1,-1,0
2023-10-13,0.7995400284511001,0.0004476949240283523,-20.632475814619088,0,1,1,0,-1,-1,0
2023-10-16,0.8014832898655874,0.0024304742043394223,-20.439575094424224,0,1,1,0,-1,-1,0
2023-10-17,0.8014370774501857,-5.765861370543579e-05,-20.444162438230094,0,1,1,0,-1,-1,0
2023-10-18,0.8017297230829994,0.0003651511029970633,-20.415112536394552,0,1,1,0,-1,-1,0
2023-10-19,0.8017436153725606,1.7327896373459106e-05,-20.413733497711682,0,1,1,0,-1,-1,0
2023-10-20,0.8034279687789727,0.0021008628869834955,-20.246533664103453,0,1,1,0,-1,-1,0
2023-10-23,0.8029535121745147,-0.0005905403133762421,-20.293631301106295,0,1,1,0,-1,-1,0
2023-10-24,0.8021795718750319,-0.0009638668836342013,-20.370457630309904,0,1,1,0,-1,-1,0
2023-10-25,0.8024122995961069,0.00029011923169675047,-20.34735556865726,0,1,1,0,-1,-1,0
2023-10-26,0.8019971127437506,-0.0005174233403019424,-20.3885697060028,0,1,1,0,-1,-1,0
2023-10-27,0.8011609478408235,-0.001042603383030305,-20.4715728525552,0,1,1,0,-1,-1,0
2023-10-30,0.7991939278135105,-0.0024552120677052147,-20.666832006613227,0,1,1,0,-1,-1,0
2023-10-31,0.7980805649378893,-0.0013931072758112673,-20.777351620157976,0,1,1,0,-1,-1,0
2023-11-01,0.7987949389184349,0.0008951151198642315,-20.7064382297575,1,1,1,0,-1,-1,0
2023-11-02,0.8009568154566908,0.0027064224282430604,-20.491836355767234,1,1,0,0,-1,-1,0
2023-11-03,0.8021326926197097,0.0014680905890642748,-20.375111168967358,1,1,0,0,-1,-1,0
2023-11-06,0.8017777481563049,-0.00044250093116832145,-20.410345256419266,1,1,0,0,-1,-1,0
2023-11-07,0.801575959104318,-0.00025167704198686414,-20.430376145297885,1,1,0,0,-1,-1,0
2023-11-08,0.800122119052011,-0.0018137271156828116,-20.574693729667842,1,1,0,0,-1,-1,0
2023-11-09,0.7997359703391332,-0.0004826122209135586,-20.61302535312371,1,1,0,0,-1,-1,0
2023-11-10,0.7999100148691917,0.00021762748771275708,-20.595748565274192,1,1,0,0,-1,-1,0
2023-11-13,0.8000935842826254,0.00022948757987964474,-20.577526275780286,1,1,0,0,-1,-1,0
2023-11-14,0.7999476022123369,-0.00018245624406490468,-20.59201740203035,1,1,0,0,-1,-1,0
2023-11-15,0.8001363433152041,0.0002359418321215001,-20.5732817371311,1,1,0,0,-1,-1,0
2023-11-16,0.8028503649513303,0.0033919489582003026,-20.303870362866093,1,1,0,0,-1,-1,0
2023-11-17,0.8000339815780264,-0.003507980436023822,-20.583442826459986,1,1,0,0,-1,-1,0
2023-11-20,0.8001834013753093,0.00018676681331475375,-20.56861044915225,1,1,0,0,-1,-1,0
2023-11-21,0.7986507929858537,-0.0019153213960967919,-20.72074708908068,1,1,0,0,-1,-1,0
2023-11-22,0.7979942138692536,-0.0008221103921344786,-20.785923386779405,1,1,0,0,-1,-1,0
2023-11-23,0.8002301200869161,0.002801907806851245,-20.563972847104303,1,1,0,0,-1,-1,0
2023-11-24,0.8002598111346382,3.710313693128242e-05,-20.561025521311574,1,1,0,0,-1,-1,0
2023-11-27,0.8007010748262102,0.0005514005394652299,-20.517222827929455,1,1,0,0,-1,-1,0
2023-11-28,0.7999457261918897,-0.0009433590862663044,-20.592203627976406,1,1,0,0,-1,-1,0
2023-11-29,0.7988789484070894,-0.001333562702908242,-20.698098903538266,1,-1,0,0,-1,-1,1
2023-11-30,0.7986696667834364,-0.0002619691307053307,-20.718873553631784,1,-1,0,0,0,-1,1
2023-12-01,0.7991578873902291,0.0006112922865330606,-20.670409612567468,1,-1,0,0,0,-1,1
2023-12-04,0.8001352893531025,0.001223039875218268,-20.573386360238903,1,-1,0,0,0,-1,1
2023-12-05,0.7985558448489005,-0.0019739718085411695,-20.730172256411688,1,-1,0,0,0,-1,1
2023-12-06,0.7962402700961398,-0.00289970296717168,-20.960031211126964,1,-1,0,0,0,-1,1
2023-12-07,0.7963619236103026,0.00015278493029244333,-20.947955095005234,1,-1,0,0,0,-1,1
2023-12-08,0.7944438328973056,-0.0024085665777455467,-21.13835720826585,1,-1,0,0,0,-1,1
2023-12-11,0.793518765950686,-0.001164420829155216,-21.230185347753945,1,-1,0,0,0,-1,1
2023-12-12,0.7944698584088834,0.0011985758863029272,-21.13577374734321,1,-1,0,0,0,-1,1
2023-12-13,0.7939325004771794,-0.0006763729624432724,-21.189115377684523,1,-1,0,0,0,-1,1
2023-12-14,0.7940769011259506,0.0001818802589445001,-21.174781233581776,1,-1,0,0,0,-1,1
2023-12-15,0.7937344683583979,-0.00043123375968656674,-21.208773329028528,1,-1,0,0,0,-1,1
2023-12-18,0.7931852607426971,-0.0006919286456548157,-21.263291235788454,1,-1,0,0,0,-1,1
2023-12-19,0.7942599454929552,0.0013548975295530064,-21.156611063598696,1,-1,0,0,0,-1,1
2023-12-20,0.7984884117694474,0.005323781339455297,-20.736866100839663,1,-1,0,0,0,-1,1
2023-12-21,0.7971306163956411,-0.0017004572061320444,-20.871649668059103,1,-1,0,0,0,-1,1
2023-12-22,0.7969599004846252,-0.00021416303364168998,-20.88859603561325,1,-1,0,0,0,-1,1
2023-12-25,0.7980635368810518,0.0013848079379596145,-20.779041935420235,1,-1,0,0,0,-1,1
2023-12-26,0.7973027287836493,-0.0009533177024675654,-20.854564677149632,1,-1,0,0,0,-1,1
2023-12-27,0.7980307680675729,0.0009131277965577778,-20.782294780185683,1,-1,1,0,0,-1,1
2023-12-28,0.8002976359618621,0.002840577061682037,-20.557270783859195,1,-1,1,0,0,-1,0
2023-12-29,0.7996856587797821,-0.000764686979669027,-20.61801960452015,1,-1,1,0,0,-1,0
2024-01-01,0.7996009474394572,-0.00010593079842674546,-20.626428601084136,1,-1,1,0,0,-1,0
2024-01-02,0.7993284375087809,-0.00034080741343409104,-20.65347970264763,1,-1,1,0,0,-1,0
2024-01-03,0.7987256734345223,-0.0007540881144391942,-20.71331397052597,1,-1,1,0,0,-1,0
2024-01-04,0.7996992078179075,0.0012188595105489808,-20.616674639199044,1,-1,1,0,0,-1,0
2024-01-05,0.801115803658836,0.0017714108343234447,-20.47605415659031,1,-1,1,0,0,-1,0
2024-01-08,0.8012413683723064,0.00015673728179743662,-20.463589789481002,1,-1,1,0,0,-1,0
2024-01-09,0.8011799053902005,-7.67096963937286e-05,-20.4696910033605,1,-1,1,0,0,-1,0
2024-01-10,0.7999533444647885,-0.0015309431966027687,-20.591447388842617,1,-1,1,0,0,-1,0
2024-01-11,0.8026026310986545,0.003311801434667999,-20.328462030380077,1,-1,1,0,0,-1,0
2024-01-12,0.8013870083387356,-0.0015146010152682354,-20.44913262267684,1,-1,1,0,0,-1,0
2024-01-15,0.8011464182812598,-0.00030021706737481946,-20.473015150787987,1,-1,1,0,0,-1,0
2024-01-16,0.8006449386850165,-0.0006259524910803005,-20.52279526506246,1,-1,1,0,0,-1,0
2024-01-17,0.8003356004559563,-0.00038636131212954616,-20.553502182168238,1,-1,1,0,0,-1,0
2024-01-18,0.79988303441672,-0.0005654703339179334,-20.5984268198179,1,-1,1,0,0,-1,0
2024-01-19,0.7997261854605948,-0.0001960898648633025,-20.613996663572735,1,-1,1,0,0,-1,0
2024-01-22,0.799195632611776,-0.0006634181279350226,-20.66666277729043,1,-1,1,0,0,-1,0
2024-01-23,0.7990095094298435,-0.00023288813694369304,-20.68513857039375,1,-1,1,0,0,-1,0
2024-01-24,0.7991983505912392,0.00023634407246353462,-20.666392973036597,1,-1,1,-1,0,-1,1
2024-01-25,0.7999278203083175,0.0009127517800038473,-20.593981082008604,0,0,1,-1,0,-1,1
2024-01-26,0.7998589827040151,-8.60547696364955e-05,-20.600814348674344,0,0,1,-1,0,-1,1
2024-01-29,0.8006022744587208,0.0009292784988083891,-20.52703039262566,0,0,1,-1,0,-1,1
2024-01-30,0.8018895888569247,0.0016079324769271985,-20.399243223756116,0,0,1,-1,0,-1,1
2024-01-31,0.8013657553265824,-0.0006532489480117198,-20.451242334381135,0,0,1,-1,0,-1,1
2024-02-01,0.8008250997878833,-0.0006746676347291758,-20.504911306561038,0,0,1,-1,0,-1,1
2024-02-02,0.8009786023803965,0.0001916805461690263,-20.48967364454252,0,0,1,-1,0,-1,1
2024-02-05,0.8006769717562908,-0.0003765776304252566,-20.519615454835797,0,0,1,-1,0,-1,1
2024-02-06,0.8003416478250392,-0.0004188005189109112,-20.552901881126555,0,0,1,-1,0,-1,1
2024-02-07,0.8007627894749503,0.0005262023425313123,-20.511096631989073,0,0,1,-1,0,-1,1
2024-02-08,0.8000913977530772,-0.0008384402106311473,-20.577743324871793,0,0,1,-1,0,-1,1
2024-02-09,0.801685701307379,0.0019926517880071437,-20.419482423100536,0,0,1,-1,0,-1,1
2024-02-12,0.8023158009972245,0.0007859684771949482,-20.35693464488624,0,0,1,-1,0,-1,1
2024-02-13,0.8020950106652749,-0.0002751913045650478,-20.37885172394088,0,0,1,-1,0,-1,1
2024-02-14,0.8001118521599347,-0.002472473309234585,-20.57571288790405,0,0,1,-1,0,-1,1
2024-02-15,0.8010441652597896,0.0011652284581687988,-20.483165448291267,0,0,1,-1,0,-1,1
2024-02-16,0.8013497976301748,0.00038154247123955987,-20.45282639873127,0,0,1,-1,0,-1,1
2024-02-19,0.8019708355845926,0.0007749898437041658,-20.39117814709491,0,0,1,-1,0,-1,1
2024-02-20,0.8021125269174478,0.00017667890971628797,-20.37711294724615,0,0,1,-1,0,-1,1
2024-02-21,0.8020164970973904,-0.00011972113242814109,-20.38664548945131,0,1,1,-1,0,-1,1
2024-02-22,0.8034308729551495,0.001763524644290837,-20.246245376757297,0,1,0,-1,0,-1,1
2024-02-23,0.804222843124895,0.0009857352964700306,-20.167629285799165,0,1,0,-1,0,-1,1
2024-02-26,0.8036908535931385,-0.000661495176746546,-20.22043801397485,0,1,0,-1,0,-1,1
2024-02-27,0.802652912797454,-0.0012914677217541193,-20.32347074313548,0,1,0,-1,0,-1,1
2024-02-28,0.8023246007680663,-0.0004090336235663683,-20.35606112261061,0,1,0,-1,0,-1,1
2024-02-29,0.7995940936091273,-0.0034032449663455033,-20.62710895669501,0,1,0,-1,0,-1,1
2024-03-01,0.7991565463528743,-0.0005472117162322876,-20.670542732625133,0,1,0,-1,0,-1,1
2024-03-04,0.7993777881353978,0.0002768441096218932,-20.648580839661154,0,1,0,-1,0,-1,1
2024-03-05,0.7991023183705703,-0.00034460522786100567,-20.675925753542007,0,1,0,-1,0,-1,1
2024-03-06,0.797979112352477,-0.0014055847321075565,-20.787422461191387,0,1,0,-1,0,-1,1
2024-03-07,0.7985918765341707,0.0007678950140527774,-20.726595517849063,0,1,0,-1,0,-1,1
2024-03-08,0.7983321359122774,-0.0003252482645085264,-20.752379055078567,0,1,0,-1,0,-1,1
2024-03-11,0.7965142663051483,-0.002277084342911656,-20.932832571945244,0,1,0,-1,0,-1,1
2024-03-12,0.796494132028236,-2.5277986552108e-05,-20.93483123074021,0,1,0,-1,0,-1,1
2024-03-13,0.7968423894685824,0.00043723792347291623,-20.900260940528504,0,1,0,-1,0,-1,1
2024-03-14,0.7972382192172026,0.0004967478561027361,-20.860968314732435,0,1,0,-1,0,-1,1
2024-03-15,0.7971021668767432,-0.00017065456369241838,-20.874473751655724,0,1,0,-1,0,-1,1
2024-03-18,0.7966454290273072,-0.0005729978770796507,-20.91981251021884,0,1,0,-1,0,-1,1
2024-03-19,0.7970816247100158,0.0005475405579634662,-20.876512900236836,0,1,0,-1,0,-1,1
2024-03-20,0.798104964736583,0.0012838585093961907,-20.774929538030715,0,1,0,1,1,-1,-1
2024-03-21,0.800017425974849,0.002396252777223662,-20.585086242910478,0,0,0,1,1,-1,-1
2024-03-22,0.7990875961103849,-0.001162262013644333,-20.677387180487187,0,0,0,1,1,-1,-1
2024-03-25,0.7984931040180229,-0.0007439636095664393,-20.736400317840634,0,0,0,1,1,-1,-1
2024-03-26,0.7994030983803764,0.001139639600861192,-20.646068380736036,0,0,0,1,1,-1,-1
2024-03-27,0.799153727348184,-0.0003119465419855749,-20.67082256529763,0,0,0,1,1,-1,-1
2024-03-28,0.7987979652334004,-0.00044517356624751425,-20.70613781812372,0,0,0,1,1,-1,-1
2024-03-29,0.7993952530740959,0.0007477333026517097,-20.646847156674454,0,0,0,1,1,-1,-1
2024-04-01,0.7990840246432909,-0.00038932984604062026,-20.67774170745379,0,0,0,1,1,-1,-1
2024-04-02,0.7979870152142988,-0.0013728336384671858,-20.78663797191698,0,0,0,1,1,-1,-1
2024-04-03,0.7984452874172554,0.0005742852881302496,-20.74114690348091,0,0,0,1,1,-1,-1
2024-04-04,0.7994673399941943,0.0012800533650150214,-20.63969134186748,0,0,0,1,1,-1,-1
2024-04-05,0.7984431441745418,-0.0012810977614919894,-20.741359655640725,0,0,0,1,1,-1,-1
2024-04-08,0.7993825461076725,0.001176542049342505,-20.648108532501862,0,0,0,1,1,-1,-1
2024-04-09,0.7997300191917265,0.00043467684620571156,-20.61361610257831,0,0,0,1,1,-1,-1
2024-04-10,0.7987505277415393,-0.0012247776458074455,-20.710846770957357,0,0,0,1,1,-1,-1
2024-04-11,0.7990032344403138,0.0003163775046121087,-20.685761466515938,0,0,0,1,1,-1,-1
2024-04-12,0.798407982431797,-0.0007449932401510095,-20.74485003807111,0,0,0,1,1,-1,-1
2024-04-15,0.797462141789005,-0.0011846582995214683,-20.83874030925333,0,0,0,1,1,-1,-1
2024-04-16,0.799412205388554,0.0024453368973406386,-20.645164360091577,0,0,0,1,1,-1,-1
2024-04-17,0.8000665132399011,0.0008184861913999586,-20.5802135228995,0,0,-1,1,1,-1,-1
2024-04-18,0.7997651922288657,-0.00037661995102791226,-20.610124598993146,0,0,-1,1,1,-1,0
2024-04-19,0.7997533664234148,-1.4786596823357367e-05,-20.61129850507256,0,0,-1,1,1,-1,0
2024-04-22,0.7988165161169168,-0.0011714240237433171,-20.7042963372175,0,0,-1,1,1,-1,0
2024-04-23,0.7987476991816753,-8.614861342126634e-05,-20.71112755213832,0,0,-1,1,1,-1,0
2024-04-24,0.8011601059654658,0.0030202362852025377,-20.471656422558492,0,0,-1,1,1,-1,0
2024-04-25,0.802506524040715,0.0016805855224489574,-20.338002239717905,0,0,-1,1,1,-1,0
2024-04-26,0.80387584043746,0.0017062993953623762,-20.202075021106182,0,0,-1,1,1,-1,0
2024-04-29,0.8070660024417664,0.003968476030540208,-19.885398868540598,0,0,-1,1,1,-1,0
2024-04-30,0.8049052566441826,-0.0026772851180033586,-20.09988849788463,0,0,-1,1,1,-1,0
2024-05-01,0.8065820447745786,0.002083211802326873,-19.933439642596195,0,0,-1,1,1,-1,0
2024-05-02,0.8051137171686323,-0.0018204318028883226,-20.079195355418687,0,0,-1,1,1,-1,0
2024-05-03,0.8003949729113621,-0.0058609661674437485,-20.54760848751546,0,0,-1,1,1,-1,0
2024-05-06,0.8007025485922407,0.0003842798759214061,-20.517076532363376,0,0,-1,1,1,-1,0
2024-05-07,0.8022149405110657,0.0018888311539460856,-20.366946710310994,0,0,-1,1,1,-1,0
2024-05-08,0.8020205427949648,-0.00024232622241743274,-20.38624388729425,0,0,-1,1,1,-1,0
2024-05-09,0.8025809518818154,0.0006987465494308898,-20.33061404992327,0,0,-1,1,1,-1,0
2024-05-10,0.8033025463703221,0.0008990924676380851,-20.258983905114217,0,0,-1,1,1,-1,0
2024-05-13,0.8036684169615009,0.00045545802491481213,-20.22266521941894,0,0,-1,1,1,-1,0
2024-05-14,0.8055804819917359,0.002379171546225578,-20.032861254475264,0,0,-1,1,1,-1,0
2024-05-15,0.8064221330414864,0.0010447758710211141,-19.94931351743935,1,0,-1,1,1,-1,0
2024-05-16,0.807291940834726,0.0010786010919108246,-19.862970759591047,1,0,-1,1,0,-1,0
2024-05-17,0.8089856787293269,0.0020980488085260984,-19.694839360874397,1,0,-1,1,0,-1,0
2024-05-20,0.810749954523824,0.002180849229949544,-19.519705913133578,1,0,-1,1,0,-1,0
2024-05-21,0.8107261867062275,-2.9315842034860484e-05,-19.52206526072194,1,0,-1,1,0,-1,0
2024-05-22,0.8105458236829239,-0.00022247094797370193,-19.539969263154347,1,0,-1,1,0,-1,0
2024-05-23,0.8099664146691322,-0.0007148380719045611,-19.59748515639165,1,0,-1,1,0,-1,0
2024-05-24,0.8093893911187362,-0.0007124042922591334,-19.654764253074664,1,0,-1,1,0,-1,0
2024-05-27,0.8106163787854516,0.00151594236368649,-19.532965506485514,1,0,-1,1,0,-1,0
2024-05-28,0.8115512256672422,0.00115325437069419,-19.440166547259064,1,0,-1,1,0,-1,0
2024-05-29,0.8114674223758293,-0.00010326309512262433,-19.44848540500396,1,0,-1,1,0,-1,0
2024-05-30,0.8100437745054326,-0.0017544116142437227,-19.58980591775435,1,0,-1,1,0,-1,0
2024-05-31,0.8082091969660093,-0.0022647881474595066,-19.77191797224674,1,0,-1,1,0,-1,0
2024-06-03,0.8091944914081655,0.0012191081787424618,-19.674111261281887,1,0,-1,1,0,-1,0
2024-06-04,0.808360662220921,-0.0010304434794081163,-19.75688254956036,1,0,-1,1,0,-1,0
2024-06-05,0.8041707654397453,-0.005183202222711042,-20.172798854286743,1,0,-1,1,0,-1,0
2024-06-06,0.8059981029902941,0.0022723252685634687,-19.99140548800464,1,0,-1,1,0,-1,0
2024-06-07,0.8057945249985897,-0.0002525787479512043,-20.011613958631816,1,0,-1,1,0,-1,0
2024-06-10,0.8039269952561356,-0.0023176252562119304,-20.196997062324925,1,0,-1,1,0,-1,0
2024-06-11,0.8048278679048219,0.0011205901207474445,-20.107570605626986,1,0,-1,1,0,-1,0
2024-06-12,0.8046946962668667,-0.00016546598753081065,-20.120790085352954,1,-1,-1,1,0,-1,1
2024-06-13,0.806503386671044,0.002247672828674182,-19.941247755651837,1,-1,0,0,0,-1,1
2024-06-14,0.805461846432771,-0.0012914269865278716,-20.044637788807933,1,-1,0,0,0,-1,1
2024-06-17,0.8044938051715874,-0.001201846202238982,-20.14073183723009,1,-1,0,0,0,-1,1
2024-06-18,0.8047000719933208,0.0002563933002436014,-20.120256455910805,1,-1,0,0,0,-1,1
2024-06-19,0.8062336709215782,0.001905801902637505,-19.968021488682293,1,-1,0,0,0,-1,1
2024-06-20,0.8065800142352773,0.00042958180263455437,-19.933641207084996,1,-1,0,0,0,-1,1
2024-06-21,0.8065168200714263,-7.834828874458966e-05,-19.939914269282433,1,-1,0,0,0,-1,1
2024-06-24,0.8067741499546679,0.0003190632567573459,-19.914370037592917,1,-1,0,0,0,-1,1
2024-06-25,0.8068154446022267,5.1184891783018216e-05,-19.910270863289917,1,-1,0,0,0,-1,1
2024-06-26,0.8065187660318612,-0.0003677155319103398,-19.939721100639982,1,-1,0,0,0,-1,1
2024-06-27,0.8070517765880719,0.00066087805846482,-19.88681101896081,1,-1,0,0,0,-1,1
2024-06-28,0.8073807429105575,0.0004076148916694611,-19.85415569011301,1,-1,0,0,0,-1,1
2024-07-01,0.8084558427878401,0.0013315896951009987,-19.747434309724802,1,-1,0,0,0,-1,1
2024-07-02,0.8084429919770159,-1.5895501206314444e-05,-19.748709964479538,1,-1,0,0,0,-1,1
2024-07-03,0.8085277846067414,0.0001048838700650756,-19.740292898602902,1,-1,0,0,0,-1,1
2024-07-04,0.8101513448770746,0.002008045117612073,-19.57912778561697,1,-1,0,0,0,-1,1
2024-07-05,0.8101856226092655,4.231028240309076e-05,-19.575725155802484,1,-1,0,0,0,-1,1
2024-07-08,0.8111820841416247,0.001229917570185951,-19.47680992710214,1,-1,0,0,0,-1,1
2024-07-09,0.8109028157572343,-0.0003442733633423345,-19.504531916575583,1,-1,0,0,0,-1,1
2024-07-10,0.8113192204601748,0.00051350753117263,-19.463196887489474,1,-1,0,0,0,-1,1
2024-07-11,0.8104895299799297,-0.0010226436886019707,-19.54555734089266,1,-1,0,0,0,-1,1
2024-07-12,0.8069553437321785,-0.00436055756061246,-19.896383569114697,1,-1,0,0,0,-1,1
2024-07-15,0.807552379046924,0.0007398616532908187,-19.83711797502757,1,-1,0,0,0,-1,1
2024-07-16,0.8068968231119596,-0.0008117813184303768,-19.90219270508699,1,-1,0,0,0,-1,1
2024-07-17,0.8058775201082966,-0.00126323834035183,-20.003375326240025,1,-1,0,0,0,-1,1
2024-07-18,0.8029090014846685,-0.003683585345859053,-20.298049720606475,1,-1,0,0,0,-1,1
2024-07-19,0.8031532970726376,0.0003042631076714819,-20.273799357526986,1,-1,0,0,0,-1,1
2024-07-22,0.802647453542636,-0.0006298218930873567,-20.324012664144288,1,-1,0,0,0,-1,1
2024-07-23,0.7995521163991511,-0.0038564093486163076,-20.631275886566513,1,-1,0,0,0,-1,1
2024-07-24,0.7967689424314232,-0.003480916266299483,-20.9075517693684,1,-1,0,0,0,-1,1
2024-07-25,0.7927120580225796,-0.005091669859098119,-21.310264404106587,1,-1,0,0,0,-1,1
2024-07-26,0.7903788951550089,-0.002943266529073313,-21.541869269067607,1,-1,0,0,0,-1,1
2024-07-29,0.7914053266194662,0.0012986574802911766,-21.439979030704226,1,-1,0,0,0,-1,1
2024-07-30,0.7909073101720098,-0.0006292811416669652,-21.489415370389164,1,-1,0,0,0,-1,1
2024-07-31,0.7898445629559712,-0.0013437064019644895,-21.594910545577942,1,-1,0,0,0,-1,1
2024-08-01,0.7872280818924235,-0.0033126531298201534,-21.85463941055297,1,-1,0,0,0,-1,1
2024-08-02,0.7854543109773446,-0.002253185520027401,-22.03071540549043,1,-1,0,0,0,-1,1
2024-08-05,0.7810385622411508,-0.005621904004447259,-22.46905123877619,1,-1,0,0,0,-1,1
2024-08-06,0.7808784507553033,-0.00020499818266078718,-22.484944942372213,1,-1,0,0,0,-1,1
2024-08-07,0.7799446631040203,-0.001195816903872493,-22.577638755514727,-1,-1,1,0,0,1,-1
2024-08-08,0.7765420376462617,-0.004362649837511357,-22.91540540721773,-1,0,1,0,0,1,-1
2024-08-09,0.7698694402809131,-0.0085927059217214,-23.57777065964862,-1,0,1,0,0,1,-1
2024-08-12,0.7721291877369427,0.002935234648624524,-23.3534534841637,-1,0,1,0,0,1,-1
2024-08-13,0.7709034895380424,-0.0015874263249815446,-23.475124229821866,-1,0,1,0,0,1,-1
2024-08-14,0.7675017150790876,-0.004412711195526303,-23.812806405869193,-1,0,1,0,0,1,-1
2024-08-15,0.7707815764626986,0.0042734254779783765,-23.487226111668367,-1,0,1,0,0,1,-1
2024-08-16,0.7668136398620486,-0.005147939081341063,-23.88110921058992,-1,0,1,0,0,1,-1
2024-08-19,0.7653302260510265,-0.001934516724675206,-24.02836247788575,-1,0,1,0,0,1,-1
2024-08-20,0.76443607741582,-0.001168317420076559,-24.11712146543458,-1,0,1,0,0,1,-1
2024-08-21,0.7666068843404028,0.002839749442387851,-23.90163310342925,-1,0,1,0,0,1,-1
2024-08-22,0.7672360440421211,0.0008207070854309162,-23.839178634527517,-1,0,1,0,0,1,-1
2024-08-23,0.7674461847961345,0.0002738932244452097,-23.81831870158732,-1,0,1,0,0,1,-1
2024-08-26,0.7665812818834644,-0.0011269883541082937,-23.90417456920702,-1,0,1,0,0,1,-1
2024-08-27,0.7669393434201498,0.00046708880734172564,-23.86863106086287,-1,0,1,0,0,1,-1
2024-08-28,0.767268633944345,0.0004293566721023656,-23.835943549652576,-1,0,1,0,0,1,-1
2024-08-29,0.7666689147764357,-0.0007816286778545289,-23.895475560395905,-1,0,1,0,0,1,-1
2024-08-30,0.7640618478061092,-0.0034005121638285007,-24.154269921475166,-1,0,1,0,0,1,-1
2024-09-02,0.7625039206779856,-0.0020390065707337757,-24.30891986346738,-1,0,1,0,0,1,-1
2024-09-03,0.7619175873497727,-0.0007689577880354848,-24.367123109023183,-1,0,1,0,0,1,-1
2024-09-04,0.767409054043037,0.007207428709403663,-23.822004540744356,-1,-1,1,0,0,1,-1
2024-09-05,0.7698535332891722,0.0031853667001407347,-23.579349690724978,0,-1,1,0,0,1,-1
2024-09-06,0.7689827010784204,-0.001131166089517327,-23.665794138893688,0,-1,1,0,0,1,-1
2024-09-09,0.7726953160396358,0.004827956410474232,-23.297255920368094,0,-1,1,0,0,1,-1
2024-09-10,0.7714447627712271,-0.0016184299845613814,-23.42139394128471,0,-1,1,0,0,1,-1
2024-09-11,0.7737699724215925,0.003014097395661469,-23.19057856419975,0,-1,1,0,0,1,-1
2024-09-12,0.7720491781211517,-0.002223909381046968,-23.361395757083617,0,-1,1,0,0,1,-1
2024-09-13,0.7723925459194407,0.00044474860931081883,-23.32731084442705,0,-1,1,0,0,1,-1
2024-09-16,0.7746039465067239,0.0028630527300737563,-23.107792892418097,0,-1,1,0,0,1,-1
2024-09-17,0.7744363908479035,-0.00021631139316555248,-23.124425552861112,0,-1,1,0,0,1,-1
2024-09-18,0.772514583714237,-0.0024815558209530797,-23.315196582119523,0,-1,1,0,0,1,-1
2024-09-19,0.771151591568802,-0.0017643578181809894,-23.45049601456553,0,-1,1,0,0,1,-1
2024-09-20,0.7692874698109974,-0.00241732206505893,-23.63554081961884,0,-1,1,0,0,1,-1
2024-09-23,0.7670982068039021,-0.0028458321407901777,-23.85286125196843,0,-1,1,0,0,1,-1
2024-09-24,0.766952180606429,-0.00019036180267134606,-23.86735675856876,0,-1,1,0,0,1,-1
2024-09-25,0.7650308694461606,-0.002505125102779171,-24.0580785542938,0,-1,1,0,0,1,-1
2024-09-26,0.7644483518068658,-0.0007614302409999218,-24.11590302984221,0,-1,1,0,0,1,-1
2024-09-27,0.7625560868517522,-0.0024753339458982726,-24.303741511026278,0,-1,1,0,0,1,-1
2024-09-30,0.7668261989639177,0.005599735135280143,-23.87986251275633,0,-1,1,0,0,1,-1
2024-10-01,0.7648957612969975,-0.0025174383315650917,-24.071490264670725,0,-1,1,0,0,1,-1
2024-10-02,0.7660443930988008,0.001501684098570072,-23.95746962897307,-1,-1,1,0,0,1,-1
2024-10-03,0.7629161587528968,-0.004083620184529702,-24.267998440878902,-1,-1,1,0,0,1,0
2024-10-04,0.7637843284876482,0.0011379621794491424,-24.181818287330636,-1,-1,1,0,0,1,0
2024-10-07,0.7615354193882233,-0.002944429488201117,-24.405059577307206,-1,-1,1,0,0,1,0
2024-10-08,0.7651080528463292,0.004691355604938219,-24.05041682985024,-1,-1,1,0,0,1,0
2024-10-09,0.7654028792060475,0.00038533950678146245,-24.021150454931195,-1,-1,1,0,0,1,0
2024-10-10,0.7648660322493643,-0.0007013913473125077,-24.074441362580867,-1,-1,1,0,0,1,0
2024-10-11,0.7661621745283265,0.0016946003931568587,-23.945777881063236,-1,-1,1,0,0,1,0
2024-10-14,0.7657380478692895,-0.0005535729550968649,-23.987879441549204,-1,-1,1,0,0,1,0
2024-10-15,0.7649106796204386,-0.0010804847051195665,-24.070009375216316,-1,-1,1,0,0,1,0
2024-10-16,0.7664916173780607,0.002066826624000817,-23.913075249032875,-1,-1,1,0,0,1,0
2024-10-17,0.7653986720335855,-0.0014259064544161204,-24.021568086131953,-1,-1,1,0,0,1,0
2024-10-18,0.7641560334600075,-0.0016235180684026629,-24.144920443153026,-1,-1,1,0,0,1,0
2024-10-21,0.76458180511541,0.0005571789487477385,-24.102655589668366,-1,-1,1,0,0,1,0
2024-10-22,0.765482156539793,0.0011775736989282637,-24.013280873072254,-1,-1,1,0,0,1,0
2024-10-23,0.7635946504103213,-0.0024657741703658087,-24.200646962386276,-1,-1,1,0,0,1,0
2024-10-24,0.7630004515183456,-0.0007781601032122998,-24.25963099476945,-1,-1,1,0,0,1,0
2024-10-25,0.7646304385501108,0.0021362858023500353,-24.097827919798835,-1,-1,1,0,0,1,0
2024-10-28,0.7641494340372442,-0.0006290679635755636,-24.145575544620286,-1,-1,1,0,0,1,0
2024-10-29,0.7651816098358314,0.0013507512439470681,-24.0431150864283,-1,-1,1,0,0,1,0
2024-10-30,0.765430316677175,0.00032502982056364926,-24.018426833754265,1,-1,-1,0,1,-1,0
2024-10-31,0.7647326487572135,-0.0009114715014035601,-24.087681872327103,1,0,-1,0,1,-1,0
2024-11-01,0.7617859230159312,-0.003853275711545867,-24.38019296397561,1,0,-1,0,1,-1,0
2024-11-04,0.764320716610804,0.0033274355935032085,-24.128572926470103,1,0,-1,0,1,-1,0
2024-11-05,0.7633388618887966,-0.0012846108978455673,-24.22603818852386,1,0,-1,0,1,-1,0
2024-11-06,0.7648650241562494,0.0019993247345962972,-24.07454143243583,1,0,-1,0,1,-1,0
2024-11-07,0.7668467246383855,0.0025909152851148753,-23.87782500130377,1,0,-1,0,1,-1,0
2024-11-08,0.7694577506219704,0.003404886399972662,-23.61863764291437,1,0,-1,0,1,-1,0
2024-11-11,0.7661936311950864,-0.004242103512825168,-23.942655288483728,1,0,-1,0,1,-1,0
2024-11-12,0.7670148619687174,0.0010718318975712904,-23.861134600377344,1,0,-1,0,1,-1,0
2024-11-13,0.7654546649878383,-0.002034115710449813,-24.01600986266254,1,0,-1,0,1,-1,0
2024-11-14,0.7656257021728725,0.0002234452187145075,-23.999031603367506,1,0,-1,0,1,-1,0
2024-11-15,0.7662169090981149,0.000772187928859358,-23.94034457299,1,0,-1,0,1,-1,0
2024-11-18,0.7630770471112479,-0.004097876136096773,-24.25202761988409,1,0,-1,0,1,-1,0
2024-11-19,0.7640228500596288,0.001239459307498858,-24.15814109049338,1,0,-1,0,1,-1,0
2024-11-20,0.765178335933665,0.0015123708328176055,-24.043440075171986,1,0,-1,0,1,-1,0
2024-11-21,0.7648361894996127,-0.00044714600242162783,-24.07740374730006,1,0,-1,0,1,-1,0
2024-11-22,0.763026626591965,-0.002365948333108603,-24.257032687349415,1,0,-1,0,1,-1,0
2024-11-25,0.7647062505900103,0.002201265250136031,-24.0903023254619,1,0,-1,0,1,-1,0
2024-11-26,0.7614878280621922,-0.004208704355868592,-24.409783800717396,1,0,-1,0,1,-1,0
2024-11-27,0.7601960832062149,-0.0016963434061243454,-24.538010765534565,1,1,-1,-1,1,-1,-1
2024-11-28,0.7581580243845628,-0.002680964644090717,-24.74032169064492,1,1,0,-1,0,0,-1
2024-11-29,0.7586073531947253,0.0005926585167086995,-24.69571840133013,1,1,0,-1,0,0,-1
2024-12-02,0.7583861222023657,-0.0002916277985282878,-24.71767922319251,1,1,0,-1,0,0,-1
2024-12-03,0.7586763896016905,0.0003827435534841661,-24.68886540022386,1,1,0,-1,0,0,-1
2024-12-04,0.7585733906327873,-0.00013576140013707438,-24.69908974530303,1,1,0,-1,0,0,-1
2024-12-05,0.7576824783501139,-0.0011744575985326577,-24.787527471528083,1,1,0,-1,0,0,-1
2024-12-06,0.7567828058950089,-0.0011874003699597901,-24.87683478923399,1,1,0,-1,0,0,-1
2024-12-09,0.755383860240518,-0.0018485431270289232,-25.015703199965017,1,1,0,-1,0,0,-1
2024-12-10,0.7557129012624898,0.00043559445639604344,-24.98304045596216,1,1,0,-1,0,0,-1
2024-12-11,0.7560929065715777,0.0005028434852085151,-24.94531866657529,1,1,0,-1,0,0,-1
2024-12-12,0.7573971638612695,0.0017249960664302844,-24.81584963650795,1,1,0,-1,0,0,-1
2024-12-13,0.7575957478807152,0.0002621927159501547,-24.796136899927752,1,1,0,-1,0,0,-1
2024-12-16,0.7565815974089284,-0.0013386432997066489,-24.89680804737872,1,1,0,-1,0,0,-1
2024-12-17,0.7559113352103967,-0.0008859086724117837,-24.963342616455353,1,1,0,-1,0,0,-1
2024-12-18,0.7553824696670735,-0.0006996396517537085,-25.015841237295934,1,1,0,-1,0,0,-1
2024-12-19,0.7566107430465019,0.0016260284408898817,-24.893914862531556,1,1,0,-1,0,0,-1
2024-12-20,0.7576068151830511,0.0013164921932491414,-24.79503828778257,1,1,0,-1,0,0,-1
2024-12-23,0.7566760364961231,-0.0012285774999304944,-24.88743341162534,1,1,0,-1,0,0,-1
2024-12-24,0.7569270642749465,0.0003317506656953795,-24.862514767657558,1,1,0,-1,0,0,-1
2024-12-25,0.7569225349697816,-5.9838066026329795e-06,-24.862964375837795,-1,1,0,1,1,0,-1
2024-12-26,0.7568491509684478,-9.695047768212283e-05,-24.87024894733318,-1,0,0,1,1,0,-1
2024-12-27,0.7585688608962544,0.0022721964153703256,-24.699539396303646,-1,0,0,1,1,0,-1
2024-12-30,0.758894998701358,0.00042993829817677964,-24.66716484441977,-1,0,0,1,1,0,-1
2024-12-31,0.7581691327948444,-0.0009564773885131495,-24.73921899785867,-1,0,0,1,1,0,-1
2025-01-02,0.758903506144793,0.0009686141497759759,-24.666320340456803,-1,0,0,1,1,0,-1
2025-01-03,0.75524484186055,-0.004820987457060055,-25.029503065189644,-1,0,0,1,1,0,-1
2025-01-06,0.7552715709171197,3.5391246769711504e-05,-25.02684976583219,-1,0,0,1,1,0,-1
2025-01-07,0.7566833784909969,0.0018692714359192508,-24.88670459763858,-1,0,0,1,1,0,-1
2025-01-08,0.7556876145950906,-0.0013159584632241594,-24.985550574423975,-1,0,0,1,1,0,-1
2025-01-09,0.755053173019055,-0.0008395553450688542,-25.048529356396614,-1,0,0,1,1,0,-1
2025-01-10,0.7548825194367939,-0.0002260153170124124,-25.065469536794673,-1,0,0,1,1,0,-1
2025-01-13,0.7544862236121975,-0.0005249768200911442,-25.10480842831227,-1,0,0,1,1,0,-1
2025-01-14,0.7528354664882225,-0.0021879221545913485,-25.26867327722432,-1,0,0,1,1,0,-1
2025-01-15,0.7533472421235151,0.0006797974565145304,-25.217871111396224,-1,0,0,1,1,0,-1
2025-01-16,0.751414726943529,-0.0025652382751662206,-25.409705090719687,-1,0,0,1,1,0,-1
2025-01-17,0.7528682222527515,0.0019343449856711326,-25.265421727782194,-1,0,0,1,1,0,-1
2025-01-20,0.7525545194894905,-0.00041667685524349185,-25.296561896834614,-1,0,0,1,1,0,-1
2025-01-21,0.7518760150208688,-0.0009016017458535752,-25.36391464704969,-1,0,0,1,1,0,-1
2025-01-22,0.7529302140004456,0.00140209151311671,-25.25926802520406,-1,0,0,1,1,0,-1
2025-01-23,0.7522033432615864,-0.0009653892556617805,-25.331421924812826,-1,1,0,1,-1,1,-1
2025-01-24,0.7518026703828583,-0.0005326656446258404,-25.371195311086538,0,1,0,0,-1,1,-1
2025-01-27,0.7500506852941016,-0.002330378911615888,-25.545108703732684,0,1,0,0,-1,1,-1
2025-01-28,0.7516296866905485,0.0021051929254991275,-25.38836679330697,0,1,0,0,-1,1,-1
2025-01-29,0.7512302896349047,-0.0005313747749938202,-25.428013533114097,0,1,0,0,-1,1,-1
2025-01-30,0.7515200148320978,0.0003856676190919228,-25.39925353264246,0,1,0,0,-1,1,-1
2025-01-31,0.7530384736868241,0.002020516852189763,-25.248521467219227,0,1,0,0,-1,1,-1
2025-02-03,0.752869658525574,-0.00022417866702564848,-25.265279154034896,0,1,0,0,-1,1,-1
2025-02-04,0.7528033791597645,-8.80356447611752e-05,-25.271858473370624,0,1,0,0,-1,1,-1
2025-02-05,0.7538780919030668,0.0014276141327923542,-25.165175522409903,0,1,0,0,-1,1,-1
2025-02-06,0.754255019472024,0.0004999847760607246,-25.12775924945193,0,1,0,0,-1,1,-1
2025-02-07,0.7576195815841298,0.004460775235491321,-24.793771012086147,0,1,0,0,-1,1,-1
2025-02-10,0.7580825818895462,0.0006111250509766852,-24.747810601562154,0,1,0,0,-1,1,-1
2025-02-11,0.7590164129241473,0.0012318328595198047,-24.655112481910354,0,1,0,0,-1,1,-1
2025-02-12,0.7562683425038211,-0.003620567847458206,-24.927903759128704,0,1,0,0,-1,1,-1
2025-02-13,0.7548164157233079,-0.0019198566155845531,-25.072031419742547,0,1,0,0,-1,1,-1
2025-02-14,0.7548210851966232,6.186237100913594e-06,-25.07156789756343,0,1,0,0,-1,1,-1
2025-02-17,0.7540566972848847,-0.0010126742969023828,-25.147445994860757,0,1,0,0,-1,1,-1
2025-02-18,0.7542276872464805,0.00022676008609362475,-25.130472423270216,0,1,0,0,-1,1,-1
2025-02-19,0.7543949507048231,0.00022176785759911444,-25.113868768540065,0,1,0,0,-1,1,-1
2025-02-20,0.7553577173028897,0.0012762102890097604,-25.018298317358333,-1,1,0,0,1,1,-1
2025-02-21,0.7557429052450719,0.0005099410959321204,-24.980062066227433,-1,0,0,0,1,1,-1
2025-02-24,0.756889539512133,0.0015172279608621775,-24.866239718772164,-1,0,0,0,1,1,-1
2025-02-25,0.7575738817323859,0.0009041507175460983,-24.798307475501964,-1,0,0,0,1,1,-1
2025-02-26,0.7588319101833936,0.0016606016671677493,-24.673427419521936,-1,0,0,0,1,1,-1
2025-02-27,0.7615454431852248,0.003575934229196387,-24.404064550263367,-1,0,0,0,1,1,-1
2025-02-28,0.7636017224526537,0.002700139940209373,-24.199944945638038,-1,0,0,0,1,1,-1
2025-03-03,0.7638172535227925,0.00028225587214056325,-24.178549934990375,-1,0,0,0,1,1,-1
2025-03-04,0.767039104308402,0.0042180911346922645,-23.85872814865164,-1,0,0,0,1,1,-1
2025-03-05,0.7644904920988488,-0.003322662684650507,-24.111719911393944,-1,0,0,0,1,1,-1
2025-03-06,0.762733041400487,-0.0022988522637303332,-24.286175855866237,-1,0,0,0,1,1,-1
2025-03-07,0.7635944620390377,0.001129386812677019,-24.200665661340516,-1,0,0,0,1,1,-1
2025-03-10,0.7666604663011636,0.004015225901375263,-23.896314210796923,-1,0,0,0,1,1,-1
2025-03-11,0.7677809852202933,0.0014615582365108126,-23.78508424200288,-1,0,0,0,1,1,-1
2025-03-12,0.7664974907809894,-0.001671693443847877,-23.91249221699895,-1,0,0,0,1,1,-1
2025-03-13,0.7646605241406735,-0.0023965722815924018,-24.094841429127136,-1,0,0,0,1,1,-1
2025-03-14,0.7673436399330679,0.0035088980111920576,-23.828497969178578,-1,0,0,0,1,1,-1
2025-03-17,0.7632488647339468,-0.005336299131218664,-24.234971889289277,-1,0,0,0,1,1,-1
2025-03-18,0.7589820462866728,-0.005590337102907406,-24.658523937039398,-1,0,0,0,1,1,-1
2025-03-19,0.7599280818251891,0.001246453118548485,-24.564614319244672,-1,0,0,0,1,1,-1
2025-03-20,0.7611217349090981,0.0015707448013263514,-24.446124579350563,-1,-1,0,1,1,1,-1
2025-03-21,0.762507379974891,0.001820530149435821,-24.30857647124055,-1,-1,0,1,0,1,0
2025-03-24,0.7613670290826439,-0.001495527679069436,-24.421775090195975,-1,-1,0,1,0,1,0
2025-03-25,0.75926891895755,-0.0027557144517038334,-24.63004709681405,-1,-1,0,1,0,1,0
2025-03-26,0.7587589204351566,-0.0006716968252745703,-24.680672854900205,-1,-1,0,1,0,1,0
2025-03-27,0.7582537833673442,-0.0006657411915799161,-24.730816033502787,-1,-1,0,1,0,1,0
2025-03-28,0.7585499520741956,0.00039059311453260026,-24.701416408508997,-1,-1,0,1,0,1,0
2025-03-31,0.7610948395556743,0.0033549372385033582,-24.44879438641135,-1,-1,0,1,0,1,0
2025-04-01,0.7629518784876516,0.00243995732918309,-24.264452668545854,-1,-1,0,1,0,1,0
2025-04-02,0.7599403307489075,-0.003947231566836962,-24.56339841170424,-1,-1,0,1,0,1,0
2025-04-03,0.7641203932866335,0.005500514143796764,-24.14845831770786,-1,-1,0,1,0,1,0
2025-04-04,0.7649974494813352,0.001147798439103731,-24.06139603656132,-1,-1,0,1,0,1,0
2025-04-07,0.7773279941653992,0.016118412803106857,-22.83738627018697,-1,-1,0,1,0,1,0
2025-04-08,0.7726393322813783,-0.006031767695508089,-23.302813230983425,-1,-1,0,1,0,1,0
2025-04-09,0.7779348366195576,0.006853785611124985,-22.77714715589217,-1,-1,0,1,0,1,0
2025-04-10,0.7674658328709093,-0.01345743018032261,-23.81636830636707,-1,-1,0,1,0,1,0
2025-04-11,0.7728216814154608,0.006978614962592555,-23.284712074325242,-1,-1,0,1,0,1,0
2025-04-14,0.7708614562827691,-0.002536452042987969,-23.479296723112732,-1,-1,0,1,0,1,0
2025-04-15,0.7712346652424664,0.00048414531126900195,-23.442249583406223,-1,-1,0,1,0,1,0
2025-04-16,0.7707282272939455,-0.0006566586946161745,-23.49252189585754,-1,-1,0,1,0,1,0
2025-04-17,0.7717860430385348,0.0013724886505108724,-23.387516250480395,-1,-1,1,1,0,1,0
2025-04-22,0.773936380811054,0.002786183803030795,-23.174059789147528,-1,-1,1,0,0,1,0
2025-04-23,0.7690512114756879,-0.006312107114342713,-23.658993352918518,-1,-1,1,0,0,1,0
2025-04-24,0.7681719062245864,-0.0011433637162006627,-23.746278889977024,-1,-1,1,0,0,1,0
2025-04-25,0.7675045656861958,-0.0008687385375370504,-23.812523436135898,-1,-1,1,0,0,1,0
2025-04-28,0.7670589411731545,-0.0005806148040863324,-23.856759012914868,-1,-1,1,0,0,1,0
2025-04-29,0.7690775476641458,0.0026316184880186833,-23.656379052195593,-1,-1,1,0,0,1,0
2025-04-30,0.7696000190480068,0.0006793481170367377,-23.604515157056927,-1,-1,1,0,0,1,0
2025-05-01,0.7667456409825433,-0.003708911115925362,-23.887859219997424,-1,-1,1,0,0,1,0
2025-05-02,0.7644066381000454,-0.00305055908697513,-24.120043802682993,-1,-1,1,0,0,1,0
2025-05-05,0.7645335459979807,0.00016602144933058893,-24.107446102379967,-1,-1,1,0,0,1,0
2025-05-06,0.7658863344846449,0.001769429861836036,-23.97315955122252,-1,-1,1,0,0,1,0
2025-05-07,0.763752845276795,-0.002785647310557582,-24.184943514848847,-1,-1,1,0,0,1,0
2025-05-08,0.7660669403863389,0.0030299004761221715,-23.955231439107244,-1,-1,1,0,0,1,0
2025-05-09,0.7639153443618967,-0.002808626649985907,-24.168812802679383,-1,-1,1,0,0,1,0
2025-05-12,0.7628861847393169,-0.0013472168482744906,-24.27097385569627,-1,-1,1,0,0,1,0
2025-05-13,0.759303739445774,-0.004695910563339151,-24.626590589518695,-1,-1,1,0,0,1,0
2025-05-14,0.7579610458926294,-0.0017683220605823058,-24.759875052160556,-1,-1,1,0,0,1,0
2025-05-15,0.7606094857093444,0.003494163494373259,-24.49697375425573,-1,-1,1,0,0,1,0
2025-05-16,0.7638244448687987,0.004226819701645068,-24.1778360753864,-1,-1,1,0,0,1,0
2025-05-19,0.7638895703153775,8.526232305894332e-05,-24.171371301550824,-1,-1,1,1,0,1,0
2025-05-20,0.7638955420180269,7.817494676443105e-06,-24.170778511649647,-1,-1,1,1,0,0,0
2025-05-21,0.766963336936574,0.004015987461378212,-23.866249308946358,-1,-1,1,1,0,0,0
2025-05-22,0.767196457201919,0.0003039522935687211,-23.84310828080583,-1,-1,1,1,0,0,0
2025-05-23,0.7662506942974994,-0.0012327519184185676,-23.93699083517346,-1,-1,1,1,0,0,0
2025-05-26,0.7647702620828866,-0.001932046816570998,-24.083948129889173,-1,-1,1,1,0,0,0
2025-05-27,0.7660714816301591,0.0017014515492910776,-23.954780645818722,-1,-1,1,1,0,0,0
2025-05-28,0.7656542173507213,-0.0005446806067627152,-23.996201002037957,-1,-1,1,1,0,0,0
2025-05-29,0.7639105344187604,-0.002277376513374646,-24.169290268803163,-1,-1,1,1,0,0,0
2025-05-30,0.7675825580353176,0.004806876526910364,-23.804781410177313,-1,-1,1,1,0,0,0
2025-06-02,0.7660612907430938,-0.00198189403380597,-23.955792259305035,-1,-1,1,1,0,0,0
2025-06-03,0.7673792547244491,0.0017204419506394175,-23.82496261420481,-1,-1,1,1,0,0,0
2025-06-04,0.7656176745467445,-0.002295579619672139,-23.99982847755541,-1,-1,1,1,0,0,0
2025-06-05,0.7661704187597269,0.0007219585327751799,-23.94495950523241,-1,-1,1,1,0,0,0
2025-06-06,0.7656455952597363,-0.000684995775274394,-23.997056886659646,-1,-1,1,1,0,0,0
2025-06-09,0.7650450134192395,-0.0007844123236849798,-24.056674531874076,-1,-1,1,1,0,0,0
2025-06-10,0.7649874308546436,-7.526689748424409e-05,-24.0623905503667,-1,-1,1,1,0,0,0
2025-06-11,0.7642822426175333,-0.0009218298349326082,-24.132392104350835,-1,-1,1,1,0,0,0
2025-06-12,0.7667865334905035,0.0032766571474870942,-23.883799964676808,-1,-1,1,1,0,0,0
2025-06-13,0.7690078850772906,0.002896962178867646,-23.663294211975348,-1,-1,1,1,0,0,0
2025-06-16,0.7681723129656165,-0.0010865585748709439,-23.746238514226725,-1,-1,1,1,0,-1,0
2025-06-17,0.7681289111434201,-5.650011262297028e-05,-23.7505468603386,-1,0,1,1,0,-1,0
2025-06-18,0.7680187908954605,-0.00014336167583600679,-23.761478109722272,-1,0,1,1,0,-1,0
2025-06-19,0.766043649527382,-0.0025717357328921553,-23.957543440690383,-1,0,1,1,0,-1,0
2025-06-20,0.76815356006448,0.0027542954483072424,-23.748100048710974,-1,0,1,1,0,-1,0
2025-06-23,0.7702020387854851,0.002666756788620689,-23.544754776870647,-1,0,1,1,0,-1,0
2025-06-24,0.7717515941406771,0.00201188165852606,-23.390935871308113,-1,0,1,1,0,-1,0
2025-06-25,0.7719171622881131,0.00021453554316341883,-23.374500504124036,-1,0,1,1,0,-1,0
2025-06-26,0.7725702406716081,0.0008460472384875239,-23.309671711877826,-1,0,1,1,0,-1,0
2025-06-27,0.7724282546740517,-0.00018378393326790032,-23.323766162054223,-1,0,1,1,0,-1,0
2025-06-30,0.773798452059464,0.001773883046252006,-23.187751490798647,-1,0,1,1,0,-1,0
2025-07-01,0.7738399331368997,5.360708247126311e-05,-23.183633810258005,-1,0,1,1,0,-1,0
2025-07-02,0.7739534291731976,0.00014666603704183157,-23.172367458249,-1,0,1,1,0,-1,0
2025-07-03,0.7738418239930182,-0.00014420141570883893,-23.183446111627077,-1,0,1,1,0,-1,0
2025-07-04,0.7744474066795688,0.0007825664984425773,-23.12333205002823,-1,0,1,1,0,-1,0
2025-07-07,0.7751191236856271,0.0008673500618179841,-23.05665306732946,-1,0,1,1,0,-1,0
2025-07-08,0.7768360146658492,0.0022150027366868996,-22.886223343303737,-1,0,1,1,0,-1,0
2025-07-09,0.7776684253861397,0.0010715398160943412,-22.80359286124668,-1,0,1,1,0,-1,0
2025-07-10,0.7771814950519037,-0.0006261413197973242,-22.85192872149615,-1,0,1,1,0,-1,0
2025-07-11,0.7742905992654586,-0.0037197177298360085,-23.13889777005346,-1,0,1,1,0,-1,0
2025-07-14,0.775722847106084,0.0018497549137032054,-22.996723568530985,1,0,1,1,0,-1,-1
2025-07-15,0.7759419738102749,0.00028248066304648045,-22.97497163194787,1,0,0,1,0,-1,-1
2025-07-16,0.7760352764420339,0.00012024434159799147,-22.96570980812519,1,0,0,1,0,-1,-1
2025-07-17,0.7759679794993762,-8.671892206510434e-05,-22.97239013873269,1,0,0,1,0,-1,-1
2025-07-18,0.7754584909665674,-0.0006565844806347976,-23.02296527194799,1,0,0,1,0,-1,-1
2025-07-21,0.775837305099559,0.0004885034304278335,-22.985361726419175,1,0,0,1,0,-1,-1
2025-07-22,0.7754848109457142,-0.00045434029986418656,-23.020352580266323,1,0,0,1,0,-1,-1
2025-07-23,0.7752008123834928,-0.00036622066378716456,-23.04854411784248,1,0,0,1,0,-1,-1
2025-07-24,0.7751189945735285,-0.00010554401989426587,-23.056665883833002,1,0,0,1,0,-1,-1
2025-07-25,0.7758278881691477,0.0009145609907409424,-22.986296511952816,1,0,0,1,0,-1,-1
2025-07-28,0.7767602265668458,0.001201733544147654,-22.893746561112184,1,0,0,1,0,-1,-1
2025-07-29,0.7750702566501325,-0.0021756648434262116,-23.061503925927493,1,0,0,1,0,-1,-1
2025-07-30,0.7744966695037818,-0.0007400453590230005,-23.11844190287732,1,0,0,1,0,-1,-1
2025-07-31,0.7730368422271864,-0.001884872245520114,-23.263353817926927,1,0,0,1,0,-1,-1
2025-08-01,0.7750044261497361,0.002545265393666035,-23.068038687973704,1,0,0,1,0,-1,-1
2025-08-04,0.7736259351722055,-0.0017786878771506864,-23.20487663492483,1,0,0,1,0,-1,-1
2025-08-05,0.7729374428495134,-0.0008899550692270664,-23.273220844255498,1,0,0,1,0,-1,-1
2025-08-06,0.7740565222810193,0.0014478266538366091,-23.16213376833077,1,0,0,1,0,-1,-1
2025-08-07,0.7751630091825936,0.0014294652518573314,-23.05229670852573,1,0,0,1,0,-1,-1
2025-08-08,0.7743166624901424,-0.0010918305987584476,-23.136310565483544,1,0,0,1,0,-1,-1
2025-08-11,0.7753627564997441,0.0013509899247648172,-23.032468495477264,1,0,1,1,-1,-1,-1
2025-08-12,0.7749623799949008,-0.0005163731446822436,-23.072212461758685,0,0,1,1,-1,-1,0
2025-08-13,0.7758245474860745,0.0011125281864383663,-22.986628129802046,0,0,1,1,-1,-1,0
2025-08-14,0.774756253432268,-0.001376978928120054,-23.09267392005078,0,0,1,1,-1,-1,0
2025-08-15,0.7745940815859836,-0.00020931982874081156,-23.108772148374747,0,0,1,1,-1,-1,0
2025-08-18,0.7748040928354407,0.000271124262952005,-23.08792507089599,0,0,1,1,-1,-1,0
2025-08-19,0.7755188467054207,0.0009224962498123324,-23.016973970208603,0,0,1,1,-1,-1,0
2025-08-20,0.7750682879132041,-0.0005809772310893524,-23.061699355512275,0,0,1,1,-1,-1,0
2025-08-21,0.7758465637287082,0.0010041383806316806,-22.984442654894575,0,0,1,1,-1,-1,0
2025-08-22,0.7761886131558974,0.00044087251678384676,-22.950488612296326,0,0,1,1,-1,-1,0
2025-08-25,0.7764821331740257,0.0003781555322420749,-22.921351913308506,0,0,1,1,-1,-1,0
2025-08-26,0.7756545421585438,-0.0010658210667370827,-23.003503960234926,0,0,1,1,-1,-1,0
2025-08-27,0.7757491247113616,0.00012193901753559944,-22.994115083154153,0,0,1,1,-1,-1,0
2025-08-28,0.7758846603762205,0.0001747158463238918,-22.980660934798994,0,0,1,1,-1,-1,0
2025-08-29,0.7756226286204105,-0.00033771998493040134,-23.006671904827442,0,0,1,1,-1,-1,0
2025-09-01,0.7765321894530357,0.00117268475552737,-22.916383002692918,0,0,1,1,-1,-1,0
2025-09-02,0.7764003889478326,-0.00016972960940098147,-22.929466374897086,0,0,1,1,-1,-1,0
2025-09-03,0.7781070563163288,0.0021981794352383954,-22.760051512819533,0,0,1,1,-1,-1,0
2025-09-04,0.7772846825408213,-0.0010568902682887016,-22.841685662698758,0,0,1,1,-1,-1,0
2025-09-05,0.7773802868063828,0.0001229977480697031,-22.83219536379042,0,0,1,1,-1,-1,0
2025-09-08,0.7790243460243178,0.002114871248779737,-22.668995392433846,0,0,1,1,-1,-1,-1
2025-09-09,0.7777977421721008,-0.001574538534612957,-22.790756039108796,0,0,1,1,0,-1,-1
2025-09-10,0.776267264410335,-0.001967706614179471,-22.94268117912643,0,0,1,1,0,-1,-1
2025-09-11,0.775284308033381,-0.0012662602456908478,-23.04025579858883,0,0,1,1,0,-1,-1
2025-09-12,0.7752137552380032,-9.100248082771767e-05,-23.04725932623502,0,0,1,1,0,-1,-1
2025-09-15,0.7762658827878312,0.0013572095989253796,-22.942818327928975,0,0,1,1,0,-1,-1
2025-09-16,0.7765248257731753,0.0003335751204395776,-22.917113969271977,0,0,1,1,0,-1,-1
2025-09-17,0.7784879881590112,0.002528138599923291,-22.7222377497042,0,0,1,1,0,-1,-1
2025-09-18,0.7795766698497159,0.0013984566329395542,-22.614168150506554,0,0,1,1,0,-1,-1
2025-09-19,0.7807696930872341,0.0015303475381688025,-22.495740933246548,0,0,1,1,0,-1,-1
2025-09-22,0.7804819053078702,-0.0003685949671354549,-22.524308613070122,0,0,1,1,0,-1,-1
2025-09-23,0.7814215748046114,0.001203960643226698,-22.43103092983349,0,0,1,1,0,-1,-1
2025-09-24,0.7821248048009072,0.000899936754973435,-22.36122376352186,0,0,1,1,0,-1,-1
2025-09-25,0.7830193445437025,0.0011437301787442788,-22.27242595209942,0,0,1,1,0,-1,-1
2025-09-26,0.7835851417721459,0.0007225839723960237,-22.216261252879175,0,0,1,1,0,-1,-1
2025-09-29,0.7838693728676107,0.00036273160415217776,-22.188046632546477,0,0,1,1,0,-1,-1
2025-09-30,0.7831463128264688,-0.0009224241514843023,-22.25982225760678,0,0,1,1,0,-1,-1
2025-10-01,0.782184417958431,-0.0012282441381435971,-22.355306175217116,0,0,1,1,0,-1,-1
2025-10-02,0.779894294770593,-0.002927855803897622,-22.582638642673867,0,0,1,1,0,-1,-1
2025-10-03,0.7798847319353237,-1.2261706917870985e-05,-22.583587911669177,0,0,1,1,0,-1,-1
2025-10-06,0.782660055196653,0.003558632638495457,-22.308091340856425,1,-1,1,1,0,-1,-1
2025-10-07,0.7835588064300458,0.0011483289934439145,-22.21887546958713,1,-1,0,1,0,0,-1
2025-10-08,0.7831090369538347,-0.0005740085779397386,-22.263522502269392,1,-1,0,1,0,0,-1
2025-10-09,0.7833529171411079,0.00031142558157912226,-22.239313374554754,1,-1,0,1,0,0,-1
2025-10-10,0.7834917563359823,0.00017723709433684065,-22.225531296403613,1,-1,0,1,0,0,-1
2025-10-13,0.7828288322086249,-0.0008461149999300921,-22.29133744098532,1,-1,0,1,0,0,-1
2025-10-14,0.7835087998582867,0.0008686032267659349,-22.223839445938896,1,-1,0,1,0,0,-1
2025-10-15,0.7836670527996061,0.0002019797880357943,-22.20813023351596,1,-1,0,1,0,0,-1
2025-10-16,0.7848906657604101,0.0015613939062930071,-22.086666482103425,1,-1,0,1,0,0,-1
2025-10-17,0.7838908533355801,-0.0012738238183294393,-22.185914342103967,1,-1,0,1,0,0,-1
